image,text
trocr_data/train_images/train_00000.png,put down a resolution on the subject
trocr_data/train_images/train_00001.png,and he is to be backed by Mr. Will
trocr_data/train_images/train_00002.png,nominating any more Labour life Peers
trocr_data/train_images/train_00003.png,M Ps tomorrow. Mr. Michael Foot has
trocr_data/train_images/train_00004.png,"Griffiths, M P for Manchester Exchange ."
trocr_data/train_images/train_00005.png,is to be made at a meeting of Labour
trocr_data/train_images/train_00006.png,A MOVE to stop Mr. Gaitskell from
trocr_data/train_images/train_00007.png,0M P for Manchester Exchange .
trocr_data/train_images/train_00008.png,A MOVE to stop Mr. Gaitskell from nominating
trocr_data/train_images/train_00009.png,meeting of Labour 0M Ps tommorow . Mr. Michael
trocr_data/train_images/train_00010.png,any more Labour life Peers is to be made at a
trocr_data/train_images/train_00011.png,Foot has put down a resolution on the subject
trocr_data/train_images/train_00012.png,"and he is to be backed by Mr. Will Griffiths ,"
trocr_data/train_images/train_00013.png,"which would appear to "" prop up "" an out-dated"
trocr_data/train_images/train_00014.png,"Though they may gather some Left-wing support , a"
trocr_data/train_images/train_00015.png,"life peers into existence , they should not"
trocr_data/train_images/train_00016.png,and that Labour should not take any steps
trocr_data/train_images/train_00017.png,now put forward nominees . He believes
trocr_data/train_images/train_00018.png,large majority of Labour M Ps are likely to
trocr_data/train_images/train_00019.png,that the House of Lords should be abolished
trocr_data/train_images/train_00020.png,institution .
trocr_data/train_images/train_00021.png,opposed the Government Bill which brought
trocr_data/train_images/train_00022.png,turn down the Foot-Griffiths resolution . Mr.
trocr_data/train_images/train_00023.png,Foot's line will be that as Labour M Ps
trocr_data/train_images/train_00024.png,"into existence , they should not now put"
trocr_data/train_images/train_00025.png,Though they may gather some Left-wing
trocr_data/train_images/train_00026.png,"which would appear to "" prop up "" an out-"
trocr_data/train_images/train_00027.png,House of Lords should be abolished and
trocr_data/train_images/train_00028.png,M Ps are likely to turn down the Foot-
trocr_data/train_images/train_00029.png,that Labour should not take any steps
trocr_data/train_images/train_00030.png,be that as Labour M Ps opposed the
trocr_data/train_images/train_00031.png,forward nominees . He believes that the
trocr_data/train_images/train_00032.png,Government Bill which brought life peers
trocr_data/train_images/train_00033.png,Griffiths resolution . Mr. Foot's line will
trocr_data/train_images/train_00034.png,"support , a large majority of Labour"
trocr_data/train_images/train_00035.png,will be that as Labour 0M Ps opposed the Govern-
trocr_data/train_images/train_00036.png,that Labour should not take any steps which would
trocr_data/train_images/train_00037.png,"appear to "" prop up "" an out-dated institution ."
trocr_data/train_images/train_00038.png,large majority of Labour 0m Ps are likely to turn
trocr_data/train_images/train_00039.png,that the House of Lords should be abolished and
trocr_data/train_images/train_00040.png,"Though they may gather some Left-wing support , a"
trocr_data/train_images/train_00041.png,down the Foot-Griffiths resolution . Mr. Foot's line
trocr_data/train_images/train_00042.png,"ment Bill which brought life peers into existence , they"
trocr_data/train_images/train_00043.png,should not now put forward nominees . He believes
trocr_data/train_images/train_00044.png,get together to face the challenge from Sir
trocr_data/train_images/train_00045.png,members . THE two rival African Nationalist
trocr_data/train_images/train_00046.png,"Roy Welensky , the Federal Premier ."
trocr_data/train_images/train_00047.png,Parties of Northern Rhodesia have agreed to
trocr_data/train_images/train_00048.png,Peeresses have been created . Most Labour
trocr_data/train_images/train_00049.png,Labour has to have an adequate number of
trocr_data/train_images/train_00050.png,sentiment would still favour the abolition
trocr_data/train_images/train_00051.png,"of the House of Lords , but while it remains"
trocr_data/train_images/train_00052.png,"Since 1958 , 13 Labour life Peers and"
trocr_data/train_images/train_00053.png,of members . THE two rival African
trocr_data/train_images/train_00054.png,Peeresses have been created . Most Labour
trocr_data/train_images/train_00055.png,"the challenge from Sir Roy Welensky ,"
trocr_data/train_images/train_00056.png,"of the House of Lords , but while it remains"
trocr_data/train_images/train_00057.png,have agreed to get together to face
trocr_data/train_images/train_00058.png,"Since 1958 , 13 Labour life Peers and"
trocr_data/train_images/train_00059.png,the Federal Premier .
trocr_data/train_images/train_00060.png,Labour has to have an adequate number
trocr_data/train_images/train_00061.png,Nationalist Parties of Northern Rhodesia
trocr_data/train_images/train_00062.png,sentiment would still favour the abolition
trocr_data/train_images/train_00063.png,Peeresses have been created . Most Labour sentiment
trocr_data/train_images/train_00064.png,"Since 1958 , 13 Labour life Peers and"
trocr_data/train_images/train_00065.png,"of Lords , but while it remains Labour has to"
trocr_data/train_images/train_00066.png,"challenge from Sir Roy Welensky , the Federal Premier ."
trocr_data/train_images/train_00067.png,two rival African Nationalist Parties of Northern
trocr_data/train_images/train_00068.png,would still favour the abolition of the House
trocr_data/train_images/train_00069.png,have an adequate number of members . THE
trocr_data/train_images/train_00070.png,Rhodesia have agreed to get together to face the
trocr_data/train_images/train_00071.png,"Party ( 280,000 members ) and Mr. Harry Nkumbula's African"
trocr_data/train_images/train_00072.png,to discuss a common course of action . Sir Roy is
trocr_data/train_images/train_00073.png,Delegates from Mr. Kenneth Kaunda's United National Independence
trocr_data/train_images/train_00074.png,violently opposed to Africans getting an elected majority
trocr_data/train_images/train_00075.png,"in Northern Rhodesia , but the Colonial Secretary ,"
trocr_data/train_images/train_00076.png,"National Congress ( 400,000 ) will meet in London today"
trocr_data/train_images/train_00077.png,"Mr. Iain Macleod , is insisting on a policy of change ."
trocr_data/train_images/train_00078.png,Delegates from Mr. Kenneth Kaunda's
trocr_data/train_images/train_00079.png,"( 280,000 members ) and Mr. Harry Nkumbula's"
trocr_data/train_images/train_00080.png,"majority in Northern Rhodesia , but the"
trocr_data/train_images/train_00081.png,"African National Congress ( 400,000 ) will"
trocr_data/train_images/train_00082.png,meet in London today to discuss a common
trocr_data/train_images/train_00083.png,United National Independence Party
trocr_data/train_images/train_00084.png,"Colonial Secretary , Mr. Iain Macleod ,"
trocr_data/train_images/train_00085.png,course of action . Sir Roy is violently
trocr_data/train_images/train_00086.png,is insisting on a policy of change .
trocr_data/train_images/train_00087.png,opposed to Africans getting an elected
trocr_data/train_images/train_00088.png,"Rhodesia , but the Colonial Secretary , Mr. Iain"
trocr_data/train_images/train_00089.png,getting an elected majority in Northern
trocr_data/train_images/train_00090.png,"National Independence Party ( 280,000 members )"
trocr_data/train_images/train_00091.png,"Congress ( 400,000 ) will meet in London today"
trocr_data/train_images/train_00092.png,to discuss a common course of action .
trocr_data/train_images/train_00093.png,"Macleod , is insisting on a policy of change ."
trocr_data/train_images/train_00094.png,and Mr. Harry Nkumbula's African National
trocr_data/train_images/train_00095.png,Delegates from Mr. Kenneth Kaunda's United
trocr_data/train_images/train_00096.png,Sir Roy is violently opposed to Africans
trocr_data/train_images/train_00097.png,"chief aide , Mr. Julius Greenfield , telephoned"
trocr_data/train_images/train_00098.png,his chief a report on his talks with
trocr_data/train_images/train_00099.png,the talks fall through . There are bound
trocr_data/train_images/train_00100.png,"to be demonstrations . "" Yesterday Sir Roy's"
trocr_data/train_images/train_00101.png,future . Said Mr. Nkumbula last night :
trocr_data/train_images/train_00102.png,Mr. Macmillan at Chequers .
trocr_data/train_images/train_00103.png,""" We want to discuss what to do if the"
trocr_data/train_images/train_00104.png,Sir Roy's United Federal Party is boycotting
trocr_data/train_images/train_00105.png,the London talks on the Protectorate's
trocr_data/train_images/train_00106.png,British Government gives in to Sir Roy and
trocr_data/train_images/train_00107.png,boycotting the London talks on the
trocr_data/train_images/train_00108.png,"do if the British demonstrations . """
trocr_data/train_images/train_00109.png,Sir Roy's United Federal Party is
trocr_data/train_images/train_00110.png,Protectorate's future . Said Mr. Nkumbula
trocr_data/train_images/train_00111.png,at Chequers .
trocr_data/train_images/train_00112.png,"Yesterday Sir Roy's chief aide , Mr."
trocr_data/train_images/train_00113.png,a report on his talks with Mr. Macmillan
trocr_data/train_images/train_00114.png,"Julius Greenfield , telephoned his chief"
trocr_data/train_images/train_00115.png,"last night : "" We want to discuss what to"
trocr_data/train_images/train_00116.png,British Government gives in to Sir Roy
trocr_data/train_images/train_00117.png,and the talks fall through . There are bound
trocr_data/train_images/train_00118.png,future . Said Mr. Nkumbula last night :
trocr_data/train_images/train_00119.png,the London talks on the Protectorate's
trocr_data/train_images/train_00120.png,"chief aide , Mr. Julius Greenfield , telephoned"
trocr_data/train_images/train_00121.png,Macmillan at Chequers .
trocr_data/train_images/train_00122.png,""" We want to discuss what to do if the"
trocr_data/train_images/train_00123.png,Sir Roy's United Federal Party is boycotting
trocr_data/train_images/train_00124.png,his chief a report on his talks with Mr.
trocr_data/train_images/train_00125.png,"to be demonstrations . "" Yesterday Sir Roy's"
trocr_data/train_images/train_00126.png,to the Africans and Liberals attending . These
trocr_data/train_images/train_00127.png,will meet to discuss the function of a
trocr_data/train_images/train_00128.png,majority they are seeking . African delegates
trocr_data/train_images/train_00129.png,are studying them today . The conference
trocr_data/train_images/train_00130.png,plans do not give the Africans the overall
trocr_data/train_images/train_00131.png,proposed House of Chiefs .
trocr_data/train_images/train_00132.png,Lancaster House despite the crisis which had
trocr_data/train_images/train_00133.png,Mr. Macleod went on with the conference at
trocr_data/train_images/train_00134.png,blown up . He has now revealed his full plans
trocr_data/train_images/train_00135.png,Mr. Macleod went on with the conference
trocr_data/train_images/train_00136.png,at Lancaster House despite the crisis
trocr_data/train_images/train_00137.png,them today . The conference will meet
trocr_data/train_images/train_00138.png,attending . These plans do not give the
trocr_data/train_images/train_00139.png,Africans the overall majority they are
trocr_data/train_images/train_00140.png,House of Chiefs .
trocr_data/train_images/train_00141.png,seeking . African delegates are studying
trocr_data/train_images/train_00142.png,to discuss the function of a proposed
trocr_data/train_images/train_00143.png,which had blown up . He has now revealed
trocr_data/train_images/train_00144.png,his full plans to the Africans and Liberals
trocr_data/train_images/train_00145.png,studying them today . The conference will meet
trocr_data/train_images/train_00146.png,to discuss the function of a proposed House
trocr_data/train_images/train_00147.png,blown up . He has now revealed his full plans
trocr_data/train_images/train_00148.png,to the Africans and Liberals attending . These
trocr_data/train_images/train_00149.png,plans do not give the Africans the overall majo-
trocr_data/train_images/train_00150.png,rity they are seeking . African delegates are
trocr_data/train_images/train_00151.png,Mr. Macleod went on with the conference at
trocr_data/train_images/train_00152.png,Lancaster House despite the crisis which had
trocr_data/train_images/train_00153.png,of Chiefs .
trocr_data/train_images/train_00154.png,secret negotiations on Northern Rhodesia's future .
trocr_data/train_images/train_00155.png,"Minister of the Central African Federation , went"
trocr_data/train_images/train_00156.png,in the Commons last night that there have been
trocr_data/train_images/train_00157.png,to Chequers at the week-end for talks with
trocr_data/train_images/train_00158.png,"MR. IAIN MACLEOD , the Colonial Secretary , denied"
trocr_data/train_images/train_00159.png,"But representatives of Sir Roy Welensky , Prime"
trocr_data/train_images/train_00160.png,The Northern Rhodesia conference in London has
trocr_data/train_images/train_00161.png,Mr. Macmillan .
trocr_data/train_images/train_00162.png,been boycotted by the two main settlers' parties -
trocr_data/train_images/train_00163.png,the United Federal Party and the Dominion Party .
trocr_data/train_images/train_00164.png,boycotted by the two main settlers' parties -
trocr_data/train_images/train_00165.png,there have been secret negotiations on
trocr_data/train_images/train_00166.png,Party . But representatives of Sir Roy
trocr_data/train_images/train_00167.png,Rhodesia conference in London has been
trocr_data/train_images/train_00168.png,the week-end for talks with Mr. Macmillan .
trocr_data/train_images/train_00169.png,the United Federal Party and the Dominion
trocr_data/train_images/train_00170.png,denied in the Commons last night that
trocr_data/train_images/train_00171.png,"Welensky , Prime Minister of the Central"
trocr_data/train_images/train_00172.png,"African Federation , went to Chequers at"
trocr_data/train_images/train_00173.png,Northern Rhodesia's future . The Northern
trocr_data/train_images/train_00174.png,"MR. IAIN MACLEOD , the Colonial Secretary ,"
trocr_data/train_images/train_00175.png,in the Commons last night that there have
trocr_data/train_images/train_00176.png,"Central African Federation , went to Chequers"
trocr_data/train_images/train_00177.png,"Mr. Iain Macleod , the Colonial Secretary , denied"
trocr_data/train_images/train_00178.png,future . The Northern Rhodesia conference in
trocr_data/train_images/train_00179.png,been secret negotiations on the Northern Rhodesia's
trocr_data/train_images/train_00180.png,and the Dominion Party . But representatives
trocr_data/train_images/train_00181.png,London has been boycotted by the two main
trocr_data/train_images/train_00182.png,settlers' parties - the United Federal Party
trocr_data/train_images/train_00183.png,at the week-end for talks with Mr. Macmillan .
trocr_data/train_images/train_00184.png,"of Sir Roy Welensky , Prime Minister of the"
trocr_data/train_images/train_00185.png,He said Britain had an obligation to consult the Federal
trocr_data/train_images/train_00186.png,refusing to sit round the conference table .
trocr_data/train_images/train_00187.png,"M Ps yesterday : "" I have no knowledge of secret negotiations . """
trocr_data/train_images/train_00188.png,Government . But the final decision remained with the British
trocr_data/train_images/train_00189.png,"Government . Mr. James Callaghan , Labour's Colonial spokesman ,"
trocr_data/train_images/train_00190.png,said Sir Roy had no right to delay progress in the talks by
trocr_data/train_images/train_00191.png,Mr. Macleod was not at the week-end meeting . But he told
trocr_data/train_images/train_00192.png,Northern Rhodesia is a member of the Federation .
trocr_data/train_images/train_00193.png,He said Britain had an obligation to consult
trocr_data/train_images/train_00194.png,the Federal Government . But the final
trocr_data/train_images/train_00195.png,"have no knowledge of secret negotiations . """
trocr_data/train_images/train_00196.png,"spokesman , said Sir Roy had no right to"
trocr_data/train_images/train_00197.png,"Mr. James Callaghan , Labour's Colonial"
trocr_data/train_images/train_00198.png,"meeting . But he told M Ps yesterday : "" I"
trocr_data/train_images/train_00199.png,Northern Rhodesia is a member of the Federation .
trocr_data/train_images/train_00200.png,decision remained with the British Government .
trocr_data/train_images/train_00201.png,Mr. Macleod was not at the week-end
trocr_data/train_images/train_00202.png,delay progress in the talks by refusing
trocr_data/train_images/train_00203.png,to sit round the conference table .
trocr_data/train_images/train_00204.png,"the Federal Government . Mr. James Callaghan ,"
trocr_data/train_images/train_00205.png,Northern Rhodesia is a member of the Fede-
trocr_data/train_images/train_00206.png,said Britain had an obligation to consult
trocr_data/train_images/train_00207.png,refusing to sit round the conference table .
trocr_data/train_images/train_00208.png,"have no knowledge of secret negotiations . "" He"
trocr_data/train_images/train_00209.png,"Labour's Colonial spokesman , said Sir Roy had"
trocr_data/train_images/train_00210.png,no right to delay progress in the talks by
trocr_data/train_images/train_00211.png,ration . Mr. Macleod was not at the week-end
trocr_data/train_images/train_00212.png,"meeting . But he told M Ps yesterday : "" I"
trocr_data/train_images/train_00213.png,"negotiations with Sir Roy's representative ,"
trocr_data/train_images/train_00214.png,"sent from the Government were "" unsatisfac-"
trocr_data/train_images/train_00215.png,Mr. Julius Greenfield . He was at Che-
trocr_data/train_images/train_00216.png,day called on Mr. Macmillan to cease his
trocr_data/train_images/train_00217.png,"tory . "" African delegates to the talks yester-"
trocr_data/train_images/train_00218.png,parties had refused to attend the talks
trocr_data/train_images/train_00219.png,Mr. Macleod thought the two Rhodesian
trocr_data/train_images/train_00220.png,Sir Roy's Federal Government in the
trocr_data/train_images/train_00221.png,"regarded with "" growing anger "" the "" gross"
trocr_data/train_images/train_00222.png,"and unconstitutional "" interference by"
trocr_data/train_images/train_00223.png,quers last week-end . They said they
trocr_data/train_images/train_00224.png,because Sir Roy had found messages
trocr_data/train_images/train_00225.png,talks .
trocr_data/train_images/train_00226.png,interference by Sir Roy's Federal Government in the talks .
trocr_data/train_images/train_00227.png,had found messages sent from the Government were
trocr_data/train_images/train_00228.png,at Chequers last week-end . They said they regarded
trocr_data/train_images/train_00229.png,called on Mr. Macmillan to cease his negotiations with
trocr_data/train_images/train_00230.png,had refused to attend the talks because Sir Roy
trocr_data/train_images/train_00231.png,"with "" growing anger "" the gross and unconstitutional """
trocr_data/train_images/train_00232.png,""" unsatisfactory . "" African delegates to the talks yesterday"
trocr_data/train_images/train_00233.png,Mr. Macleod thought the two Rhodesian parties
trocr_data/train_images/train_00234.png,"Sir Roy's representative , Mr. Julius Greenfield . He was"
trocr_data/train_images/train_00235.png,racial discrimination in Government
trocr_data/train_images/train_00236.png,defended the appointment of a Negro as
trocr_data/train_images/train_00237.png,strong opposition from the anti-Negro
trocr_data/train_images/train_00238.png,his Housing Minister . It has aroused
trocr_data/train_images/train_00239.png,and State housing projects .
trocr_data/train_images/train_00240.png,Informal talks at Lancaster House will
trocr_data/train_images/train_00241.png,B.Kaufmann
trocr_data/train_images/train_00242.png,senators of the Deep South . The negro
trocr_data/train_images/train_00243.png,resume today . President Kennedy today
trocr_data/train_images/train_00244.png,is Mr. Robert Weaver of New York . One
trocr_data/train_images/train_00245.png,of his tasks will be to see there is no
trocr_data/train_images/train_00246.png,Deep South . The negro is Mr. Robert
trocr_data/train_images/train_00247.png,Weaver of New York . One of his tasks will
trocr_data/train_images/train_00248.png,in Government and State housing
trocr_data/train_images/train_00249.png,his Housing Minister . It has aroused strong
trocr_data/train_images/train_00250.png,defended the appointment of a Negro as
trocr_data/train_images/train_00251.png,projects .
trocr_data/train_images/train_00252.png,opposition from the anti-Negro senators of the
trocr_data/train_images/train_00253.png,Informal talks at Lancaster House will
trocr_data/train_images/train_00254.png,resume today . PRESIDENT KENNEDY today
trocr_data/train_images/train_00255.png,be to see there is no racial discrimination
trocr_data/train_images/train_00256.png,the appointment of a Negro as his Housing Minister .
trocr_data/train_images/train_00257.png,senators of the Deep South . The negro is Mr.
trocr_data/train_images/train_00258.png,will be to see there is no racial discrimination
trocr_data/train_images/train_00259.png,in Government and State housing projects .
trocr_data/train_images/train_00260.png,today . PRESIDENT KENNEDY today defended
trocr_data/train_images/train_00261.png,It has aroused strong opposition from the anti-Negro
trocr_data/train_images/train_00262.png,Informal talks at Lancaster House will resume
trocr_data/train_images/train_00263.png,Robert Weaver of New York . One of his tasks
trocr_data/train_images/train_00264.png,that Weaver once had Communist affiliations .
trocr_data/train_images/train_00265.png,"by another Southern Senator - Willis Robertson ,"
trocr_data/train_images/train_00266.png,off the opposition by telling a television
trocr_data/train_images/train_00267.png,of Virginia - met today in closed session
trocr_data/train_images/train_00268.png,"audience it was "" current Washington gossip """
trocr_data/train_images/train_00269.png,Robertson later disclosed he had sent a letter
trocr_data/train_images/train_00270.png,to Mr. Kennedy saying he had received several
trocr_data/train_images/train_00271.png,complaints about Weaver's loyalty .
trocr_data/train_images/train_00272.png,to discuss Weaver's appointment . Senator
trocr_data/train_images/train_00273.png,Senator Allen Ellender of Louisiana sparked
trocr_data/train_images/train_00274.png,"The Senate Banking Committee , which is headed"
trocr_data/train_images/train_00275.png,discuss Weaver's appointment . Senator
trocr_data/train_images/train_00276.png,Virginia - met today in closed session to
trocr_data/train_images/train_00277.png,"Southern Senator - Willis Robertson , of"
trocr_data/train_images/train_00278.png,"Committee , which is headed by another"
trocr_data/train_images/train_00279.png,Robertson later disclosed he had sent a letter
trocr_data/train_images/train_00280.png,to Mr. Kennedy saying he had received
trocr_data/train_images/train_00281.png,"Washington gossip "" that Weaver once had"
trocr_data/train_images/train_00282.png,Communist affiliations . The Senate Banking
trocr_data/train_images/train_00283.png,"Senator Allen Ellender , of Louisiana ,"
trocr_data/train_images/train_00284.png,"television audience it was "" current"
trocr_data/train_images/train_00285.png,sparked off the opposition by telling a
trocr_data/train_images/train_00286.png,"Willis Robertson , of Virginia - met today in"
trocr_data/train_images/train_00287.png,letter to Mr. Kennedy saying he had received several
trocr_data/train_images/train_00288.png,"gossip "" that Weaver once had Communist affilia-"
trocr_data/train_images/train_00289.png,complaints about Weaver's loyalty .
trocr_data/train_images/train_00290.png,"Senator Allen Ellender , of Louisiana ,"
trocr_data/train_images/train_00291.png,Senator Robertson later disclosed he had sent a
trocr_data/train_images/train_00292.png,closed session to discuss Weaver's appointment .
trocr_data/train_images/train_00293.png,"tions . The Senate Banking Committee , which"
trocr_data/train_images/train_00294.png,is headed by another Southern Senator -
trocr_data/train_images/train_00295.png,sparked off the opposition by telling a
trocr_data/train_images/train_00296.png,"television audience it was "" current Washington"
trocr_data/train_images/train_00297.png,Robertson saying the Federal Bureau of In-
trocr_data/train_images/train_00298.png,"He believed he would perform "" outstanding"
trocr_data/train_images/train_00299.png,He said these concerned Mr. Weaver's
trocr_data/train_images/train_00300.png,Mr. Kennedy rushed a letter to Senator
trocr_data/train_images/train_00301.png,committee has to pass Mr. Weaver's
trocr_data/train_images/train_00302.png,alleged association with organisations black-
trocr_data/train_images/train_00303.png,"service "" in his post . Senator Robertson's"
trocr_data/train_images/train_00304.png,vestigation had reported on Mr. Weaver .
trocr_data/train_images/train_00305.png,nomination before it can be con-
trocr_data/train_images/train_00306.png,sidered by the full Senate .
trocr_data/train_images/train_00307.png,listed by the Government . Immediately
trocr_data/train_images/train_00308.png,has to pass Mr. Weaver's nomination before it
trocr_data/train_images/train_00309.png,"he would perform "" outstanding service """
trocr_data/train_images/train_00310.png,alleged association with organisations black-
trocr_data/train_images/train_00311.png,listed by the Government . Immediately Mr.
trocr_data/train_images/train_00312.png,He said these concerned Mr. Weaver's
trocr_data/train_images/train_00313.png,saying the Federal Bureau of Investigation had
trocr_data/train_images/train_00314.png,Kennedy rushed a letter to Senator Robertson
trocr_data/train_images/train_00315.png,reported on Mr. Weaver . He believed
trocr_data/train_images/train_00316.png,can be considered by the full Senate .
trocr_data/train_images/train_00317.png,in his post . Senator Robertson's committee
trocr_data/train_images/train_00318.png,association with organisations black-listed by the
trocr_data/train_images/train_00319.png,nomination before it can be considered by the
trocr_data/train_images/train_00320.png,committee has to pass Mr. Weaver's
trocr_data/train_images/train_00321.png,full Senate .
trocr_data/train_images/train_00322.png,of Investigation had reported on Mr. Weaver .
trocr_data/train_images/train_00323.png,He said these concerned Mr. Weaver's alleged
trocr_data/train_images/train_00324.png,"He believed he would perform "" outstanding"
trocr_data/train_images/train_00325.png,Government . Immediately Mr. Kennedy rushed a letter
trocr_data/train_images/train_00326.png,to Senator Robertson saying the Federal Bureau
trocr_data/train_images/train_00327.png,"service "" in his post . Senator Robertson's"
trocr_data/train_images/train_00328.png,mention personal talks with Dr.
trocr_data/train_images/train_00329.png,over West Germany's cash offer to help
trocr_data/train_images/train_00330.png,Germany to pay more . He did not
trocr_data/train_images/train_00331.png,not good enough . And he indicated
trocr_data/train_images/train_00332.png,day that the offer - 357million - was
trocr_data/train_images/train_00333.png,He said bluntly in Washington yester-
trocr_data/train_images/train_00334.png,"Adenauer , the West German Chancellor ."
trocr_data/train_images/train_00335.png,America's balance of payments position .
trocr_data/train_images/train_00336.png,PRESIDENT KENNEDY is ready to get tough
trocr_data/train_images/train_00337.png,that his Government would try to get
trocr_data/train_images/train_00338.png,And he indicated that his Government
trocr_data/train_images/train_00339.png,PRESIDENT KENNEDY is ready to get tough
trocr_data/train_images/train_00340.png,would try to get Germany to pay more . He
trocr_data/train_images/train_00341.png,America's balance of payments position . He
trocr_data/train_images/train_00342.png,over West Germany's cash offer to help
trocr_data/train_images/train_00343.png,said bluntly in Washington yesterday that
trocr_data/train_images/train_00344.png,"Adenauer , the West German Chancellor ."
trocr_data/train_images/train_00345.png,the offer - 357million - was not good enough .
trocr_data/train_images/train_00346.png,did not mention personal talks with Dr.
trocr_data/train_images/train_00347.png,help America's balance of payments position
trocr_data/train_images/train_00348.png,tough over West Germany's cash offer to
trocr_data/train_images/train_00349.png,"talks with Dr. Adenauer , the West"
trocr_data/train_images/train_00350.png,Government would try to get Germany to
trocr_data/train_images/train_00351.png,He said bluntly in Washington yesterday
trocr_data/train_images/train_00352.png,pay more . He did not mention personal
trocr_data/train_images/train_00353.png,German Chancellor .
trocr_data/train_images/train_00354.png,PRESIDENT KENNEDY is ready to get
trocr_data/train_images/train_00355.png,that the offer - 357million - was not good
trocr_data/train_images/train_00356.png,enough . And he indicated that his
trocr_data/train_images/train_00357.png,due in Washington next week . A big
trocr_data/train_images/train_00358.png,useful . The President will probably
trocr_data/train_images/train_00359.png,anyway .
trocr_data/train_images/train_00360.png,United States officials quickly point out
trocr_data/train_images/train_00361.png,"discuss the problem with Dr. Brentano ,"
trocr_data/train_images/train_00362.png,payment of a 210million debt to America .
trocr_data/train_images/train_00363.png,"level than in the past "" might be"
trocr_data/train_images/train_00364.png,"But he said discussions "" on a higher"
trocr_data/train_images/train_00365.png,"slice of Germany's "" aid "" is the early"
trocr_data/train_images/train_00366.png,"the West German Foreign Minister , who is"
trocr_data/train_images/train_00367.png,that this is money due to America
trocr_data/train_images/train_00368.png,to America anyway .
trocr_data/train_images/train_00369.png,"But he said discussions "" on a higher"
trocr_data/train_images/train_00370.png,"Foreign Minister , who is due in Washington"
trocr_data/train_images/train_00371.png,is the early payment of a 210million
trocr_data/train_images/train_00372.png,The President will probably discuss the
trocr_data/train_images/train_00373.png,"problem with Dr. Brentano , the West German"
trocr_data/train_images/train_00374.png,"level than in the past "" might be useful ."
trocr_data/train_images/train_00375.png,debt to America . United States officials
trocr_data/train_images/train_00376.png,"next week . A big slice of Germany's "" aid """
trocr_data/train_images/train_00377.png,quickly point out that this is money due
trocr_data/train_images/train_00378.png,this is money due to America anyway .
trocr_data/train_images/train_00379.png,"German Foreign Minister , who is due in"
trocr_data/train_images/train_00380.png,Washington next week . A big slice of
trocr_data/train_images/train_00381.png,"level than in the past "" might be useful ."
trocr_data/train_images/train_00382.png,The President will probably discuss the
trocr_data/train_images/train_00383.png,States officials quickly point out that
trocr_data/train_images/train_00384.png,"Germany's "" aid "" is the early payment"
trocr_data/train_images/train_00385.png,of a 210million debt to America . United
trocr_data/train_images/train_00386.png,"problem with Dr. Brentano , the West"
trocr_data/train_images/train_00387.png,"But he said discussions "" on a higher"
trocr_data/train_images/train_00388.png,flatly rejected attempts by the Eisenhower
trocr_data/train_images/train_00389.png,And they are unimpressed by the Germans' claim
trocr_data/train_images/train_00390.png,that they cannot pay more than 357million
trocr_data/train_images/train_00391.png,or for the present . The Adenauer Government
trocr_data/train_images/train_00392.png,without upsetting their own economy . The
trocr_data/train_images/train_00393.png,sum towards the cost of keeping American
trocr_data/train_images/train_00394.png,Government to get them to pay a regular
trocr_data/train_images/train_00395.png,good and is not paying for the past
trocr_data/train_images/train_00396.png,Americans say Germany is having it too
trocr_data/train_images/train_00397.png,troops in Germany .
trocr_data/train_images/train_00398.png,answer is the once-and-for-all cash
trocr_data/train_images/train_00399.png,West German Government . It will now have
trocr_data/train_images/train_00400.png,to pay more - and increase taxation to do
trocr_data/train_images/train_00401.png,the new American administration .
trocr_data/train_images/train_00402.png,rejection of it is a painful blow to the
trocr_data/train_images/train_00403.png,so - or run the obvious risks in upsetting
trocr_data/train_images/train_00404.png,America's dollar reserves . Dr. Adenauer's
trocr_data/train_images/train_00405.png,offer of 357million . President Kennedy's
trocr_data/train_images/train_00406.png,These support costs are a big drain on
trocr_data/train_images/train_00407.png,West German Government . It will now have to pay
trocr_data/train_images/train_00408.png,dollar reserves . Dr. Adenauer's answer is the
trocr_data/train_images/train_00409.png,run the obvious risks in upsetting the new
trocr_data/train_images/train_00410.png,Kennedy's rejection of it is a painful blow to the
trocr_data/train_images/train_00411.png,American administration .
trocr_data/train_images/train_00412.png,These support costs are a big drain on America's
trocr_data/train_images/train_00413.png,more - and increase taxation to do so - or
trocr_data/train_images/train_00414.png,once-and-for-all cash offer of 357million . President
trocr_data/train_images/train_00415.png,was waiting for his senior military
trocr_data/train_images/train_00416.png,spot . Joyce Egginton cables : President
trocr_data/train_images/train_00417.png,Kennedy at his Washington Press con-
trocr_data/train_images/train_00418.png,ference admitted he did not know
trocr_data/train_images/train_00419.png,February 20 .
trocr_data/train_images/train_00420.png,whether America was lagging behind
trocr_data/train_images/train_00421.png,"And , since this is election year in West"
trocr_data/train_images/train_00422.png,aides to come up with the answer on
trocr_data/train_images/train_00423.png,Russia in missile power . He said he
trocr_data/train_images/train_00424.png,"Germany , Dr. Adenauer is in a tough"
trocr_data/train_images/train_00425.png,"And , since this is election year in West"
trocr_data/train_images/train_00426.png,lagging behind Russia in missile power .
trocr_data/train_images/train_00427.png,"Germany , Dr. Adenauer is in a tough spot ."
trocr_data/train_images/train_00428.png,he did not know whether America was
trocr_data/train_images/train_00429.png,at his Washington Press conference admitted
trocr_data/train_images/train_00430.png,Joyce Egginton cables : President Kennedy
trocr_data/train_images/train_00431.png,He said he was waiting for his senior
trocr_data/train_images/train_00432.png,military aides to come up with the answer
trocr_data/train_images/train_00433.png,on February 20 .
trocr_data/train_images/train_00434.png,in personality last night dominated
trocr_data/train_images/train_00435.png,CHILDREN TWO men who are poles apart
trocr_data/train_images/train_00436.png,slackness in the Eisenhower Administration
trocr_data/train_images/train_00437.png,This surprising statement was a sharp about-
trocr_data/train_images/train_00438.png,did his best to avoid giving Pressmen
trocr_data/train_images/train_00439.png,in nuclear development . President Kennedy
trocr_data/train_images/train_00440.png,had caused America to lag behind Russia
trocr_data/train_images/train_00441.png,face from his warnings during the
trocr_data/train_images/train_00442.png,Presidential election campaign . He claimed
trocr_data/train_images/train_00443.png,a direct answer . George Brown
trocr_data/train_images/train_00444.png,"Mr. Brown , passionate and warm-hearted , led"
trocr_data/train_images/train_00445.png,always come first .
trocr_data/train_images/train_00446.png,issue behind the Health Service ; the other
trocr_data/train_images/train_00447.png,tried to show that the balance-sheet must
trocr_data/train_images/train_00448.png,to angry uproar . One dealt with the human
trocr_data/train_images/train_00449.png,ment - and ended by inciting Labour M Ps
trocr_data/train_images/train_00450.png,"unemotional , replied with a statistical state-"
trocr_data/train_images/train_00451.png,"charges . Mr. Powell , white-faced and outwardly"
trocr_data/train_images/train_00452.png,Labour's attack on the higher health
trocr_data/train_images/train_00453.png,statistical statement - and ended by inciting
trocr_data/train_images/train_00454.png,balance-sheet must always come first .
trocr_data/train_images/train_00455.png,"charges . Mr. Powell , white-faced and"
trocr_data/train_images/train_00456.png,with the human issue behind the Health
trocr_data/train_images/train_00457.png,Service ; the other tried to show that the
trocr_data/train_images/train_00458.png,"outwardly unemotional , replied with a"
trocr_data/train_images/train_00459.png,Labour M Ps to angry uproar . One dealt
trocr_data/train_images/train_00460.png,"Mr. Brown , passionate and warm-hearted ,"
trocr_data/train_images/train_00461.png,led Labour's attack on the higher health
trocr_data/train_images/train_00462.png,people far beyond the ranks of Labour
trocr_data/train_images/train_00463.png,""" undermining the Health Service "" and"
trocr_data/train_images/train_00464.png,censure motion on the Government for
trocr_data/train_images/train_00465.png,The result of the vote was not in
trocr_data/train_images/train_00466.png,able to bear them . Mr. Brown
trocr_data/train_images/train_00467.png,doubt . For the Tories were massed
trocr_data/train_images/train_00468.png,was monstrous . It had offended many
trocr_data/train_images/train_00469.png,placing heavy burdens on those least
trocr_data/train_images/train_00470.png,declared that the policy under censure
trocr_data/train_images/train_00471.png,in answer to their whips to defeat a
trocr_data/train_images/train_00472.png,supporters .
trocr_data/train_images/train_00473.png,For the Tories were massed in answer to
trocr_data/train_images/train_00474.png,many people far beyond the ranks of
trocr_data/train_images/train_00475.png,The result of the vote was not in doubt .
trocr_data/train_images/train_00476.png,"on the Government for "" undermining the"
trocr_data/train_images/train_00477.png,Brown declared that the policy under
trocr_data/train_images/train_00478.png,censure was monstrous . It had offended
trocr_data/train_images/train_00479.png,Labour supporters .
trocr_data/train_images/train_00480.png,on those least able to bear them . Mr.
trocr_data/train_images/train_00481.png,their whips to defeat a censure motion
trocr_data/train_images/train_00482.png,"Health Service "" and placing heavy burdens"
trocr_data/train_images/train_00483.png,this letter which Mr. Gaitskell had received :
trocr_data/train_images/train_00484.png,whole principle of the State service and
trocr_data/train_images/train_00485.png,by my party's proposal to prostitute the
trocr_data/train_images/train_00486.png,"has practised medicine for 43 years , chiefly"
trocr_data/train_images/train_00487.png,Conservative . I am horrified and amazed
trocr_data/train_images/train_00488.png,"The Press , many doctors and public were"
trocr_data/train_images/train_00489.png,to render that service a hardship to poor
trocr_data/train_images/train_00490.png,""" My background is a doctor of 68 , who"
trocr_data/train_images/train_00491.png,"as a panel doctor . "" I am a lifelong"
trocr_data/train_images/train_00492.png,denouncing the proposals . He quoted from
trocr_data/train_images/train_00493.png,people .
trocr_data/train_images/train_00494.png,quantity surveyor . We have descended
trocr_data/train_images/train_00495.png,""" After a lifetime of helping others and"
trocr_data/train_images/train_00496.png,"the increased charges is a wicked ,"
trocr_data/train_images/train_00497.png,"healing the sick , my considered"
trocr_data/train_images/train_00498.png,opinion is that anybody supporting
trocr_data/train_images/train_00499.png,needs an imaginative architect to
trocr_data/train_images/train_00500.png,"old - . "" Mr. Brown went on : "" We"
trocr_data/train_images/train_00501.png,with bills of cost .
trocr_data/train_images/train_00502.png,are dealing with a noble edifice which
trocr_data/train_images/train_00503.png,"improve it , but it has got a"
trocr_data/train_images/train_00504.png,from the real problems to fiddling about
trocr_data/train_images/train_00505.png,fiddling about with bills of cost .
trocr_data/train_images/train_00506.png,""" After a lifetime of helping others and"
trocr_data/train_images/train_00507.png,"healing the sick , my considered opinion is that"
trocr_data/train_images/train_00508.png,anybody supporting the increased charges is a
trocr_data/train_images/train_00509.png,"it , but it has got a quantity surveyor . We"
trocr_data/train_images/train_00510.png,"wicked , old - . "" Mr. Brown went on : "" We"
trocr_data/train_images/train_00511.png,are dealing with a noble edifice which
trocr_data/train_images/train_00512.png,needs an imaginative architect to improve
trocr_data/train_images/train_00513.png,have descended from the real problems to
trocr_data/train_images/train_00514.png,"never were . "" Interrupted by angry Tories , Mr. Brown retorted :"
trocr_data/train_images/train_00515.png,"people , is good and attainable . "" We remain for it . But the Tories"
trocr_data/train_images/train_00516.png,"We believe that a comprehensive medical service , free to the patient"
trocr_data/train_images/train_00517.png,at the point of need and with one standard for all sick
trocr_data/train_images/train_00518.png,""" The jackals bay when there is nothing better they can do . """
trocr_data/train_images/train_00519.png,"sick people , is good and attainable ."
trocr_data/train_images/train_00520.png,"Mr. Brown retorted : "" The jackals bay"
trocr_data/train_images/train_00521.png,"when there is nothing better they can do . """
trocr_data/train_images/train_00522.png,"never were . "" Interrupted by angry Tories ,"
trocr_data/train_images/train_00523.png,""" We remain for it . But the Tories"
trocr_data/train_images/train_00524.png,of need and with one standard for all
trocr_data/train_images/train_00525.png,""" We believe that a comprehensive medical"
trocr_data/train_images/train_00526.png,"service , free to the patient at the point"
trocr_data/train_images/train_00527.png,He told them that their conception of social services was wholly
trocr_data/train_images/train_00528.png,the Korean war .
trocr_data/train_images/train_00529.png,wretched - but it would not be too comfortable nor too easy to
trocr_data/train_images/train_00530.png,get . Answering jeers that it was Labour which first put a
trocr_data/train_images/train_00531.png,"ceiling on health spending and started charges , Mr. Brown"
trocr_data/train_images/train_00532.png,reminded the hostile Government benches that was
trocr_data/train_images/train_00533.png,would provide an ambulance service for the absolutely
trocr_data/train_images/train_00534.png,different - fundamentally different from that of Labour . They
trocr_data/train_images/train_00535.png,done in 1950 because of the financial strain of
trocr_data/train_images/train_00536.png,nor too easy to get . Answering jeers that
trocr_data/train_images/train_00537.png,services was wholly different - fundamentally
trocr_data/train_images/train_00538.png,He told them that their conception of social
trocr_data/train_images/train_00539.png,provide an ambulance service for the absolutely
trocr_data/train_images/train_00540.png,different from that of Labour . They would
trocr_data/train_images/train_00541.png,Brown reminded the hostile Government benches
trocr_data/train_images/train_00542.png,"on health spending and started charges , Mr."
trocr_data/train_images/train_00543.png,strain of the Korean war .
trocr_data/train_images/train_00544.png,that was done in 1950 because of the financial
trocr_data/train_images/train_00545.png,wretched - but it would not be too comfortable
trocr_data/train_images/train_00546.png,it was Labour which first put a ceiling
trocr_data/train_images/train_00547.png,take ruthless action against the drug making
trocr_data/train_images/train_00548.png,per cent. in the last eight years .
trocr_data/train_images/train_00549.png,unsmiling Mr. Powell . He demanded that instead
trocr_data/train_images/train_00550.png,Then Mr. Brown swung his attack directly to the
trocr_data/train_images/train_00551.png,needy than Labour had to make it in 1950 . And
trocr_data/train_images/train_00552.png,"In fact , the Tories made it worse now for the sick and"
trocr_data/train_images/train_00553.png,of taking it out of the patients Mr. Powell should
trocr_data/train_images/train_00554.png,"industry , whose profits had risen by up to 400"
trocr_data/train_images/train_00555.png,"as a percentage of social service expenditure ,"
trocr_data/train_images/train_00556.png,health had fallen from 28.5 to 23.1 per cent.
trocr_data/train_images/train_00557.png,that instead of taking it out of the
trocr_data/train_images/train_00558.png,to make it in 1950 . And as a percentage
trocr_data/train_images/train_00559.png,"of social service expenditure , health had"
trocr_data/train_images/train_00560.png,fallen from 28.5 to 23.1 per cent. Then
trocr_data/train_images/train_00561.png,Mr. Brown swung his attack directly to
trocr_data/train_images/train_00562.png,for the sick and needy than Labour had
trocr_data/train_images/train_00563.png,"action against the drug making industry ,"
trocr_data/train_images/train_00564.png,"In fact , the Tories made it worse now"
trocr_data/train_images/train_00565.png,whose profits had risen by up to 400 per
trocr_data/train_images/train_00566.png,the unsmiling Mr. Powell . He demanded
trocr_data/train_images/train_00567.png,patients Mr. Powell should take ruthless
trocr_data/train_images/train_00568.png,to the welfare food scheme . It was maintained
trocr_data/train_images/train_00569.png,during the war . Now in conditions of Tory
trocr_data/train_images/train_00570.png,"industry , "" Mr. Brown commented icily . "" Let us have a"
trocr_data/train_images/train_00571.png,"industry . "" The health of children today owed much"
trocr_data/train_images/train_00572.png,affluence it seemed it could not be carried on .
trocr_data/train_images/train_00573.png,full inquiry into the cost of drugs and the pharmaceutical
trocr_data/train_images/train_00574.png,children and sick people than to take on this vast
trocr_data/train_images/train_00575.png,""" Mr. Powell finds it easier to take it out of mothers ,"
trocr_data/train_images/train_00576.png,the war . Now in conditions of Tory
trocr_data/train_images/train_00577.png,food scheme . It was maintained during
trocr_data/train_images/train_00578.png,carried on .
trocr_data/train_images/train_00579.png,"the pharmaceutical industry . "" The health"
trocr_data/train_images/train_00580.png,affluence it seemed it could not be
trocr_data/train_images/train_00581.png,"of mothers , children and sick people than"
trocr_data/train_images/train_00582.png,of children today owed much to the welfare
trocr_data/train_images/train_00583.png,full inquiry into the cost of drugs and
trocr_data/train_images/train_00584.png,"Brown commented icily . "" Let us have a"
trocr_data/train_images/train_00585.png,"to take on this vast industry , "" Mr."
trocr_data/train_images/train_00586.png,""" Mr. Powell finds it easier to take it out"
trocr_data/train_images/train_00587.png,"to giving details of plans for improving the hospital service ,"
trocr_data/train_images/train_00588.png,on which indeed the Government is making progress .
trocr_data/train_images/train_00589.png,a full minute - and even his bitterest opponents
trocr_data/train_images/train_00590.png,""" even after the proposed changes the net cost of the"
trocr_data/train_images/train_00591.png,service to the Exchequer will have increased over
trocr_data/train_images/train_00592.png,When Mr . Brown sat down Labour M Ps cheered for
trocr_data/train_images/train_00593.png,three years by 20 per cent.
trocr_data/train_images/train_00594.png,on defence joined in . Mr. Powell devoted half his speech
trocr_data/train_images/train_00595.png,His basic defence of the Health Service cuts was that
trocr_data/train_images/train_00596.png,"Health Service cuts was that "" even after"
trocr_data/train_images/train_00597.png,making progress . His basic defence of the
trocr_data/train_images/train_00598.png,"service , on which indeed the Government is"
trocr_data/train_images/train_00599.png,cheered for a full minute - and even his
trocr_data/train_images/train_00600.png,the proposed changes the net cost of the
trocr_data/train_images/train_00601.png,bitterest opponents on defence joined in .
trocr_data/train_images/train_00602.png,details of plans for improving the hospital
trocr_data/train_images/train_00603.png,over three years by 20 per cent.
trocr_data/train_images/train_00604.png,When Mr . Brown sat down Labour M Ps
trocr_data/train_images/train_00605.png,service to the Exchequer will have increased
trocr_data/train_images/train_00606.png,Mr. Powell devoted half his speech to giving
trocr_data/train_images/train_00607.png,foods would still be free in families
trocr_data/train_images/train_00608.png,"adjustment being made in financing . """
trocr_data/train_images/train_00609.png,receiving regular National Assistance
trocr_data/train_images/train_00610.png,The Government decided to adjust
trocr_data/train_images/train_00611.png,undermining - the service . Answering the
trocr_data/train_images/train_00612.png,claimed was underpinning - not
trocr_data/train_images/train_00613.png,development being limited or an
trocr_data/train_images/train_00614.png,""" That cannot continue without either"
trocr_data/train_images/train_00615.png,the financing - which Mr. Powell
trocr_data/train_images/train_00616.png,grants .
trocr_data/train_images/train_00617.png,"foods , Mr. Powell said that all these"
trocr_data/train_images/train_00618.png,"attack on "" economic charges "" for welfare"
trocr_data/train_images/train_00619.png,Powell said that all these foods would
trocr_data/train_images/train_00620.png,adjust the financing - which Mr. Powell
trocr_data/train_images/train_00621.png,still be free in families receiving regular
trocr_data/train_images/train_00622.png,claimed was underpinning - not undermining -
trocr_data/train_images/train_00623.png,the service . Answering the attack on
trocr_data/train_images/train_00624.png,National Assistance grants .
trocr_data/train_images/train_00625.png,being limited or an adjustment being made
trocr_data/train_images/train_00626.png,"in financing . "" The Government decided to"
trocr_data/train_images/train_00627.png,""" economic charges "" for welfare foods , Mr."
trocr_data/train_images/train_00628.png,""" That cannot continue without either development"
trocr_data/train_images/train_00629.png,the financing - which Mr. Powell claimed was
trocr_data/train_images/train_00630.png,"for welfare , Mr. Powell said that all these"
trocr_data/train_images/train_00631.png,being limited or an adjustment being made
trocr_data/train_images/train_00632.png,""" That cannot continue without either development"
trocr_data/train_images/train_00633.png,foods would still be free in families receiving
trocr_data/train_images/train_00634.png,underpinning - not undermining - the service .
trocr_data/train_images/train_00635.png,"Answering the attack on "" economic charges """
trocr_data/train_images/train_00636.png,regular National Assistance grants .
trocr_data/train_images/train_00637.png,"in financing . "" The Government decided to adjust"
trocr_data/train_images/train_00638.png,"taken as a friendly gesture in Whitehall ,"
trocr_data/train_images/train_00639.png,de Gaulle's official welcome last week
trocr_data/train_images/train_00640.png,"MR. Macmillan has picked a strong "" brains trust """
trocr_data/train_images/train_00641.png,Gaulle this month to smooth the way . General
trocr_data/train_images/train_00642.png,but no more than that .
trocr_data/train_images/train_00643.png,And he has abandoned plans to visit President de
trocr_data/train_images/train_00644.png,team to negotiate terms for joining the Common Market .
trocr_data/train_images/train_00645.png,to Britain's moves towards the Six was
trocr_data/train_images/train_00646.png,of negotiations with the Six . At the same
trocr_data/train_images/train_00647.png,the Prime Minister to Paris was dropped
trocr_data/train_images/train_00648.png,safeguard their interests
trocr_data/train_images/train_00649.png,"France , to back Mr. Edward Heath , Lord"
trocr_data/train_images/train_00650.png,"Privy Seal , who is charged with the conduct"
trocr_data/train_images/train_00651.png,"Sir Pierson Dixon , Britain's Ambassador to"
trocr_data/train_images/train_00652.png,So the idea of personal mission by
trocr_data/train_images/train_00653.png,Commonwealth Governments every facility possible to
trocr_data/train_images/train_00654.png,Instead Mr. Macmillan will rely on a
trocr_data/train_images/train_00655.png,time the Prime Minister has offered
trocr_data/train_images/train_00656.png,hand-picked team under the leadership of
trocr_data/train_images/train_00657.png,"Commonwealth Relations Secretary , that they wish to be kept"
trocr_data/train_images/train_00658.png,countries can arrange for observers to advise the British
trocr_data/train_images/train_00659.png,"in touch in London . Three of them - Canada , Australia ,"
trocr_data/train_images/train_00660.png,meeting in London on Monday . Once the Common
trocr_data/train_images/train_00661.png,"Seven Commonwealth countries have told Mr. Sandys ,"
trocr_data/train_images/train_00662.png,negotiating team .
trocr_data/train_images/train_00663.png,New Zealand - will have strong delegations at an opening
trocr_data/train_images/train_00664.png,"for negotiations in a fortnight's time , these Commonwealth"
trocr_data/train_images/train_00665.png,Market's Council of Ministers draws up the procedure
trocr_data/train_images/train_00666.png,his days as Britain's chief UN dele-
trocr_data/train_images/train_00667.png,son Dixon has a wide reputation as
trocr_data/train_images/train_00668.png,is represented by Sir Roderick Barclay
trocr_data/train_images/train_00669.png,"Food , and Fisheries . The Foreign Office"
trocr_data/train_images/train_00670.png,"tary at the Ministry of Agriculture ,"
trocr_data/train_images/train_00671.png,gate . Second in command is Mr.
trocr_data/train_images/train_00672.png,The team is composed of experienced
trocr_data/train_images/train_00673.png,negotiators in several fields . Sir Pier-
trocr_data/train_images/train_00674.png,a skilful backstage negotiator since
trocr_data/train_images/train_00675.png,"Eric Roll , 53-year-old Deputy Secre-"
trocr_data/train_images/train_00676.png,negotiations should be held .
trocr_data/train_images/train_00677.png,"Market Commission , or wherever the Six decide"
trocr_data/train_images/train_00678.png,"the Commonwealth Relations Office , Sir William"
trocr_data/train_images/train_00679.png,"he goes to Brussels , headquarters of the Common"
trocr_data/train_images/train_00680.png,"( Treasury ) , and Mr. G. H. Andrew ( Board of Trade ) ."
trocr_data/train_images/train_00681.png,Other leading members are : Sir Henry Lintott from
trocr_data/train_images/train_00682.png,"Corell-Barnes ( Colonial Office ) , Mr. G. R. Bell"
trocr_data/train_images/train_00683.png,They will accompany Mr. Heath next month when
trocr_data/train_images/train_00684.png,fated to fly into trouble abroad . Last year it was
trocr_data/train_images/train_00685.png,Some of the problems were reviewed yesterday at a
trocr_data/train_images/train_00686.png,"the riots in Istanbul , which enlivened the NATO"
trocr_data/train_images/train_00687.png,"meeting in Paris between M. Couve de Murville , French"
trocr_data/train_images/train_00688.png,a man with troubles enough back home - seems
trocr_data/train_images/train_00689.png,Council meeting .
trocr_data/train_images/train_00690.png,"Foreign Minister , and Mr. Heath . MR. Selwyn Lloyd -"
trocr_data/train_images/train_00691.png,Now we have the strikes and demonstrations in
trocr_data/train_images/train_00692.png,Ghana coinciding with the meeting of the Com-
trocr_data/train_images/train_00693.png,monwealth Economic Consultative Council - the
trocr_data/train_images/train_00694.png,ter Mr Lloyd and his 24-strong delegation landed
trocr_data/train_images/train_00695.png,"Stores , the largest in town ."
trocr_data/train_images/train_00696.png,first to be held in Africa . Only a few hours af-
trocr_data/train_images/train_00697.png,demonstrated outside the British-owned Kingsway
trocr_data/train_images/train_00698.png,"at Accra this morning , hundreds of shop assistants"
trocr_data/train_images/train_00699.png,including a compulsory savings scheme which the
trocr_data/train_images/train_00700.png,Ghana Government introduced in July . Ghana's strong
trocr_data/train_images/train_00701.png,"man is not here to face the storm . President Nkrumah ,"
trocr_data/train_images/train_00702.png,having made his contribution to the neutrals' conference
trocr_data/train_images/train_00703.png,The stores had been hit by the same strike wave
trocr_data/train_images/train_00704.png,"in Belgrade , has resumed his holiday on the Black"
trocr_data/train_images/train_00705.png,"week . Root of the discontent : The austerity Budget ,"
trocr_data/train_images/train_00706.png,will return .
trocr_data/train_images/train_00707.png,Sea and no one here professes to know when he
trocr_data/train_images/train_00708.png,that has paralysed the port of Takoradi for the past
trocr_data/train_images/train_00709.png,But in his absence his chief lieutenants have
trocr_data/train_images/train_00710.png,been raised against the strikers and is now beginning
trocr_data/train_images/train_00711.png,not let him down . The strong arm of authority has
trocr_data/train_images/train_00712.png,"of the people is the supreme law "" ) reports : "" The"
trocr_data/train_images/train_00713.png,Government has been urged to take immediate ac-
trocr_data/train_images/train_00714.png,"to tell . Today's Ghanaian Times ( motto : "" The welfare"
trocr_data/train_images/train_00715.png,"tion to deal ruthlessly with the strikers . """
trocr_data/train_images/train_00716.png,"Nkrumah's Convention Party "" after powerful addresses"
trocr_data/train_images/train_00717.png,becomes an offence punishable with imprisonment
trocr_data/train_images/train_00718.png,essential services and ensure food supplies . Thus it
trocr_data/train_images/train_00719.png,the Government adequate power to maintain all
trocr_data/train_images/train_00720.png,"for anyone who "" publishes a report likely to cause"
trocr_data/train_images/train_00721.png,others . Strong deeds followed strong words . In Takoradi
trocr_data/train_images/train_00722.png,"by Comrades Krobo Edusei , Tawia Adamafio , "" and"
trocr_data/train_images/train_00723.png,The urge came from a conference of activists of
trocr_data/train_images/train_00724.png,"alarm or prejudicial to public safety . """
trocr_data/train_images/train_00725.png,"a "" limited state of emergency "" was declared , giving"
trocr_data/train_images/train_00726.png,Accra ?
trocr_data/train_images/train_00727.png,"strikers gave in , but in Takoradi , the chief storm centre ,"
trocr_data/train_images/train_00728.png,Government react when the strikers demonstrated in
trocr_data/train_images/train_00729.png,on anyone convicted of sabotage . These stern measures
trocr_data/train_images/train_00730.png,police and 16 armoured cars . And how did the
trocr_data/train_images/train_00731.png,"they are still holding out despite the presence of 1,400"
trocr_data/train_images/train_00732.png,And up to ten years' imprisonment can be imposed
trocr_data/train_images/train_00733.png,had the desired effect today at Kumasi where the
trocr_data/train_images/train_00734.png,""" If you have not dispersed by ten o'clock , "" he"
trocr_data/train_images/train_00735.png,drove up to the Kingsway Stores and faced the
trocr_data/train_images/train_00736.png,a posse of police arrived and in less than
trocr_data/train_images/train_00737.png,two minutes the crowd had gone .
trocr_data/train_images/train_00738.png,"At 9.40 Mr. Edusei , Minister of Transport and pro-"
trocr_data/train_images/train_00739.png,"demonstrators , most of them shopgirls in overalls ."
trocr_data/train_images/train_00740.png,"told them , ' the police will act . ' At five to ten"
trocr_data/train_images/train_00741.png,"bably the toughest man in Mr. Nkrumah's team ,"
trocr_data/train_images/train_00742.png,Commonwealth was an occasion worthy of his presence .
trocr_data/train_images/train_00743.png,After all it was Mr. Nkrumah who suggested that this
trocr_data/train_images/train_00744.png,year the Economic Consultative Council should meet
trocr_data/train_images/train_00745.png,thought that the muster from the 13 States of the
trocr_data/train_images/train_00746.png,the President back from his travels it might have been
trocr_data/train_images/train_00747.png,in Accra .
trocr_data/train_images/train_00748.png,enough
trocr_data/train_images/train_00749.png,"If the threatened "" counter-revolution "" was not to bring"
trocr_data/train_images/train_00750.png,yesterday . It said pressure was being put on
trocr_data/train_images/train_00751.png,"disarming Committee of 100 , the Committee claimed"
trocr_data/train_images/train_00752.png,"Minister , to do the honours as host , in which capacity"
trocr_data/train_images/train_00753.png,"It has been left , however , to Mr. Goka , Ghana's Finance"
trocr_data/train_images/train_00754.png,openly intimidating members of Earl Russell's nuclear-
trocr_data/train_images/train_00755.png,members and associates all over the country .
trocr_data/train_images/train_00756.png,he held a reception tonight in Accra's Ambassador
trocr_data/train_images/train_00757.png,"Hotel . POLICE , on direct orders from the Cabinet , are"
trocr_data/train_images/train_00758.png,with the committee was going too far ; another
trocr_data/train_images/train_00759.png,was not .
trocr_data/train_images/train_00760.png,"to pass the time of day "" ; Supporters had"
trocr_data/train_images/train_00761.png,"people "" on no pretext whatsoever , except"
trocr_data/train_images/train_00762.png,that anti-apartheid agitation was
trocr_data/train_images/train_00763.png,going out of action ; Police were visiting
trocr_data/train_images/train_00764.png,"all right , but support for the committee"
trocr_data/train_images/train_00765.png,It alleged : Phones were being tapped and
trocr_data/train_images/train_00766.png,been warned - one that his connection
trocr_data/train_images/train_00767.png,committee members will appear at Bow-street
trocr_data/train_images/train_00768.png,Mr. Clark .
trocr_data/train_images/train_00769.png,"today , including Lord Russell , Lady Russell ,"
trocr_data/train_images/train_00770.png,by plain-clothes men . Committee-member Mr. George
trocr_data/train_images/train_00771.png,"Clark commented at a Press conference : "" The"
trocr_data/train_images/train_00772.png,"most extraordinary things are happening . "" Fifty"
trocr_data/train_images/train_00773.png,A third man's house was watched for four days
trocr_data/train_images/train_00774.png,"Lord Boyd-Orr , the Rev. Michael Scott , and"
trocr_data/train_images/train_00775.png,"packing a case , at his Chelsea home"
trocr_data/train_images/train_00776.png,"yesterday . His secretary , American-born"
trocr_data/train_images/train_00777.png,"Mr. Ralph Schoenman , said :"
trocr_data/train_images/train_00778.png,"putting his affairs in order , and"
trocr_data/train_images/train_00779.png,"are "" likely to persevere in such unlawful"
trocr_data/train_images/train_00780.png,the peace and for inciting a breach
trocr_data/train_images/train_00781.png,should not be bound over for disturbing
trocr_data/train_images/train_00782.png,They are required to show why they
trocr_data/train_images/train_00783.png,"conduct . "" Lord Russell , 89 , was"
trocr_data/train_images/train_00784.png,of the peace . The summonses say they
trocr_data/train_images/train_00785.png,"hopes to be allowed to do some writing . "" Back at"
trocr_data/train_images/train_00786.png,"members tried a "" plant "" call on suspect phone . They"
trocr_data/train_images/train_00787.png,discussed a sit-down at Watford at 5.30 p.m. - none
trocr_data/train_images/train_00788.png,"probably mean jail and , though frail , he is very fit and"
trocr_data/train_images/train_00789.png,"the Press conference , Mr. Clark said two committee"
trocr_data/train_images/train_00790.png,will take the rigours of prison in his stride . He
trocr_data/train_images/train_00791.png,""" He is not going to agree to be bound over . That will"
trocr_data/train_images/train_00792.png,was planned but police turned up .
trocr_data/train_images/train_00793.png,longer accepted the good faith of Mr. Kenneth
trocr_data/train_images/train_00794.png,Sir Roy Welensky said today that he no
trocr_data/train_images/train_00795.png,Federal Parliament in Salisbury .
trocr_data/train_images/train_00796.png,of lawlessness among UNIP supporters went
trocr_data/train_images/train_00797.png,until he was outlawed in 1959 . The record
trocr_data/train_images/train_00798.png,Party was a monster as vicious as the Zambia
trocr_data/train_images/train_00799.png,said that Mr. Kaunda's United National Independence
trocr_data/train_images/train_00800.png,"back a long way , Sir Roy told the"
trocr_data/train_images/train_00801.png,"Kaunda . Sir Roy , Federal Rhodesian Prime Minister ,"
trocr_data/train_images/train_00802.png,"National Congress , which was led by Mr. Kaunda"
trocr_data/train_images/train_00803.png,He cited cases in which hundreds of UNIP supporters
trocr_data/train_images/train_00804.png,the UNIP - were convicted last month in the
trocr_data/train_images/train_00805.png,charges of creating disturbances . During the first
trocr_data/train_images/train_00806.png,had been arrested or convicted since last year on
trocr_data/train_images/train_00807.png,than 500 people - 167 of them members of
trocr_data/train_images/train_00808.png,three weeks of the present trouble 287 incidents
trocr_data/train_images/train_00809.png,had been reported in Northern Rhodesia . More
trocr_data/train_images/train_00810.png,Northern Province alone .
trocr_data/train_images/train_00811.png,Kaunda's repeated statements that all he is
trocr_data/train_images/train_00812.png,"Sir Roy . "" I am now compelled to say that"
trocr_data/train_images/train_00813.png,"had stimulated violence , but he had done"
trocr_data/train_images/train_00814.png,""" Against this background must be taken Mr."
trocr_data/train_images/train_00815.png,"doing is in the name of non-violence , "" said"
trocr_data/train_images/train_00816.png,nothing to stop it .
trocr_data/train_images/train_00817.png,Mr. Kaunda must know that his statements
trocr_data/train_images/train_00818.png,"I don't accept his good faith . "" He said"
trocr_data/train_images/train_00819.png,from Northern Rhodesia when his followers have
trocr_data/train_images/train_00820.png,"would make the Mau Mau in Kenya "" seem like a"
trocr_data/train_images/train_00821.png,""" It is true he made a point of again being absent"
trocr_data/train_images/train_00822.png,"child's picnic . """
trocr_data/train_images/train_00823.png,"indulged in such violence . "" But Sir Roy pointed out"
trocr_data/train_images/train_00824.png,if UNIP did not get its way what would happen
trocr_data/train_images/train_00825.png,that a few months ago Mr. Kaunda said that
trocr_data/train_images/train_00826.png,return from Scotland yesterday . He summoned Mr.
trocr_data/train_images/train_00827.png,new Constitution provided law and order is maintained
trocr_data/train_images/train_00828.png,JOHN DICKIE writes : Mr. Macmillan gave top
trocr_data/train_images/train_00829.png,in Northern Rhodesia .
trocr_data/train_images/train_00830.png,to hold the door open for modifications to the
trocr_data/train_images/train_00831.png,"Iain Macleod , Colonial Secretary , and Mr. Duncan Sandys ,"
trocr_data/train_images/train_00832.png,priority to the clash over Northern Rhodesia on his
trocr_data/train_images/train_00833.png,at Admiralty House . A statement is expected today
trocr_data/train_images/train_00834.png,Commonwealth Relations Secretary for an hour's talks
trocr_data/train_images/train_00835.png,African nationalists . Mr. Macleod has ample evidence
trocr_data/train_images/train_00836.png,"Liberal leader , and Mr. Kaunda , that the bulk"
trocr_data/train_images/train_00837.png,problem . Mr. Sandys has warned of the risk of a
trocr_data/train_images/train_00838.png,suggestion that there may be fresh concessions to the
trocr_data/train_images/train_00839.png,Constitution unless it is modified .
trocr_data/train_images/train_00840.png,of moderates and Africans will reject the
trocr_data/train_images/train_00841.png,"from talks with Sir John Moffat , Northern Rhodesian"
trocr_data/train_images/train_00842.png,strong reaction from Sir Roy Welensky to any
trocr_data/train_images/train_00843.png,Its terms have set the Prime Minister an exacting
trocr_data/train_images/train_00844.png,foot of his airliner's steps at London Airport
trocr_data/train_images/train_00845.png,of Gloucester .
trocr_data/train_images/train_00846.png,"kneeling with heads bowed . The princess ,"
trocr_data/train_images/train_00847.png,Buganda ( King Freddie ) from Princess
trocr_data/train_images/train_00848.png,"aged 24 , is now studying history at Cambri-"
trocr_data/train_images/train_00849.png,A ROYAL welcome for the Kabaka of
trocr_data/train_images/train_00850.png,"yesterday . Forty other Africans greeted him ,"
trocr_data/train_images/train_00851.png,"dge , where she is a friend of Prince William"
trocr_data/train_images/train_00852.png,"Elizabeth Bagaya of Toro , kneeling at the"
trocr_data/train_images/train_00853.png,"Colonial Secretary Mr. Iain Macleod , before the"
trocr_data/train_images/train_00854.png,to settle the relationships between them and the
trocr_data/train_images/train_00855.png,King Freddie and three other hereditary rulers of
trocr_data/train_images/train_00856.png,The question : Their status in an independent Uganda .
trocr_data/train_images/train_00857.png,rest of the country . A Government report has
trocr_data/train_images/train_00858.png,recognised their rights and recommended a form of
trocr_data/train_images/train_00859.png,native kingdoms in Uganda arrived for talks with
trocr_data/train_images/train_00860.png,The thorniest problem for next week's conference is
trocr_data/train_images/train_00861.png,Uganda Constitutional conference opens next Monday .
trocr_data/train_images/train_00862.png,"federal association , but the four kings are not"
trocr_data/train_images/train_00863.png,Government authority yet presented by the
trocr_data/train_images/train_00864.png,to deal with the mass sit-down rally planned
trocr_data/train_images/train_00865.png,"Committee of 100 , the anti-nuclear arms"
trocr_data/train_images/train_00866.png,to meet head-on the biggest challenge to
trocr_data/train_images/train_00867.png,""" Ban-the-Bomb "" demonstrators . Police leave"
trocr_data/train_images/train_00868.png,"Instead , the kings will remain in London"
trocr_data/train_images/train_00869.png,group .
trocr_data/train_images/train_00870.png,for Sunday in Parliament-square by the
trocr_data/train_images/train_00871.png,Then their views will be transmitted back .
trocr_data/train_images/train_00872.png,has been cancelled and secret plans prepared
trocr_data/train_images/train_00873.png,and wait to hear the conference's proposals .
trocr_data/train_images/train_00874.png,"MR. BUTLER , the Home Secretary , has decided"
trocr_data/train_images/train_00875.png,jailed for a month .
trocr_data/train_images/train_00876.png,a breach of the peace . The committee's
trocr_data/train_images/train_00877.png,his 61-year-old wife were each jailed for
trocr_data/train_images/train_00878.png,Committee of 100 being imprisoned for inciting
trocr_data/train_images/train_00879.png,president 89-year-old Earl Russell and
trocr_data/train_images/train_00880.png,and Robert Bolt ( The Flowering Cherry ) were
trocr_data/train_images/train_00881.png,a week . Playwrights Arnold Wesker ( The Kitchen )
trocr_data/train_images/train_00882.png,ended yesterday in 32 members of the
trocr_data/train_images/train_00883.png,It was Mr. Butler who authorised action which
trocr_data/train_images/train_00884.png,"invoke the Public Order Act , 1936 , and"
trocr_data/train_images/train_00885.png,"It was last used a year ago , to deal"
trocr_data/train_images/train_00886.png,"of Parliament Square . """
trocr_data/train_images/train_00887.png,Mr. Butler will have talks with Police
trocr_data/train_images/train_00888.png,the demonstrators sit down or not - was
trocr_data/train_images/train_00889.png,with the St. Pancras rent riots . Today
trocr_data/train_images/train_00890.png,declare the whole rally illegal - whether
trocr_data/train_images/train_00891.png,being discussed in Whitehall last night .
trocr_data/train_images/train_00892.png,Commissioner Sir Joseph Simpson to
trocr_data/train_images/train_00893.png,The possibility that the Government might
trocr_data/train_images/train_00894.png,"draw up final plans for the "" Battle"
trocr_data/train_images/train_00895.png,"and reserves , with 750 policemen posted"
trocr_data/train_images/train_00896.png,"the area - West End Central , Bow-street ,"
trocr_data/train_images/train_00897.png,"call-out of police , special constables"
trocr_data/train_images/train_00898.png,and Cannon-row .
trocr_data/train_images/train_00899.png,from outlying districts to stations in
trocr_data/train_images/train_00900.png,Measures agreed so far include : 1 . A mass
trocr_data/train_images/train_00901.png,been particularly intensified in the past year
trocr_data/train_images/train_00902.png,"in the United Nations , these exchanges have not"
trocr_data/train_images/train_00903.png,is known for some time to have favoured a
trocr_data/train_images/train_00904.png,"or so and though so far , apart from joint action"
trocr_data/train_images/train_00905.png,nesia arrived in Belgrade as the guest of the Yugoslav
trocr_data/train_images/train_00906.png,"been seen on any wider basis , President Tito"
trocr_data/train_images/train_00907.png,"Today , for example , the Foreign Minister of Indo-"
trocr_data/train_images/train_00908.png,Foreign Minister . In fact such Yugoslav activity has
trocr_data/train_images/train_00909.png,conference of neutralist leaders .
trocr_data/train_images/train_00910.png,"on the occasion of the conference in Casablanca and ,"
trocr_data/train_images/train_00911.png,"in particular , in Yugoslav approval of the idea of an"
trocr_data/train_images/train_00912.png,coordinate activity on the political and economic
trocr_data/train_images/train_00913.png,Tito would like some such idea extended also
trocr_data/train_images/train_00914.png,sphere ; and it is not difficult to see that President
trocr_data/train_images/train_00915.png,to the whole uncommitted world
trocr_data/train_images/train_00916.png,inter-African consultative assembly which would
trocr_data/train_images/train_00917.png,The wish was particularly apparent in comments
trocr_data/train_images/train_00918.png,time is ripe to have more frequent consultations between
trocr_data/train_images/train_00919.png,the uncommitted countries and even to work out common
trocr_data/train_images/train_00920.png,situation and especially in view of fresh problems facing
trocr_data/train_images/train_00921.png,stands on various problems facing those nations . Two
trocr_data/train_images/train_00922.png,"the new and independent countries of Africa , that the"
trocr_data/train_images/train_00923.png,of the talks in Belgrade - and on both the two
trocr_data/train_images/train_00924.png,"subjects , the Congo and Algeria , are the main topics"
trocr_data/train_images/train_00925.png,"But he now feels , in view of a changed international"
trocr_data/train_images/train_00926.png,leaders have identical ideas .
trocr_data/train_images/train_00927.png,was reported earlier in Laos that Prince
trocr_data/train_images/train_00928.png,Government .
trocr_data/train_images/train_00929.png,"Souvanna Phouma , the former Prime Min-"
trocr_data/train_images/train_00930.png,Prince Souvanna Phouma to join his
trocr_data/train_images/train_00931.png,"ister , to return to Laos . No details of"
trocr_data/train_images/train_00932.png,"Phnom Penh , Cambodia , to invite Prince"
trocr_data/train_images/train_00933.png,Boun Oum was considering asking
trocr_data/train_images/train_00934.png,"their mission have been disclosed , but it"
trocr_data/train_images/train_00935.png,Two emissaries from the Laotian Government
trocr_data/train_images/train_00936.png,of Prince Boun Oum have arrived in
trocr_data/train_images/train_00937.png,Laos . His policy of strict neutrality from 1951
trocr_data/train_images/train_00938.png,pro-western centre and south .
trocr_data/train_images/train_00939.png,"to 1958 kept the kingdom in peace , though"
trocr_data/train_images/train_00940.png,at the cost of virtual partition of the country
trocr_data/train_images/train_00941.png,"the mission , but recent statements made by him"
trocr_data/train_images/train_00942.png,himself as the only legal Prime Minister of
trocr_data/train_images/train_00943.png,into the pro-communist north and the
trocr_data/train_images/train_00944.png,Prince Souvanna Phouma has not yet replied to
trocr_data/train_images/train_00945.png,in Phnom Penh indicate that he still regards
trocr_data/train_images/train_00946.png,"Haksat Party , also to the officers"
trocr_data/train_images/train_00947.png,"Prince Souphannouvong , leader"
trocr_data/train_images/train_00948.png,occupying the province of Xieng
trocr_data/train_images/train_00949.png,"Laos , yesterday addressed all officers"
trocr_data/train_images/train_00950.png,Prince Souvanna's former Minister of
trocr_data/train_images/train_00951.png,claims to be his representative in
trocr_data/train_images/train_00952.png,of the pro-communist Neo Lao
trocr_data/train_images/train_00953.png,in the same terms .
trocr_data/train_images/train_00954.png,of the pro-communist forces
trocr_data/train_images/train_00955.png,Khouang and emphasized that
trocr_data/train_images/train_00956.png,"Information , Mr. Quinim Pholsena , who"
trocr_data/train_images/train_00957.png,Government suggests that all is not well
trocr_data/train_images/train_00958.png,communists' former base 60 miles
trocr_data/train_images/train_00959.png,of the pro-communists . Most of the
trocr_data/train_images/train_00960.png,with the political and military leadership
trocr_data/train_images/train_00961.png,The Government has claimed the
trocr_data/train_images/train_00962.png,province of Xieng Khouang and the
trocr_data/train_images/train_00963.png,This emphasis on the legality of the former
trocr_data/train_images/train_00964.png,appear still to be firmly in their hands .
trocr_data/train_images/train_00965.png,"tactically useful Plain of Jars , however ,"
trocr_data/train_images/train_00966.png,"recapture of Vang Vieng , the pro-"
trocr_data/train_images/train_00967.png,"north of Vientiane , but this claim"
trocr_data/train_images/train_00968.png,"160 speeches in 80 constituencies in 10 days , the Liberal"
trocr_data/train_images/train_00969.png,Party are holding a national conference here with
trocr_data/train_images/train_00970.png,and his Cabinet out in the grass roots making
trocr_data/train_images/train_00971.png,leader .
trocr_data/train_images/train_00972.png,this village was still held by the pro-communists .
trocr_data/train_images/train_00973.png,A correspondent who travelled yesterday to within
trocr_data/train_images/train_00974.png,when Mr. Lester Pearson was chosen as party
trocr_data/train_images/train_00975.png,With the Prime Minister sunning himself in Jamaica
trocr_data/train_images/train_00976.png,"some 2,000 delegates , the biggest gathering since 1958"
trocr_data/train_images/train_00977.png,a few miles of Vang Vieng was told by officers that
trocr_data/train_images/train_00978.png,In some ways it will be a testing occasion
trocr_data/train_images/train_00979.png,ference will concentrate on laying the
trocr_data/train_images/train_00980.png,foundations on which to win the next
trocr_data/train_images/train_00981.png,else in sight to supplant him . So the con-
trocr_data/train_images/train_00982.png,ments by the Prime Minister there is an
trocr_data/train_images/train_00983.png,air of electoral expectancy .
trocr_data/train_images/train_00984.png,unassailable simply because there is no one
trocr_data/train_images/train_00985.png,when in spite of carefully worded state-
trocr_data/train_images/train_00986.png,election . The rally comes at a time
trocr_data/train_images/train_00987.png,"for him , although some think his position"
trocr_data/train_images/train_00988.png,Members of the Cabinet are basing their speeches on
trocr_data/train_images/train_00989.png,heavy unemployment and an uncertain economy .
trocr_data/train_images/train_00990.png,illusion in the Conservative Party that their
trocr_data/train_images/train_00991.png,a half years ago . Nevertheless there is little
trocr_data/train_images/train_00992.png,a new Conservative booklet called The Record Speaks
trocr_data/train_images/train_00993.png,of the party since it came to office three and
trocr_data/train_images/train_00994.png,which outlines in some detail the accomplishments
trocr_data/train_images/train_00995.png,stock at home has fallen in the face of
trocr_data/train_images/train_00996.png,Last year saw the defeat of two Conservative
trocr_data/train_images/train_00997.png,"Maritimes - Restigouche Madawaska , New Brunswick ,"
trocr_data/train_images/train_00998.png,"one in Leeds , Ontario , and the other two in the"
trocr_data/train_images/train_00999.png,"provincial governments , Quebec and New Brunswick , and"
trocr_data/train_images/train_01000.png,"and Kings , Prince Edward Island ."
trocr_data/train_images/train_01001.png,in the four federal by-elections last October the party
trocr_data/train_images/train_01002.png,"elections , one at Esquimalt Saanich , British Columbia ,"
trocr_data/train_images/train_01003.png,fared badly . They are now faced with four other by-
trocr_data/train_images/train_01004.png,All four were Conservative strongholds . Last September
trocr_data/train_images/train_01005.png,"held last autumn , 38 per cent for the"
trocr_data/train_images/train_01006.png,the Administration came to power in 1957 the
trocr_data/train_images/train_01007.png,Liberals were ahead ( 43 per cent were in favour
trocr_data/train_images/train_01008.png,a public poll showed that for the first time since
trocr_data/train_images/train_01009.png,Conservatives and 12 per cent for the C.C.F. ) .
trocr_data/train_images/train_01010.png,"of "" The Grits "" if a federal election had been"
trocr_data/train_images/train_01011.png,Diefenbaker was still ahead in terms of
trocr_data/train_images/train_01012.png,popularity as an individual leader ( for
trocr_data/train_images/train_01013.png,"However , a separate poll revealed that Mr."
trocr_data/train_images/train_01014.png,Pearson 34 per cent ) . How far is Mr.
trocr_data/train_images/train_01015.png,of Canada as a Prime Minister ? Many
trocr_data/train_images/train_01016.png,observers at the national rally will be
trocr_data/train_images/train_01017.png,seeking an answer .
trocr_data/train_images/train_01018.png,"Mr. Diefenbaker 36 per cent , for Mr."
trocr_data/train_images/train_01019.png,Lester Pearson acceptable to the people
trocr_data/train_images/train_01020.png,in Algoma East .
trocr_data/train_images/train_01021.png,baker was in the last two campaigns . The
trocr_data/train_images/train_01022.png,It is difficult for many to see Mr. Pearson
trocr_data/train_images/train_01023.png,"in the chancery , or the corridors of the United"
trocr_data/train_images/train_01024.png,impression remains that the Liberal leader
trocr_data/train_images/train_01025.png,"Nations , not the father figure , so necessary"
trocr_data/train_images/train_01026.png,"hustings , the spellbinder that Mr. Diefen-"
trocr_data/train_images/train_01027.png,"politician , able to talk about sewage problems"
trocr_data/train_images/train_01028.png,"is still the diplomatist , more at home"
trocr_data/train_images/train_01029.png,"in Canadian leadership , or the practical"
trocr_data/train_images/train_01030.png,in the role of a popular orator at the
trocr_data/train_images/train_01031.png,"still regard him "" as some sort of cross"
trocr_data/train_images/train_01032.png,correct that image . The bow tie has
trocr_data/train_images/train_01033.png,by speech experts .
trocr_data/train_images/train_01034.png,"On the other hand , Mr. Pearson excels"
trocr_data/train_images/train_01035.png,television techniques and is being coached
trocr_data/train_images/train_01036.png,His party advisers are now trying to
trocr_data/train_images/train_01037.png,"between an egghead and a missionary "" ."
trocr_data/train_images/train_01038.png,"in meeting people informally , but many"
trocr_data/train_images/train_01039.png,gone ; he is having lessons on
trocr_data/train_images/train_01040.png,baker in the House in those early
trocr_data/train_images/train_01041.png,leading the Opposition with skill and
trocr_data/train_images/train_01042.png,ammunition given him by the Gov-
trocr_data/train_images/train_01043.png,Everything is being done to promote
trocr_data/train_images/train_01044.png,"ernment in recent sessions , he is"
trocr_data/train_images/train_01045.png,much lessly trounced by Mr. Diefen-
trocr_data/train_images/train_01046.png,"a new image . Certainly , he is now a"
trocr_data/train_images/train_01047.png,assurance and is a match for the
trocr_data/train_images/train_01048.png,Prime Minister across the floor .
trocr_data/train_images/train_01049.png,"but now , with plenty of political"
trocr_data/train_images/train_01050.png,days . It has been a hard road back
trocr_data/train_images/train_01051.png,will go . The main topic under review is
trocr_data/train_images/train_01052.png,"provinces . However , be this election"
trocr_data/train_images/train_01053.png,"year or not , Mr. Pearson , with his party"
trocr_data/train_images/train_01054.png,committees examining subjects
trocr_data/train_images/train_01055.png,"increasingly confident of return to power ,"
trocr_data/train_images/train_01056.png,ranging from foreign investment in
trocr_data/train_images/train_01057.png,"new and dynamic liberalism "" and this"
trocr_data/train_images/train_01058.png,"Mr. Pearson is now talking about "" his"
trocr_data/train_images/train_01059.png,Canada to the problems of the Atlantic
trocr_data/train_images/train_01060.png,"week will show perhaps how far "" Mike"
trocr_data/train_images/train_01061.png,Sentence Database
trocr_data/train_images/train_01062.png,"unemployment , but there will be 21"
trocr_data/train_images/train_01063.png,as a military project ; or that the European space satellite
trocr_data/train_images/train_01064.png,"Stated more bluntly , they are still unconvinced that"
trocr_data/train_images/train_01065.png,"interested in the principle of space research , but rather"
trocr_data/train_images/train_01066.png,this is not primarily an effort on Britain's part to
trocr_data/train_images/train_01067.png,"Mr. Thorneycroft , the Minister of Aviation , who arrives in"
trocr_data/train_images/train_01068.png,is indeed to be purely scientific in character .
trocr_data/train_images/train_01069.png,Sentence Database
trocr_data/train_images/train_01070.png,Bonn tomorrow for talks with the Federal Government on a
trocr_data/train_images/train_01071.png,"salve Blue Streak , which was abandoned last summer"
trocr_data/train_images/train_01072.png,sceptical about British plans for organizing it .
trocr_data/train_images/train_01073.png,"European space satellite project , will find the Germans"
trocr_data/train_images/train_01074.png,"involved is really worth while , at a time when"
trocr_data/train_images/train_01075.png,any increase in budgetary commitments
trocr_data/train_images/train_01076.png,"remove these doubts , and to persuade the"
trocr_data/train_images/train_01077.png,Mr. Thorneycroft's main purpose will be to
trocr_data/train_images/train_01078.png,rise in taxation - something no one is prepared
trocr_data/train_images/train_01079.png,would almost certainly involve a corresponding
trocr_data/train_images/train_01080.png,to contemplate in an election year .
trocr_data/train_images/train_01081.png,Federal Government that the financial burden
trocr_data/train_images/train_01082.png,"efforts , as Die Welt suggests today in"
trocr_data/train_images/train_01083.png,"convinced , on the basis of the information"
trocr_data/train_images/train_01084.png,believe that the Federal Government is not
trocr_data/train_images/train_01085.png,"But , at the same time , there is reason to"
trocr_data/train_images/train_01086.png,be justified from a scientific point of view ;
trocr_data/train_images/train_01087.png,a highly critical editorial article .
trocr_data/train_images/train_01088.png,"satellite , duplicating to some extent American"
trocr_data/train_images/train_01089.png,"and not merely constitute a "" prestige """
trocr_data/train_images/train_01090.png,"it has so far , that such a project would"
trocr_data/train_images/train_01091.png,"stage , but the French have one of their"
trocr_data/train_images/train_01092.png,have reached a sufficient stage of development
trocr_data/train_images/train_01093.png,like to see used .
trocr_data/train_images/train_01094.png,On the specific question of the use of Blue
trocr_data/train_images/train_01095.png,putting a heavy satellite into outer space .
trocr_data/train_images/train_01096.png,"British rocket , Black Knight , for the second"
trocr_data/train_images/train_01097.png,own called Veronique which they would
trocr_data/train_images/train_01098.png,for adaptation as the first stage in
trocr_data/train_images/train_01099.png,only rocket and launcher in Europe to
trocr_data/train_images/train_01100.png,easier . He can point out that this is the
trocr_data/train_images/train_01101.png,There has also been some talk of adopting another
trocr_data/train_images/train_01102.png,"Streak , Mr. Thorneycroft's task will be"
trocr_data/train_images/train_01103.png,various rocket stages had already been
trocr_data/train_images/train_01104.png,of capsule was involved . A lesser obstacle
trocr_data/train_images/train_01105.png,any Ministry or Minister directly responsible
trocr_data/train_images/train_01106.png,The Foreign Ministry spokesman added
trocr_data/train_images/train_01107.png,"today , however , that the Brussels Treaty"
trocr_data/train_images/train_01108.png,for it - and therefore of any budget
trocr_data/train_images/train_01109.png,"concluded , and only cooperation on the type"
trocr_data/train_images/train_01110.png,"was irrelevant , because research on the"
trocr_data/train_images/train_01111.png,under which funds could be appropriated .
trocr_data/train_images/train_01112.png,to German participation is the absence of
trocr_data/train_images/train_01113.png,the backbone of the German Air
trocr_data/train_images/train_01114.png,This is expected eventually to replace the
trocr_data/train_images/train_01115.png,"Fiat G-91 , and the F 104 Starfighter ,"
trocr_data/train_images/train_01116.png,Force .
trocr_data/train_images/train_01117.png,"three hours , 20 minutes of discussion is believed"
trocr_data/train_images/train_01118.png,PRESIDENT KENNEDY renewed his pressure
trocr_data/train_images/train_01119.png,"House , Whitehall , yesterday . Much of their"
trocr_data/train_images/train_01120.png,of American policy .
trocr_data/train_images/train_01121.png,Common Market during their talks at Admiralty
trocr_data/train_images/train_01122.png,on Mr. Harold Macmillan to join the
trocr_data/train_images/train_01123.png,to have been devoted to this main point
trocr_data/train_images/train_01124.png,It arose during talks following
trocr_data/train_images/train_01125.png,and other reservations .
trocr_data/train_images/train_01126.png,President Kennedy's report to the British
trocr_data/train_images/train_01127.png,clear that he would accept Britain into the
trocr_data/train_images/train_01128.png,visit to Paris . There General de Gaulle had made
trocr_data/train_images/train_01129.png,Common Market only if there were no conditions
trocr_data/train_images/train_01130.png,laid down to meet the Commonwealth
trocr_data/train_images/train_01131.png,Prime Minister of the outcome of his recent
trocr_data/train_images/train_01132.png,"Bundy , the President's special assistant for"
trocr_data/train_images/train_01133.png,"Market , even if it meant an unconditional surrender ."
trocr_data/train_images/train_01134.png,wanted him to apply for membership of the Common
trocr_data/train_images/train_01135.png,Mr. Kennedy told Mr. Macmillan that he still
trocr_data/train_images/train_01136.png,"There were also brief discussions on Laos , Berlin"
trocr_data/train_images/train_01137.png,Krushchov . With the exception of 40 minutes when
trocr_data/train_images/train_01138.png,informed Mr. Macmillan of his discussions with Mr.
trocr_data/train_images/train_01139.png,"and other foreign questions , after Mr. Kennedy had"
trocr_data/train_images/train_01140.png,"security affairs , were brought in , the two"
trocr_data/train_images/train_01141.png,men talked alone .
trocr_data/train_images/train_01142.png,"Lord Home , Foreign Secretary , and Mr. McGeorge"
trocr_data/train_images/train_01143.png,talks with Mr. Krushchov this evening .
trocr_data/train_images/train_01144.png,Admiralty House meeting will be made in the
trocr_data/train_images/train_01145.png,for a statement . President Kennedy flew from London
trocr_data/train_images/train_01146.png,Airport last night to arrive in Washington this
trocr_data/train_images/train_01147.png,An attempt to get more information about the
trocr_data/train_images/train_01148.png,have many questions to the Prime Minister asking
trocr_data/train_images/train_01149.png,broadcast and television report on his
trocr_data/train_images/train_01150.png,House of Commons this afternoon . Labour M.P.s already
trocr_data/train_images/train_01151.png,morning . He is to make a 30-minute nation-wide
trocr_data/train_images/train_01152.png,economic co-operation and expansion in the general interests
trocr_data/train_images/train_01153.png,"common purposes . "" Occasion was given to review the need for"
trocr_data/train_images/train_01154.png,"both economic and political , and revealed once again the"
trocr_data/train_images/train_01155.png,close agreement of the two Governments in pursuing their
trocr_data/train_images/train_01156.png,"Washington - said : "" Their discussions covered the major problems ,"
trocr_data/train_images/train_01157.png,The joint communique on Mr. Kennedy's and Mr. Macmillan's
trocr_data/train_images/train_01158.png,"third talks - the first were at Key West , Florida , the second in"
trocr_data/train_images/train_01159.png,"of developed and underdeveloped countries alike . """
trocr_data/train_images/train_01160.png,which should lead to progress toward a Laos agreement at the
trocr_data/train_images/train_01161.png,"It said that the President and Premier noted "" with satisfaction "" the"
trocr_data/train_images/train_01162.png,"Geneva conference . "" Particular attention was also given to the"
trocr_data/train_images/train_01163.png,"agreement in Vienna on the need for an effective Laos ceasefire ,"
trocr_data/train_images/train_01164.png,agreement on the necessity of maintaining the rights and
trocr_data/train_images/train_01165.png,"obligations of the allied Governments in Berlin . """
trocr_data/train_images/train_01166.png,"nuclear tests conference and to the question of disarmament . "" The"
trocr_data/train_images/train_01167.png,"situation in regard to Germany was reviewed , and there was full"
trocr_data/train_images/train_01168.png,given by Lady Dorothy Macmillan with Mrs. Kennedy and other
trocr_data/train_images/train_01169.png,""" rather pessimistic "" and talked of a Berlin crisis later this year ."
trocr_data/train_images/train_01170.png,"Apart from their formal Admiralty House talks , followed by lunch"
trocr_data/train_images/train_01171.png,"State , gave a 90-minute briefing on the Vienna talks to the"
trocr_data/train_images/train_01172.png,15-nation Nato council . Some of his listeners said he was
trocr_data/train_images/train_01173.png,"guests present , Mr. Kennedy and Mr. Macmillan met three more"
trocr_data/train_images/train_01174.png,"times yesterday . In PARIS , Mr. Dean Rusk , U.S. Secretary of"
trocr_data/train_images/train_01175.png,"said the Vienna talks "" might be the beginning of a slight improvement , """
trocr_data/train_images/train_01176.png,in London in time to join the Buckingham Palace dinner and to
trocr_data/train_images/train_01177.png,but no big changes should be expected in the political situation .
trocr_data/train_images/train_01178.png,and informed him of the Vienna outcome . Last night Mr. Rusk arrived
trocr_data/train_images/train_01179.png,"fly home with the President . In DUESSELDORF , Chancellor Adenauer"
trocr_data/train_images/train_01180.png,From Nato headquarters Mr. Rusk went to see President de Gaulle
trocr_data/train_images/train_01181.png,Moscow after his two days of talks with President
trocr_data/train_images/train_01182.png,"spirits , Mr. Krushchov yesterday returned to"
trocr_data/train_images/train_01183.png,"followed up by new efforts for peace , the"
trocr_data/train_images/train_01184.png,"Kennedy , writes Dennis Ogden from Moscow . The"
trocr_data/train_images/train_01185.png,"declared yesterday . Events in Vienna "" gave hope"
trocr_data/train_images/train_01186.png,Soviet Communist Party newspaper Pravda
trocr_data/train_images/train_01187.png,"and to all who are striving for a stable peace , """
trocr_data/train_images/train_01188.png,good beginning made at Vienna must be
trocr_data/train_images/train_01189.png,"RELAXED , smiling and clearly in the best of"
trocr_data/train_images/train_01190.png,"to people of goodwill who hate the cold war ,"
trocr_data/train_images/train_01191.png,of Indonesian students broke through crash barriers
trocr_data/train_images/train_01192.png,to surround their President on the tarmac for
trocr_data/train_images/train_01193.png,"arrived from Vienna . A cheering , delighted crowd"
trocr_data/train_images/train_01194.png,"Dr. Sukarno , President and Prime Minister of"
trocr_data/train_images/train_01195.png,airport to join President Brezhnev in welcoming
trocr_data/train_images/train_01196.png,"Indonesia , who arrived by Boeing 707 jet on a"
trocr_data/train_images/train_01197.png,"meeting , peace-loving people will say ' a"
trocr_data/train_images/train_01198.png,state visit 40 minutes after Mr. Khrushchov had
trocr_data/train_images/train_01199.png,"good beginning . ' "" Mr. Krushchov remained at the"
trocr_data/train_images/train_01200.png,""" Thinking over the results of the Vienna"
trocr_data/train_images/train_01201.png,"establish an enduring peace between nations . """
trocr_data/train_images/train_01202.png,""" The Soviet Union has always striven and is"
trocr_data/train_images/train_01203.png,Mr. Khrushchov said he hoped his weekend
trocr_data/train_images/train_01204.png,"the peoples , to secure an early solution of the"
trocr_data/train_images/train_01205.png,"Schaerf , the Soviet Premier thanked Austria for"
trocr_data/train_images/train_01206.png,"In VIENNA , before flying off to Moscow ,"
trocr_data/train_images/train_01207.png,Replying to a farewell speech from Austrian President
trocr_data/train_images/train_01208.png,striving to safeguard an enduring peace for
trocr_data/train_images/train_01209.png,the hospitality and welcome he had received .
trocr_data/train_images/train_01210.png,"talks with President Kennedy would help "" to"
trocr_data/train_images/train_01211.png,implication he supported the establishment of
trocr_data/train_images/train_01212.png,defence of the Polaris missile base . And by
trocr_data/train_images/train_01213.png,"weapons were necessary to defend Britain , that"
trocr_data/train_images/train_01214.png,sites in Britain for the training of German
trocr_data/train_images/train_01215.png,must have nuclear weapons so long as the
trocr_data/train_images/train_01216.png,MR. GAITSKELL today delivered a full-blooded
trocr_data/train_images/train_01217.png,"Britain must depend on Nato and "" the West """
trocr_data/train_images/train_01218.png,troops . His main theme was that nuclear
trocr_data/train_images/train_01219.png,Soviet Union has them .
trocr_data/train_images/train_01220.png,widespread resentment over the U.S. Polaris base in
trocr_data/train_images/train_01221.png,their tactics by switching most of their emphasis on
trocr_data/train_images/train_01222.png,sure the Labour movement was coming round in
trocr_data/train_images/train_01223.png,"of General and Municipal Workers , he said he felt"
trocr_data/train_images/train_01224.png,to the missile .
trocr_data/train_images/train_01225.png,Addressing the annual congress of the National Union
trocr_data/train_images/train_01226.png,supporters of unilateral nuclear disarmament were changing
trocr_data/train_images/train_01227.png,support of his views . Obviously conscious of the fierce and
trocr_data/train_images/train_01228.png,"Britain , Mr. Gaitskell said that he even noticed that"
trocr_data/train_images/train_01229.png,"he said , they were out of date and vulnerable and"
trocr_data/train_images/train_01230.png,allied . But governments should be free to negotiate
trocr_data/train_images/train_01231.png,"agree . The Labour Party opposed Thor missiles , because ,"
trocr_data/train_images/train_01232.png,and refuse proposals with which they did not
trocr_data/train_images/train_01233.png,Mr Gaitskell said that a member of an alliance could
trocr_data/train_images/train_01234.png,would attract enemy action .
trocr_data/train_images/train_01235.png,not deny facilities to nations to which it was
trocr_data/train_images/train_01236.png,was far better for a weapon used for retaliatory
trocr_data/train_images/train_01237.png,This was why the Labour Party did not think it right
trocr_data/train_images/train_01238.png,"the West , somewhere , must have them too . It"
trocr_data/train_images/train_01239.png,to oppose the Polaris depot ship .
trocr_data/train_images/train_01240.png,That argument did not apply to the Polaris submarine .
trocr_data/train_images/train_01241.png,"So long as the Soviet Union had nuclear weapons ,"
trocr_data/train_images/train_01242.png,purposes to be under the sea rather than on land .
trocr_data/train_images/train_01243.png,in a more remote area . Mr. Gaitskell added that
trocr_data/train_images/train_01244.png,city with two million people . It should be sited
trocr_data/train_images/train_01245.png,of party members and still less the party's
trocr_data/train_images/train_01246.png,The party agreed that it was unwise to locate the base
trocr_data/train_images/train_01247.png,supporters in the country .
trocr_data/train_images/train_01248.png,"in the Holy Loch , only 30 miles from Glasgow , a"
trocr_data/train_images/train_01249.png,"the Scarborough conference decisions did not , in his"
trocr_data/train_images/train_01250.png,"view , truly reflect the opinions of the majority"
trocr_data/train_images/train_01251.png,"that "" those who organise these things "" were"
trocr_data/train_images/train_01252.png,Mr Gaitskell added that agreement with the
trocr_data/train_images/train_01253.png,he respected their views . He saw by reports
trocr_data/train_images/train_01254.png,to the official document on to opposition
trocr_data/train_images/train_01255.png,disarmament to shift the emphasis of
trocr_data/train_images/train_01256.png,to the Polaris base .
trocr_data/train_images/train_01257.png,recommending the supporters of unilateral nuclear
trocr_data/train_images/train_01258.png,their intervention away from straight opposition
trocr_data/train_images/train_01259.png,"unilateralists was not possible , though"
trocr_data/train_images/train_01260.png,Prime Minister should begin to take
trocr_data/train_images/train_01261.png,"with the agreement of Kennedy , in"
trocr_data/train_images/train_01262.png,"To Mr. Macmillan , Mr Gaitskell said the"
trocr_data/train_images/train_01263.png,in central Europe of a zone of controlled
trocr_data/train_images/train_01264.png,"talks with the Soviet Union , for the establishment"
trocr_data/train_images/train_01265.png,"weapons within the Nato alliance . "" Let us say"
trocr_data/train_images/train_01266.png,"to Macmillan that he should press , I hope"
trocr_data/train_images/train_01267.png,seriously the danger of the spread of nuclear
trocr_data/train_images/train_01268.png,"disarmament . """
trocr_data/train_images/train_01269.png,opportunity for the party . It was a
trocr_data/train_images/train_01270.png,an agreement on a zone of controlled
trocr_data/train_images/train_01271.png,disarmament in Europe . Mr Gaitskell
trocr_data/train_images/train_01272.png,Union would be prepared to reach
trocr_data/train_images/train_01273.png,"He thought , he said , that the Soviet"
trocr_data/train_images/train_01274.png,Inter-union jealousies prevent the
trocr_data/train_images/train_01275.png,was the beginning of a great period of
trocr_data/train_images/train_01276.png,"and other major questions , Mr. Jack Cooper"
trocr_data/train_images/train_01277.png,fulfilment of a common policy for wages
trocr_data/train_images/train_01278.png,great chance that should be grasped .
trocr_data/train_images/train_01279.png,"concluded , declaring that the present"
trocr_data/train_images/train_01280.png,matter . Consideration should also be given
trocr_data/train_images/train_01281.png,modification of their structures to
trocr_data/train_images/train_01282.png,to the regrouping of unions and the
trocr_data/train_images/train_01283.png,The General Council of the Trades Union
trocr_data/train_images/train_01284.png,meet the growing concentration of
trocr_data/train_images/train_01285.png,urgent - particularly in unions serving
trocr_data/train_images/train_01286.png,Congress should therefore consider the
trocr_data/train_images/train_01287.png,capital . Mr. Cooper argued that a
trocr_data/train_images/train_01288.png,common industrial contribution was
trocr_data/train_images/train_01289.png,workers in the same industry - along
trocr_data/train_images/train_01290.png,Macmillan yesterday morning he was given
trocr_data/train_images/train_01291.png,BEFORE President Kennedy met Mr.
trocr_data/train_images/train_01292.png,the views of a wide section of the
trocr_data/train_images/train_01293.png,bases in this country . An open letter
trocr_data/train_images/train_01294.png,Suggesting that a total T.U.C.
trocr_data/train_images/train_01295.png,"membership of eight million was a "" poor"
trocr_data/train_images/train_01296.png,written by Earl Russell hoping that the
trocr_data/train_images/train_01297.png,"show "" compared with some countries , he"
trocr_data/train_images/train_01298.png,British people about Polaris submarine
trocr_data/train_images/train_01299.png,argued that the position needed examination .
trocr_data/train_images/train_01300.png,"Earl Russell , President of the Committee"
trocr_data/train_images/train_01301.png,growing section which is opposed to
trocr_data/train_images/train_01302.png,already there have been protests but
trocr_data/train_images/train_01303.png,"British territory . "" He pointed out that"
trocr_data/train_images/train_01304.png,"that "" very much larger protests are to"
trocr_data/train_images/train_01305.png,"be expected and are being planned . """
trocr_data/train_images/train_01306.png,"the establishment of a Polaris base ,"
trocr_data/train_images/train_01307.png,"take notice of "" that very large and"
trocr_data/train_images/train_01308.png,"of 100 , told Kennedy that he should"
trocr_data/train_images/train_01309.png,whether at Holy Loch or elsewhere on
trocr_data/train_images/train_01310.png,"regrettable , that the agitation against"
trocr_data/train_images/train_01311.png,There are three kinds of reasons that justify
trocr_data/train_images/train_01312.png,to the policy of the United States .
trocr_data/train_images/train_01313.png,the Polaris base has generated some antagonism
trocr_data/train_images/train_01314.png,"the U.S. Government , Earl Russell suggested . "" The"
trocr_data/train_images/train_01315.png,"U.S. and Great Britain , not only in Government"
trocr_data/train_images/train_01316.png,the protests and these should carry weight with
trocr_data/train_images/train_01317.png,"says it is inevitable , though profoundly"
trocr_data/train_images/train_01318.png,serving the hitherto cordial relations between the
trocr_data/train_images/train_01319.png,first of these reasons is the importance of pre-
trocr_data/train_images/train_01320.png,"circles , but in public opinion . "" Earl Russell"
trocr_data/train_images/train_01321.png,"of Polaris submarines . "" He argues that"
trocr_data/train_images/train_01322.png,exercise any degree of control over the action
trocr_data/train_images/train_01323.png,as to the safety of the people of Great Britain ;
trocr_data/train_images/train_01324.png,impossible for the British authorities to
trocr_data/train_images/train_01325.png,The second reason is concerned with doubts
trocr_data/train_images/train_01326.png,Britain alone .
trocr_data/train_images/train_01327.png,there is a distinct possibility that so long
trocr_data/train_images/train_01328.png,Soviet Union might retaliate against
trocr_data/train_images/train_01329.png,as there is a Polaris base in Britain the
trocr_data/train_images/train_01330.png,""" in the time of crisis it would probably be"
trocr_data/train_images/train_01331.png,"add anything to the strength of America ,"
trocr_data/train_images/train_01332.png,"believes : "" It is very questionable whether"
trocr_data/train_images/train_01333.png,"the course of , at the most , an hour "" without"
trocr_data/train_images/train_01334.png,"while , on the contrary , they impose upon"
trocr_data/train_images/train_01335.png,British membership of Nato and British
trocr_data/train_images/train_01336.png,America an onerous obligation which it
trocr_data/train_images/train_01337.png,destroy the whole population of Britain in
trocr_data/train_images/train_01338.png,provoking American retaliation . Earl Russell
trocr_data/train_images/train_01339.png,"may prove impossible to fulfil . """
trocr_data/train_images/train_01340.png,""" Such retaliation might , and probably would ,"
trocr_data/train_images/train_01341.png,permission of American bases on our territory
trocr_data/train_images/train_01342.png,The third reason is that the supreme
trocr_data/train_images/train_01343.png,"prevention of nuclear war . "" A rapidly"
trocr_data/train_images/train_01344.png,in preventing a nuclear war as a neutral
trocr_data/train_images/train_01345.png,West and uncommitted nations - is the
trocr_data/train_images/train_01346.png,growing body of opinion in this country
trocr_data/train_images/train_01347.png,interest for the whole world - East and
trocr_data/train_images/train_01348.png,by helping to suggest agreements which could
trocr_data/train_images/train_01349.png,"be accepted by both East and West . """
trocr_data/train_images/train_01350.png,believes that Britain could be more effective
trocr_data/train_images/train_01351.png,"would be "" integrated "" to a greater"
trocr_data/train_images/train_01352.png,"about 400,000 men . The three Services"
trocr_data/train_images/train_01353.png,Services . Its aim will be to produce superbly
trocr_data/train_images/train_01354.png,"be published in March , is likely to"
trocr_data/train_images/train_01355.png,"THE next White Paper on defence , to"
trocr_data/train_images/train_01356.png,contain a five-year plan for the three
trocr_data/train_images/train_01357.png,"equipped , all-Regular forces of"
trocr_data/train_images/train_01358.png,extent than ever before .
trocr_data/train_images/train_01359.png,with the Prime Minister's approval .
trocr_data/train_images/train_01360.png,and operations . This would apply also in the
trocr_data/train_images/train_01361.png,"not contemplated , the Navy , Army and Royal"
trocr_data/train_images/train_01362.png,command structure and central administrative
trocr_data/train_images/train_01363.png,"organisation . Mr. Watkinson , Minister of Defence ,"
trocr_data/train_images/train_01364.png,"Air Force would become , for practical purposes ,"
trocr_data/train_images/train_01365.png,complete co-operation at all levels in training
trocr_data/train_images/train_01366.png,"has been working on the plan for some months ,"
trocr_data/train_images/train_01367.png,a single defence force . There would be
trocr_data/train_images/train_01368.png,"Short of wearing the same uniform , which is"
trocr_data/train_images/train_01369.png,are now being worked out by the Chiefs
trocr_data/train_images/train_01370.png,Ministers concerned with overseas aspects
trocr_data/train_images/train_01371.png,"of Staff , a process that may take four"
trocr_data/train_images/train_01372.png,Ministers . He has also had talks with the Earl
trocr_data/train_images/train_01373.png,"of Home , Foreign Secretary , and with other"
trocr_data/train_images/train_01374.png,of defence policy . Details of the scheme
trocr_data/train_images/train_01375.png,or five months .
trocr_data/train_images/train_01376.png,He has had numerous meetings with the Service
trocr_data/train_images/train_01377.png,approval . Mr. Watkinson remains con-
trocr_data/train_images/train_01378.png,The scheme will be subject to Cabinet
trocr_data/train_images/train_01379.png,"of Defence , is still correct . This was to"
trocr_data/train_images/train_01380.png,vinced that the policy initiated in
trocr_data/train_images/train_01381.png,return to the tradition of all-Regular
trocr_data/train_images/train_01382.png,"1957 , in Mr. Sandys's time as Minister"
trocr_data/train_images/train_01383.png,"voluntary forces , with the last National"
trocr_data/train_images/train_01384.png,of 1962 .
trocr_data/train_images/train_01385.png,Serviceman out of uniform by the end
trocr_data/train_images/train_01386.png,"cannot be entirely discounted , he does"
trocr_data/train_images/train_01387.png,not agree that the point has been reached
trocr_data/train_images/train_01388.png,He is confident the aim can be achieved .
trocr_data/train_images/train_01389.png,While the possibility of an eventual return
trocr_data/train_images/train_01390.png,engagement would probably have to be for
trocr_data/train_images/train_01391.png,"National Service is ever resorted to ,"
trocr_data/train_images/train_01392.png,The Minister regards the recent trend
trocr_data/train_images/train_01393.png,where this need even be considered . If
trocr_data/train_images/train_01394.png,to National Service in some form
trocr_data/train_images/train_01395.png,three years .
trocr_data/train_images/train_01396.png,of recruiting figures as encouraging .
trocr_data/train_images/train_01397.png,"Service , or over any other aspect of"
trocr_data/train_images/train_01398.png,no truth in suggestions that Mr. Watkinson
trocr_data/train_images/train_01399.png,serve at least a year overseas . There is
trocr_data/train_images/train_01400.png,is at odds with the Service chiefs over
trocr_data/train_images/train_01401.png,necessary for the extended training modern
trocr_data/train_images/train_01402.png,the decision to dispense with National
trocr_data/train_images/train_01403.png,It is thought this would be the minimum
trocr_data/train_images/train_01404.png,defence policy .
trocr_data/train_images/train_01405.png,arms require and to enable each man to
trocr_data/train_images/train_01406.png,Criticisms about Army manpower appear
trocr_data/train_images/train_01407.png,to have come mainly from retired officers
trocr_data/train_images/train_01408.png,"Francis Festing , who believes completely"
trocr_data/train_images/train_01409.png,"Sir Francis , is equally convinced Mr."
trocr_data/train_images/train_01410.png,"Gen. Sir Richard Hull , who is to succeed"
trocr_data/train_images/train_01411.png,who have held high positions but
trocr_data/train_images/train_01412.png,Watkinson is right .
trocr_data/train_images/train_01413.png,Mr. Watkinson has had the utmost support
trocr_data/train_images/train_01414.png,"from the C.I.G.S. , Field-Marshal Sir"
trocr_data/train_images/train_01415.png,are out of touch with the existing situation .
trocr_data/train_images/train_01416.png,in the principle of an all-Regular army .
trocr_data/train_images/train_01417.png,his leave .
trocr_data/train_images/train_01418.png,Sir Francis is to hand over to Sir Richard
trocr_data/train_images/train_01419.png,concentrated on possible need for important
trocr_data/train_images/train_01420.png,moment when attention had to be
trocr_data/train_images/train_01421.png,"as from Nov. 1 . The hand-over , due in"
trocr_data/train_images/train_01422.png,Berlin crisis . Mr. Watkinson and his advisers
trocr_data/train_images/train_01423.png,"Francis stayed on , and sacrificed"
trocr_data/train_images/train_01424.png,military operations . For this reason Sir
trocr_data/train_images/train_01425.png,felt the change would be unwise at a
trocr_data/train_images/train_01426.png,"September , was delayed because of the"
trocr_data/train_images/train_01427.png,the House . Early results in yesterday's
trocr_data/train_images/train_01428.png,There was a computed 8.4 per cent. swing
trocr_data/train_images/train_01429.png,the Prime Minister . This implies the dis-
trocr_data/train_images/train_01430.png,"fontein and the Transvaal , with slightly"
trocr_data/train_images/train_01431.png,"Lawrence , standing as a Progressive , was"
trocr_data/train_images/train_01432.png,"returned in their strongholds , like Bloem-"
trocr_data/train_images/train_01433.png,appearance of the Progressive party from
trocr_data/train_images/train_01434.png,"increased majorities . In the Cape , the"
trocr_data/train_images/train_01435.png,"veteran United Party politician , Mr. Harry"
trocr_data/train_images/train_01436.png,general election showed Nationalists being
trocr_data/train_images/train_01437.png,"towards the Nationalist party of Dr. Verwoerd ,"
trocr_data/train_images/train_01438.png,"Progressive party , Dr. Steytler , in Port"
trocr_data/train_images/train_01439.png,"Mr. Plewman , left the Progressives deprived"
trocr_data/train_images/train_01440.png,"afterwards by the United party candidate ,"
trocr_data/train_images/train_01441.png,dates are unopposed .
trocr_data/train_images/train_01442.png,The contests were for 86 seats as 70
trocr_data/train_images/train_01443.png,The defeat of the leader of the
trocr_data/train_images/train_01444.png,"the Leader of the Opposition , Sir de"
trocr_data/train_images/train_01445.png,"Elizabeth South , announced immediately"
trocr_data/train_images/train_01446.png,Nationalists and 20 United party candi-
trocr_data/train_images/train_01447.png,of both their chief figures . Dr. Verwoerd and
trocr_data/train_images/train_01448.png,"Villiers Graaff , have been returned unopposed ."
trocr_data/train_images/train_01449.png,evident that voters were bored by the
trocr_data/train_images/train_01450.png,last night that he had considered early
trocr_data/train_images/train_01451.png,the most apathetic in the country's history .
trocr_data/train_images/train_01452.png,Government's frequent appeals to the electorate .
trocr_data/train_images/train_01453.png,The election was the fourth in four years .
trocr_data/train_images/train_01454.png,British Army of the Rhine on to a war footing .
trocr_data/train_images/train_01455.png,THE Prime Minister disclosed in the Commons
trocr_data/train_images/train_01456.png,Long before polling closed at 8 p.m. it was
trocr_data/train_images/train_01457.png,in the Parliamentary recess whether to
trocr_data/train_images/train_01458.png,mobilise reserves necessary to bring the
trocr_data/train_images/train_01459.png,In most constituencies it may go down as
trocr_data/train_images/train_01460.png,to do so and to recall Parliament . But
trocr_data/train_images/train_01461.png,"economic and political kind . Mr. Macmillan ,"
trocr_data/train_images/train_01462.png,principle the imposed division of Germany .
trocr_data/train_images/train_01463.png,if a further deterioration in the situation
trocr_data/train_images/train_01464.png,warranted such a step . It would have to be
trocr_data/train_images/train_01465.png,He decided that it would be a great error
trocr_data/train_images/train_01466.png,who was winding up the foreign affairs
trocr_data/train_images/train_01467.png,"debate , said the Government could not"
trocr_data/train_images/train_01468.png,"accompanied by other measures of a military ,"
trocr_data/train_images/train_01469.png,there would be no hesitation in mobilising
trocr_data/train_images/train_01470.png,be party to accepting as a matter of
trocr_data/train_images/train_01471.png,"Minister of State , Foreign Office , said"
trocr_data/train_images/train_01472.png,tests . The Council's findings would be
trocr_data/train_images/train_01473.png,but we must not - and I am not - be
trocr_data/train_images/train_01474.png,the Medical Research Council to reassess
trocr_data/train_images/train_01475.png,earlier that the Government had asked
trocr_data/train_images/train_01476.png,"afraid of negotiation . "" Mr. Godber ,"
trocr_data/train_images/train_01477.png,the fall-out position in view of the Russian
trocr_data/train_images/train_01478.png,""" We must not be rattled into surrender ,"
trocr_data/train_images/train_01479.png,made public .
trocr_data/train_images/train_01480.png,that appeasement over Berlin could
trocr_data/train_images/train_01481.png,the surest way to avert it .
trocr_data/train_images/train_01482.png,"Eden , in his maiden speech in the House"
trocr_data/train_images/train_01483.png,With a vigour and authority which delighted
trocr_data/train_images/train_01484.png,"only lead to war . To stand firm , he"
trocr_data/train_images/train_01485.png,"the Earl of Avon , the former Sir Anthony"
trocr_data/train_images/train_01486.png,"old Parliamentary friends and foes alike ,"
trocr_data/train_images/train_01487.png,"declared , was not to invite war , but"
trocr_data/train_images/train_01488.png,"of Lords last night , gave a warning"
trocr_data/train_images/train_01489.png,Asia .
trocr_data/train_images/train_01490.png,nuclear tests ; the canard about British
trocr_data/train_images/train_01491.png,speech in which Mr. Macmillan wound up
trocr_data/train_images/train_01492.png,accent of urgency . He passed in rapid
trocr_data/train_images/train_01493.png,"tone , and his voice never rose to any"
trocr_data/train_images/train_01494.png,"He began in a low , almost chatty mono-"
trocr_data/train_images/train_01495.png,It was the end of a rather curious
trocr_data/train_images/train_01496.png,the two-day debate on foreign affairs .
trocr_data/train_images/train_01497.png,review the United Nations Secretariat ;
trocr_data/train_images/train_01498.png,interference with the United Nations
trocr_data/train_images/train_01499.png,in the Congo ; Kuwait ; and South-East
trocr_data/train_images/train_01500.png,He spent most of his short half-hour on
trocr_data/train_images/train_01501.png,Britain could not be a party to an imposed
trocr_data/train_images/train_01502.png,"division . But negotiation , as the debate had"
trocr_data/train_images/train_01503.png,final and irrevocable division of Germany .
trocr_data/train_images/train_01504.png,"some "" new myth "" about betrayal of Germany"
trocr_data/train_images/train_01505.png,"shown , could be undertaken on a variety"
trocr_data/train_images/train_01506.png,"by the Allies . "" We do not , "" he said , "" really"
trocr_data/train_images/train_01507.png,certain that they wanted to establish a
trocr_data/train_images/train_01508.png,"know what the Russians want . "" But he was"
trocr_data/train_images/train_01509.png,of bases .
trocr_data/train_images/train_01510.png,Berlin . He deplored the possibility of
trocr_data/train_images/train_01511.png,necessary to bring the British Army of the Rhine
trocr_data/train_images/train_01512.png,would have created a thoroughly unde-
trocr_data/train_images/train_01513.png,"by proclamation , such as would be"
trocr_data/train_images/train_01514.png,sirable atmosphere of panic . He thought
trocr_data/train_images/train_01515.png,that the situation was rather more
trocr_data/train_images/train_01516.png,on to a fully active footing . That
trocr_data/train_images/train_01517.png,Mr. Macmillan explained that he had deliber-
trocr_data/train_images/train_01518.png,ately refrained during the summer from
trocr_data/train_images/train_01519.png,hopeful .
trocr_data/train_images/train_01520.png,recalling Parliament or ordering mobilisation
trocr_data/train_images/train_01521.png,remarkable degree of sub-normality .
trocr_data/train_images/train_01522.png,than about substance . The Prime Minister's
trocr_data/train_images/train_01523.png,"at any time rose to fever pitch , to a"
trocr_data/train_images/train_01524.png,"temperature of the debate , which never"
trocr_data/train_images/train_01525.png,"of Home , Foreign Secretary , was listening"
trocr_data/train_images/train_01526.png,in the Peers' Gallery .
trocr_data/train_images/train_01527.png,Throughout Mr. Macmillan's speech the Earl
trocr_data/train_images/train_01528.png,The Russians now realised its seriousness . The
trocr_data/train_images/train_01529.png,attitude of studied calm brought down the
trocr_data/train_images/train_01530.png,French doubts were more about procedure
trocr_data/train_images/train_01531.png,"State , Foreign Office , as "" pedantic and"
trocr_data/train_images/train_01532.png,severely rated the speech of his predecessor .
trocr_data/train_images/train_01533.png,"censured by Mr. Shinwell , former Labour"
trocr_data/train_images/train_01534.png,"Defence Minister , for having read the"
trocr_data/train_images/train_01535.png,These strictures were all too well justified .
trocr_data/train_images/train_01536.png,"of Mr. Healey , "" Shadow "" Foreign Secretary ,"
trocr_data/train_images/train_01537.png,"described by Mr. Godber , Minister of"
trocr_data/train_images/train_01538.png,We started with the plaintive wailings
trocr_data/train_images/train_01539.png,"obscure on Berlin , damaging and obscure"
trocr_data/train_images/train_01540.png,The early speakers in the debate each
trocr_data/train_images/train_01541.png,"on the Congo . "" In turn , Mr. Godber was"
trocr_data/train_images/train_01542.png,The trouble about such debates is that
trocr_data/train_images/train_01543.png,Healey had another tilt at the Prime Minister's
trocr_data/train_images/train_01544.png,in which all the boys were welcome to
trocr_data/train_images/train_01545.png,early stages of to-night's debate . Mr.
trocr_data/train_images/train_01546.png,"golf-course Press conference , which he"
trocr_data/train_images/train_01547.png,they range too widely . They remind one of
trocr_data/train_images/train_01548.png,"business "" removed their jackets . Not many"
trocr_data/train_images/train_01549.png,"the Rugby match in "" Tom Brown's Schooldays , """
trocr_data/train_images/train_01550.png,metaphorical braces were visible in the
trocr_data/train_images/train_01551.png,"described as "" a display of flabby and"
trocr_data/train_images/train_01552.png,"take part , and only those who "" really meant"
trocr_data/train_images/train_01553.png,theme of limitation of armaments in Europe .
trocr_data/train_images/train_01554.png,prohibition of the production of atomic
trocr_data/train_images/train_01555.png,establish in these territories .
trocr_data/train_images/train_01556.png,"from Mr. Ellis Smith ( Lab. , Stoke on Trent S. ) ."
trocr_data/train_images/train_01557.png,A reference to the reunification of Germany
trocr_data/train_images/train_01558.png,"This could , he suggested , be linked with"
trocr_data/train_images/train_01559.png,"brought a bark of "" Start another war ! """
trocr_data/train_images/train_01560.png,weapons in any part of Europe . Inspection
trocr_data/train_images/train_01561.png,Then Mr. Healey launched out on his pet
trocr_data/train_images/train_01562.png,and control would be much easier to
trocr_data/train_images/train_01563.png,rebuked the unaligned nations for not
trocr_data/train_images/train_01564.png,"bingo-parlour . """
trocr_data/train_images/train_01565.png,the temple of their religion is the
trocr_data/train_images/train_01566.png,"the Government , said Mr. Healey , to"
trocr_data/train_images/train_01567.png,using double standards . Ministers had
trocr_data/train_images/train_01568.png,Mr. Healey denounced the Government for
trocr_data/train_images/train_01569.png,events in Angola or Algeria . It was not for
trocr_data/train_images/train_01570.png,"condemning the new Russian tests , but"
trocr_data/train_images/train_01571.png,"take up moral attitudes , "" especially when"
trocr_data/train_images/train_01572.png,they themselves had no condemnation for
trocr_data/train_images/train_01573.png,"night by his leader , Mr. Gaitskell . Mr."
trocr_data/train_images/train_01574.png,religion as had failed to detect this cult .
trocr_data/train_images/train_01575.png,limited success . He rallied behind him
trocr_data/train_images/train_01576.png,Godber's performance merited all the mild
trocr_data/train_images/train_01577.png,scorn heaped on it by Mr. Shinwell .
trocr_data/train_images/train_01578.png,This puzzled such students of comparative
trocr_data/train_images/train_01579.png,But Mr. Healey had a partial and
trocr_data/train_images/train_01580.png,the Left-wing opinion so coolly snubbed last
trocr_data/train_images/train_01581.png,the council's findings would be published .
trocr_data/train_images/train_01582.png,Government had asked the Medical Research
trocr_data/train_images/train_01583.png,Sahara on the grounds that they were
trocr_data/train_images/train_01584.png,He was not so happy in his defence of
trocr_data/train_images/train_01585.png,France for her nuclear tests in the
trocr_data/train_images/train_01586.png,the Government's failure to condemn
trocr_data/train_images/train_01587.png,Council to reassess the fall-out position in
trocr_data/train_images/train_01588.png,"True , he did tell the House that the"
trocr_data/train_images/train_01589.png,only little ones .
trocr_data/train_images/train_01590.png,"view of the Russian tests , and said that"
trocr_data/train_images/train_01591.png,"Thomas , M.P. for Leicester N.E. , a former"
trocr_data/train_images/train_01592.png,"brief . He resembles the elephant seal , an"
trocr_data/train_images/train_01593.png,otherwise endearing creature whose
trocr_data/train_images/train_01594.png,"Labour Solicitor-General , and Mrs. Barbara"
trocr_data/train_images/train_01595.png,through a cliche-ridden Foreign Office
trocr_data/train_images/train_01596.png,"articulation is limited , we are told , to a"
trocr_data/train_images/train_01597.png,This was too reminiscent of the nursemaid
trocr_data/train_images/train_01598.png,and her illegitimate baby . For the most
trocr_data/train_images/train_01599.png,"part , Mr. Godber muttered his way"
trocr_data/train_images/train_01600.png,series of heavy sighs . Sir Lynn Ungoed-
trocr_data/train_images/train_01601.png,of the Campaign for Nuclear
trocr_data/train_images/train_01602.png,A personal letter of protest against the
trocr_data/train_images/train_01603.png,"atmosphere as a crime against humanity . """
trocr_data/train_images/train_01604.png,of them Left-wing sympathisers .
trocr_data/train_images/train_01605.png,"Khruschev , was also taken to the"
trocr_data/train_images/train_01606.png,Russian Embassy .
trocr_data/train_images/train_01607.png,"tests from Canon Collins , chairman"
trocr_data/train_images/train_01608.png,"It condemned "" the pollution of the world's"
trocr_data/train_images/train_01609.png,"Disarmament , addressed to Mr."
trocr_data/train_images/train_01610.png,"It was signed by 60 Labour M.P.s , many"
trocr_data/train_images/train_01611.png,on disarmament .
trocr_data/train_images/train_01612.png,Lobby of the House of Commons last
trocr_data/train_images/train_01613.png,night and formed a queue stretching
trocr_data/train_images/train_01614.png,bomb demonstrators thronged the Central
trocr_data/train_images/train_01615.png,A POLITICAL CORRESPONDENT writes : Ban-the-
trocr_data/train_images/train_01616.png,"in Old Palace Yard . About 2,000"
trocr_data/train_images/train_01617.png,lobbied M.P.s and harangued them
trocr_data/train_images/train_01618.png,for more than 200 yards outside
trocr_data/train_images/train_01619.png,to deal in his next regular Budget with
trocr_data/train_images/train_01620.png,to catch speculators in shares and property .
trocr_data/train_images/train_01621.png,MR SELWYN LLOYD may speed up his plans
trocr_data/train_images/train_01622.png,some profits which now escape tax .
trocr_data/train_images/train_01623.png,Lloyd said on Tuesday that he proposed
trocr_data/train_images/train_01624.png,dramatically in the Commons yesterday . Mr
trocr_data/train_images/train_01625.png,"public opinion over his "" July Budget "" came"
trocr_data/train_images/train_01626.png,The first hint of the Chancellor bowing to
trocr_data/train_images/train_01627.png,Government does not like retrospective legislation .
trocr_data/train_images/train_01628.png,companies and put one property deal through
trocr_data/train_images/train_01629.png,people the Chancellor hopes to tax . These
trocr_data/train_images/train_01630.png,and property dealers who form a chain of
trocr_data/train_images/train_01631.png,"to the Treasury , said yesterday that the"
trocr_data/train_images/train_01632.png,are people buying and selling shares within
trocr_data/train_images/train_01633.png,"Sir Edward Boyle , Financial Secretary"
trocr_data/train_images/train_01634.png,"a short period , those "" stagging "" on a new issue"
trocr_data/train_images/train_01635.png,each .
trocr_data/train_images/train_01636.png,He went on to describe the kind of
trocr_data/train_images/train_01637.png,"was speaking , the Prime Minister and Mr. Lloyd"
trocr_data/train_images/train_01638.png,had a whispered conversation .
trocr_data/train_images/train_01639.png,it an Autumn Budget . You can call it a Taxation
trocr_data/train_images/train_01640.png,"legislation . "" Why don't you make proposals to legislate"
trocr_data/train_images/train_01641.png,"in the autumn ? "" Mr. Wilson asked . "" We wouldn't call"
trocr_data/train_images/train_01642.png,"Mr. Harold Wilson , Shadow Chancellor , jumped up to"
trocr_data/train_images/train_01643.png,"Management Bill , if you like . "" While Mr. Wilson"
trocr_data/train_images/train_01644.png,offer the Government an easy passage for such
trocr_data/train_images/train_01645.png,Mr. Wilson's offer in mind . Guy Eden writes :
trocr_data/train_images/train_01646.png,""" commit suicide "" at the TUC's"
trocr_data/train_images/train_01647.png,"FRANK FOULKES , Communist president"
trocr_data/train_images/train_01648.png,Treasury experts are already working on
trocr_data/train_images/train_01649.png,quick in-and-out speculator deals .
trocr_data/train_images/train_01650.png,They nodded at each other and Sir Edward
trocr_data/train_images/train_01651.png,invitation .
trocr_data/train_images/train_01652.png,"in industry will not be affected , but only"
trocr_data/train_images/train_01653.png,the scheme . Profits of genuine investors
trocr_data/train_images/train_01654.png,"of the ETU , refused yesterday to"
trocr_data/train_images/train_01655.png,rose to say that the Chancellor would bear
trocr_data/train_images/train_01656.png,"ETU. In reply to the call for his resignation he said : "" Our rules"
trocr_data/train_images/train_01657.png,I should commit hara-kiri .
trocr_data/train_images/train_01658.png,say that if an official resigns he is not allowed to run again
trocr_data/train_images/train_01659.png,"for three years . "" I have only 2 12 years to go before I retire ,"
trocr_data/train_images/train_01660.png,He was announcing his executive's rejection of the ultimatum to the
trocr_data/train_images/train_01661.png,so this is an invitation from my good friends of the TUC that
trocr_data/train_images/train_01662.png,years ; Sub-committees set up to strip
trocr_data/train_images/train_01663.png,secretary John Byrne of his powers must
trocr_data/train_images/train_01664.png,disband in ten days . These the ETU
trocr_data/train_images/train_01665.png,The other TUC demands : Five leading
trocr_data/train_images/train_01666.png,Communists must not hold office for five
trocr_data/train_images/train_01667.png,committees .
trocr_data/train_images/train_01668.png,"and "" unwarranted "" interference . "" But it"
trocr_data/train_images/train_01669.png,agreed to postpone operation of the sub-
trocr_data/train_images/train_01670.png,"executive rejected as "" wholly unacceptable """
trocr_data/train_images/train_01671.png,"The small rocket craft , for destroying big"
trocr_data/train_images/train_01672.png,"20 years they will have free food , housing , light ,"
trocr_data/train_images/train_01673.png,to the preparations for launching their
trocr_data/train_images/train_01674.png,Leningrad were thousands now told that in
trocr_data/train_images/train_01675.png,"heat , transport and medical treatment - all"
trocr_data/train_images/train_01676.png,rockets . Applauding on the river banks at
trocr_data/train_images/train_01677.png,for a working week of 34 to 36 hours .
trocr_data/train_images/train_01678.png,"ships , are controlled automatically , even"
trocr_data/train_images/train_01679.png,Union can be seen here - a truly inspiring
trocr_data/train_images/train_01680.png,"and proud sight , "" said Moscow radio's"
trocr_data/train_images/train_01681.png,Commons of his momentous
trocr_data/train_images/train_01682.png,"the Communist "" Nato . "" He said rocket-"
trocr_data/train_images/train_01683.png,the basis of the Soviet Navy . MR.
trocr_data/train_images/train_01684.png,MACMILLAN'S announcement in the
trocr_data/train_images/train_01685.png,forces of the Warsaw Pact countries -
trocr_data/train_images/train_01686.png,""" The whole naval might of the Soviet"
trocr_data/train_images/train_01687.png,commentator . The parade was reviewed by
trocr_data/train_images/train_01688.png,"Marshal Andrei Grechko , commanding the"
trocr_data/train_images/train_01689.png,carrying atomic submarines now formed
trocr_data/train_images/train_01690.png,"and added : "" It is the most disastrous thing any Prime"
trocr_data/train_images/train_01691.png,"Minister has done for many , many generations . "" He"
trocr_data/train_images/train_01692.png,"concluded : "" The best service the Prime Minister can do"
trocr_data/train_images/train_01693.png,all parties . Even close friends were signalling Mr. Fell
trocr_data/train_images/train_01694.png,"would be to resign . "" The outburst shocked MPs of"
trocr_data/train_images/train_01695.png,"Mr. Anthony Fell ( Yarmouth ) called the decision "" shocking """
trocr_data/train_images/train_01696.png,to stop .
trocr_data/train_images/train_01697.png,"down . A few minutes later , Mr. Fell got up"
trocr_data/train_images/train_01698.png,all parts of the Conservative side . Mr.
trocr_data/train_images/train_01699.png,waved his hand at Mr. Fell .
trocr_data/train_images/train_01700.png,minutes later to stand just inside the
trocr_data/train_images/train_01701.png,"middle of the amazing scene , Mr. Macmillan"
trocr_data/train_images/train_01702.png,Fell appeared to be in tears as he sat
trocr_data/train_images/train_01703.png,"There were loud cries of "" shame "" from"
trocr_data/train_images/train_01704.png,and left the chamber . He returned five
trocr_data/train_images/train_01705.png,doorway looking more composed . In the
trocr_data/train_images/train_01706.png,"to sit down by the Prime Minister . "" Protests had been expected"
trocr_data/train_images/train_01707.png,the effect on one former supporter that he now thinks this Prime
trocr_data/train_images/train_01708.png,"accused the Prime Minister of "" political double talk . "" "" It had"
trocr_data/train_images/train_01709.png,"Minister is a national disaster , "" he said ."
trocr_data/train_images/train_01710.png,"This seemed to infuriate Mr. Fell even more . "" I cannot be told"
trocr_data/train_images/train_01711.png,from Tory rebels . But Mr. Fell's attack was unprecedented . He
trocr_data/train_images/train_01712.png,"opposition , which will be aired in the"
trocr_data/train_images/train_01713.png,debate tomorrow and on Thursday .
trocr_data/train_images/train_01714.png,"anything , rallied support to the Prime Minister ."
trocr_data/train_images/train_01715.png,"This apparently , was Mr. Macmillan's assessment ."
trocr_data/train_images/train_01716.png,"Most MPs agreed that Mr. Fell's attack had , if"
trocr_data/train_images/train_01717.png,"that Mr. Fell had probably "" maximised his"
trocr_data/train_images/train_01718.png,of such ferocity . But there was ample
trocr_data/train_images/train_01719.png,"support . "" There were no other attacks"
trocr_data/train_images/train_01720.png,He confined his reply to the observation
trocr_data/train_images/train_01721.png,evidence of Conservative and Labour
trocr_data/train_images/train_01722.png,Government's intention :
trocr_data/train_images/train_01723.png,of our European Free Trade Association partners
trocr_data/train_images/train_01724.png,Community without prior negotiation with a view
trocr_data/train_images/train_01725.png,Government could join the European Economic
trocr_data/train_images/train_01726.png,"and of British agriculture . "" Near the end of a"
trocr_data/train_images/train_01727.png,"House was crowded . He said : "" No British"
trocr_data/train_images/train_01728.png,"to meeting the needs of the Commonwealth countries ,"
trocr_data/train_images/train_01729.png,"long statement , Mr. Macmillan stated the"
trocr_data/train_images/train_01730.png,"As Mr. Macmillan made his announcement , the"
trocr_data/train_images/train_01731.png,""" Shame . "" Mr. Williams is a close"
trocr_data/train_images/train_01732.png,conclusion that it would be right for
trocr_data/train_images/train_01733.png,Britain to make a formal application . .
trocr_data/train_images/train_01734.png,""" After long and earnest consideration , Her"
trocr_data/train_images/train_01735.png,"the Community . "" At this point , Mr. Paul"
trocr_data/train_images/train_01736.png,"Williams ( Cons. , Sunderland ) called out"
trocr_data/train_images/train_01737.png,associate of Mr. Fell .
trocr_data/train_images/train_01738.png,for negotiations with a view to joining
trocr_data/train_images/train_01739.png,Majesty's Government have come to the
trocr_data/train_images/train_01740.png,behind the Serjeant at Arms' chair .
trocr_data/train_images/train_01741.png,"raised by Tory critics . Mr. Anthony Fell ,"
trocr_data/train_images/train_01742.png,"He claimed that , unless we were in the"
trocr_data/train_images/train_01743.png,"Monday , took up a position almost hidden"
trocr_data/train_images/train_01744.png,play any part in determining its future .
trocr_data/train_images/train_01745.png,who created a scene on this point on
trocr_data/train_images/train_01746.png,"Common Market , we should not be able to"
trocr_data/train_images/train_01747.png,Mr. Macmillan dealt with the main objection
trocr_data/train_images/train_01748.png,""" We can lead better from within , "" he said ."
trocr_data/train_images/train_01749.png,he said .
trocr_data/train_images/train_01750.png,"Common Market . "" The Community"
trocr_data/train_images/train_01751.png,( Common Market ) has imparted an
trocr_data/train_images/train_01752.png,"to The Six . Above all , it is an idea"
trocr_data/train_images/train_01753.png,tribute to the development of the
trocr_data/train_images/train_01754.png,Market than by isolation . He paid
trocr_data/train_images/train_01755.png,impetus and an economic growth
trocr_data/train_images/train_01756.png,to the Commonwealth through the
trocr_data/train_images/train_01757.png,"which has gripped men's minds , """
trocr_data/train_images/train_01758.png,strength we would gain in the Common
trocr_data/train_images/train_01759.png,Mr. Macmillan said we could be more help
trocr_data/train_images/train_01760.png,"probably gain . "" Many people feel we have had , perhaps , too"
trocr_data/train_images/train_01761.png,"Mr. Reginald Maudling . "" These were negotiations in which the"
trocr_data/train_images/train_01762.png,"President of the Board of Trade played a conspicuous part , "" the"
trocr_data/train_images/train_01763.png,"swamped by cheap labour . Our industry , he said , would"
trocr_data/train_images/train_01764.png,"Referring to previous negotiations , Mr. Macmillan looked towards"
trocr_data/train_images/train_01765.png,Premier said . He dismissed the idea that Britain would be
trocr_data/train_images/train_01766.png,"much shelter , "" he went on ."
trocr_data/train_images/train_01767.png,Minister that I do not think
trocr_data/train_images/train_01768.png,"federalism in Europe , "" he went"
trocr_data/train_images/train_01769.png,"retorted . "" I agree with the Prime"
trocr_data/train_images/train_01770.png,we are necessarily bound for
trocr_data/train_images/train_01771.png,Mr. Gaitskell said he had been
trocr_data/train_images/train_01772.png,"of considerable authority , "" he"
trocr_data/train_images/train_01773.png,on .
trocr_data/train_images/train_01774.png,Conservatives protested when
trocr_data/train_images/train_01775.png,"told this "" by some people"
trocr_data/train_images/train_01776.png,food subsidies would probably be
trocr_data/train_images/train_01777.png,season moves into top gear .
trocr_data/train_images/train_01778.png,BUDGETTE or no Budgette YOU are
trocr_data/train_images/train_01779.png,"replaced by a system of tariffs "" That"
trocr_data/train_images/train_01780.png,all-time peak .
trocr_data/train_images/train_01781.png,"will mean a rise in the cost of living . """
trocr_data/train_images/train_01782.png,the spending spree is at a new
trocr_data/train_images/train_01783.png,"If we joined the Common Market , our"
trocr_data/train_images/train_01784.png,spending more as the summer holiday
trocr_data/train_images/train_01785.png,On the eve of August Bank Holiday
trocr_data/train_images/train_01786.png,Now look at the other side of all
trocr_data/train_images/train_01787.png,sixth successive week - this
trocr_data/train_images/train_01788.png,Note circulation soared for the
trocr_data/train_images/train_01789.png,these coins .
trocr_data/train_images/train_01790.png,"100,000,000 more than the corresponding"
trocr_data/train_images/train_01791.png,"time by more than 15,000,000 last"
trocr_data/train_images/train_01792.png,week . And that brought the figure
trocr_data/train_images/train_01793.png,"week last year and 37,000,000 up on"
trocr_data/train_images/train_01794.png,the 1960 record set last Christmas .
trocr_data/train_images/train_01795.png,"to a record 2,415,000,000 . This was"
trocr_data/train_images/train_01796.png,form of special deposits with the Bank of England .
trocr_data/train_images/train_01797.png,stricter in recalling existing overdrafts . This is underlined in
trocr_data/train_images/train_01798.png,difficult to arrange a loan or overdraft . And banks will be
trocr_data/train_images/train_01799.png,the Central Bank's weekly return ... ... which shows that more
trocr_data/train_images/train_01800.png,"The big "" squeeze "" means that it is going to be more"
trocr_data/train_images/train_01801.png,"than 163,000,000 of the banks' money is now frozen in the"
trocr_data/train_images/train_01802.png,"instalment of almost 8,000,000"
trocr_data/train_images/train_01803.png,"this year . """
trocr_data/train_images/train_01804.png,MR. KRUSCHEV raises the bogy of
trocr_data/train_images/train_01805.png,in response to the Budgette appeal .
trocr_data/train_images/train_01806.png,by September 20 . For nearly a year
trocr_data/train_images/train_01807.png,"About another 70,000,000 is due"
trocr_data/train_images/train_01808.png,"about 150,000,000 has been frozen ."
trocr_data/train_images/train_01809.png,Banks have paid in a first
trocr_data/train_images/train_01810.png,German militarism in his replies to
trocr_data/train_images/train_01811.png,the West on Berlin . And he repeats
trocr_data/train_images/train_01812.png,"that the problem "" must be solved"
trocr_data/train_images/train_01813.png,forces and arms to touch off a world war .
trocr_data/train_images/train_01814.png,"treaty with Germany causes no real danger . West Germany ,"
trocr_data/train_images/train_01815.png,West Germany were published in Moscow yesterday . They
trocr_data/train_images/train_01816.png,"hotbed of war danger in Europe . Even now , aided by"
trocr_data/train_images/train_01817.png,"with its militarists and revenge-seekers , is becoming a"
trocr_data/train_images/train_01818.png,"the U.S. , Britain and France , it has more than enough"
trocr_data/train_images/train_01819.png,The Notes to the Big Three and a memorandum to
trocr_data/train_images/train_01820.png,tell : The U.S. - It is false to say the absence of a peace
trocr_data/train_images/train_01821.png,put at the disposal of those very militarists who razed
trocr_data/train_images/train_01822.png,cities . FRANCE - One can hardly conceive the French are
trocr_data/train_images/train_01823.png,generals and officers .
trocr_data/train_images/train_01824.png,"not alarmed ... . Next door , in West Germany , before everyone's"
trocr_data/train_images/train_01825.png,eyes there has sprung up a regular army led by former Nazi
trocr_data/train_images/train_01826.png,BRITAIN - One cannot but wonder at British bases being
trocr_data/train_images/train_01827.png,Coventry and barbarously bombed London and other British
trocr_data/train_images/train_01828.png,contingency would be to sign a peace treaty to remove the cancerous
trocr_data/train_images/train_01829.png,determination and tramples on Tunisians' right to independence .
trocr_data/train_images/train_01830.png,realization that West Germany would not survive even a few hours
trocr_data/train_images/train_01831.png,With fire and sword France denies Algeria the right to self-
trocr_data/train_images/train_01832.png,growth of West Berlin's occupation status .
trocr_data/train_images/train_01833.png,of a third world war . The best way to rule out such a tragic
trocr_data/train_images/train_01834.png,WEST GERMANY - Russia would like to see a clear
trocr_data/train_images/train_01835.png,DURING MONDAY NIGHT . And officials
trocr_data/train_images/train_01836.png,West Germany . REFUGEES are pouring out
trocr_data/train_images/train_01837.png,"3,000 a day ."
trocr_data/train_images/train_01838.png,expect the total to leap to
trocr_data/train_images/train_01839.png,Berlin faster than ever . Mr. K's latest
trocr_data/train_images/train_01840.png,of East Germany into West
trocr_data/train_images/train_01841.png,determination is the intention to impose
trocr_data/train_images/train_01842.png,Behind Bonn's slogan of German self-
trocr_data/train_images/train_01843.png,on East Germany the regime existing in
trocr_data/train_images/train_01844.png,"speech scared 1,157 East Germans to"
trocr_data/train_images/train_01845.png,cross into West Berlin's reception centre
trocr_data/train_images/train_01846.png,"East German disturbances on July 17 , 1953 . And officials"
trocr_data/train_images/train_01847.png,fear it may be too much for the city's refugee camps .
trocr_data/train_images/train_01848.png,This figure has been surpassed only on the eve of the
trocr_data/train_images/train_01849.png,They will overflow and private houses will have to be used .
trocr_data/train_images/train_01850.png,Commonwealth ? The issue is touch and go .
trocr_data/train_images/train_01851.png,Prime Minister after Prime Minister speaks out
trocr_data/train_images/train_01852.png,Conference in London . Will it end with
trocr_data/train_images/train_01853.png,South Africa's exclusion from the
trocr_data/train_images/train_01854.png,in revulsion against the South African
trocr_data/train_images/train_01855.png,for the curtain to rise on the Commonwealth
trocr_data/train_images/train_01856.png,Government's policy of apartheid as we wait
trocr_data/train_images/train_01857.png,not clear-cut .
trocr_data/train_images/train_01858.png,Republic later in the year . But if a final
trocr_data/train_images/train_01859.png,do the strongest arguments lie ? THE Archbishop
trocr_data/train_images/train_01860.png,of Capetown has shown that the matter is
trocr_data/train_images/train_01861.png,wait until South Africa actually becomes a
trocr_data/train_images/train_01862.png,"decision is to be faced now , on which side"
trocr_data/train_images/train_01863.png,settled at this conference . It may be agreed to
trocr_data/train_images/train_01864.png,There is a possibility that it will not be
trocr_data/train_images/train_01865.png,working for a change of policy . In his view
trocr_data/train_images/train_01866.png,Africans .
trocr_data/train_images/train_01867.png,it would also be against the interests of the
trocr_data/train_images/train_01868.png,with attention . On purely practical grounds he
trocr_data/train_images/train_01869.png,holds that it would be a mistake to expel
trocr_data/train_images/train_01870.png,fighter against apartheid . He must be heard
trocr_data/train_images/train_01871.png,"South Africa , weakening the whites who are"
trocr_data/train_images/train_01872.png,The Archbishop has long been a courageous
trocr_data/train_images/train_01873.png,the apartheid policy .
trocr_data/train_images/train_01874.png,Africa while she remains in the Commonwealth
trocr_data/train_images/train_01875.png,Verwoerd and the Nationalists . They point out
trocr_data/train_images/train_01876.png,"On the other hand , those who favour expulsion , inclu-"
trocr_data/train_images/train_01877.png,than could be exercised were she cut off from it .
trocr_data/train_images/train_01878.png,that Dr. Verwoerd refuses to consider abandoning
trocr_data/train_images/train_01879.png,"ding African leaders , feel that nothing less than the"
trocr_data/train_images/train_01880.png,shock of expulsion will weaken the grip of Dr.
trocr_data/train_images/train_01881.png,He holds that more pressure can be put on South
trocr_data/train_images/train_01882.png,a Commonwealth which had room for a racist
trocr_data/train_images/train_01883.png,Whatever statesmen say at the conference table in
trocr_data/train_images/train_01884.png,who is white .
trocr_data/train_images/train_01885.png,policy of racial discrimination in any of its countries
trocr_data/train_images/train_01886.png,which five citizens are coloured for every one
trocr_data/train_images/train_01887.png,THE Commonwealth is a multi-racial society . A
trocr_data/train_images/train_01888.png,South Africa . And this is a Commonwealth in
trocr_data/train_images/train_01889.png,"London , millions at home would regard as fraudulent"
trocr_data/train_images/train_01890.png,is surely the one thing that it could not survive .
trocr_data/train_images/train_01891.png,apartheid is a menace to the Commonwealth and a
trocr_data/train_images/train_01892.png,liability to the whole Western world . A practical
trocr_data/train_images/train_01893.png,a set of principles excluding race discrimination .
trocr_data/train_images/train_01894.png,solution would be for the Commonwealth to draft
trocr_data/train_images/train_01895.png,"Seen in this wider picture , a South Africa that clings to"
trocr_data/train_images/train_01896.png,or go out .
trocr_data/train_images/train_01897.png,"And so leave South Africa to make the grade ,"
trocr_data/train_images/train_01898.png,have taken the headlines in this country .
trocr_data/train_images/train_01899.png,"Nevertheless , the tour has been an immense"
trocr_data/train_images/train_01900.png,would be pleasanter if such cruel and feudal
trocr_data/train_images/train_01901.png,tonight from their tour in the East . The duke's
trocr_data/train_images/train_01902.png,THE Queen and the Duke of Edinburgh come home
trocr_data/train_images/train_01903.png,dropped from future Royal programmes .
trocr_data/train_images/train_01904.png,performances as tiger and rhino hunts were
trocr_data/train_images/train_01905.png,trigger-finger and the ritual slaughter of beasts
trocr_data/train_images/train_01906.png,success . The Queen has won a triumph . It
trocr_data/train_images/train_01907.png,yesterday by the Dutch - has made the gesture
trocr_data/train_images/train_01908.png,Pakistan are happy memories . WEST GERMANY - followed
trocr_data/train_images/train_01909.png,of a good neighbour . She has put up the value
trocr_data/train_images/train_01910.png,of her money .
trocr_data/train_images/train_01911.png,their visit . The warmth of their welcome in India and
trocr_data/train_images/train_01912.png,But the Queen and the Duke have pleased millions by
trocr_data/train_images/train_01913.png,"their balances , will gain some immediate help ."
trocr_data/train_images/train_01914.png,Germany exports will be made a little dearer .
trocr_data/train_images/train_01915.png,What it means in practical terms is that our
trocr_data/train_images/train_01916.png,"for Germans to buy , while the goods which"
trocr_data/train_images/train_01917.png,in the direction of live-and-let-live . Hopes
trocr_data/train_images/train_01918.png,"Certainly , the rise is very small . But it is a step"
trocr_data/train_images/train_01919.png,"co-operation , which is the only way to solve the"
trocr_data/train_images/train_01920.png,exports to Germany will now be a little cheaper
trocr_data/train_images/train_01921.png,"Britain and the U.S. , which have problems with"
trocr_data/train_images/train_01922.png,payments difficulties that upset the Western world .
trocr_data/train_images/train_01923.png,will now grow brighter of further international
trocr_data/train_images/train_01924.png,dollars have been drained into Germany .
trocr_data/train_images/train_01925.png,as a means to curb rising prices at home . She is
trocr_data/train_images/train_01926.png,also aware how unpopular she has been growing
trocr_data/train_images/train_01927.png,should . Germany exports much more than she imports .
trocr_data/train_images/train_01928.png,by failing until now to co-operate as a creditor nation
trocr_data/train_images/train_01929.png,Booming Germany is deliberately encouraging more imports
trocr_data/train_images/train_01930.png,For upwards of five years the world's reserves of
trocr_data/train_images/train_01931.png,Germany's massive trading surplus and choke
trocr_data/train_images/train_01932.png,the strength of Germany's trading position has attracted
trocr_data/train_images/train_01933.png,off speculation against dollar and pound ?
trocr_data/train_images/train_01934.png,Germany has no tradition of trading abroad . In addition
trocr_data/train_images/train_01935.png,"hoping for the mark to rise , as has now happened ."
trocr_data/train_images/train_01936.png,There they have stayed uselessly locked up because
trocr_data/train_images/train_01937.png,"speculators to hold marks rather than pounds or dollars ,"
trocr_data/train_images/train_01938.png,WILL the new valuation be enough to correct
trocr_data/train_images/train_01939.png,"share in giving aid to underdeveloped nations , the"
trocr_data/train_images/train_01940.png,to optimism is the sign that Germany and the
trocr_data/train_images/train_01941.png,world outlook will be brighter . What gives rise
trocr_data/train_images/train_01942.png,"good-neighbour gesture , Germany takes a really big"
trocr_data/train_images/train_01943.png,other leading Western nations are at long last
trocr_data/train_images/train_01944.png,moving towards a solution of currency problems
trocr_data/train_images/train_01945.png,by co-operation .
trocr_data/train_images/train_01946.png,"That is doubtful . If however , in addition to her new"
trocr_data/train_images/train_01947.png,idea that moral regeneration would solve
trocr_data/train_images/train_01948.png,and our local and national Parliaments .
trocr_data/train_images/train_01949.png,for by that curious body Moral Re-Armament .
trocr_data/train_images/train_01950.png,"of politics , perhaps , or carried away by the"
trocr_data/train_images/train_01951.png,all our problems . So it would . While we are
trocr_data/train_images/train_01952.png,Those who lend their names to this kind of
trocr_data/train_images/train_01953.png,"waiting for the millenium , however , most of us"
trocr_data/train_images/train_01954.png,would prefer to put our hopes for earthly justice in
trocr_data/train_images/train_01955.png,"instruments of democracy , such as trade unions"
trocr_data/train_images/train_01956.png,"advertisement are worthy people , a little innocent"
trocr_data/train_images/train_01957.png,"A CURIOUS advertisement on page nine , paid"
trocr_data/train_images/train_01958.png,"advertisement falls into neither category , though"
trocr_data/train_images/train_01959.png,"deeply repugnant to our readers , it is right to"
trocr_data/train_images/train_01960.png,exercise editorial discretion . The MRA
trocr_data/train_images/train_01961.png,contains statements whose factual truth is
trocr_data/train_images/train_01962.png,which we disagree . When an advertisement
trocr_data/train_images/train_01963.png,Should the Herald publish such advertisements ?
trocr_data/train_images/train_01964.png,"doubtful , or where the total content would be"
trocr_data/train_images/train_01965.png,many readers will dislike it .
trocr_data/train_images/train_01966.png,be wrong to refuse all political advertisements with
trocr_data/train_images/train_01967.png,This is a difficult question . It would obviously
trocr_data/train_images/train_01968.png,Government was to denounce the United
trocr_data/train_images/train_01969.png,"more logical to send in more men ,"
trocr_data/train_images/train_01970.png,would be taken home . The reaction can be
trocr_data/train_images/train_01971.png,to say that its 400 troops in the Congo
trocr_data/train_images/train_01972.png,a dignified exit . IF the UN is
trocr_data/train_images/train_01973.png,not weaken it further by desertion .
trocr_data/train_images/train_01974.png,The first reaction of the Sudanese
trocr_data/train_images/train_01975.png,"blamed for being weak , it would be"
trocr_data/train_images/train_01976.png,"Nations for "" negligence and impotence , "" and"
trocr_data/train_images/train_01977.png,understood . The Sudan's concern for its
trocr_data/train_images/train_01978.png,men is natural . But this could hardly be
trocr_data/train_images/train_01979.png,Mr. Hammarskjold to use force if necessary to
trocr_data/train_images/train_01980.png,responsibility rightly belongs to the nations
trocr_data/train_images/train_01981.png,which have undertaken the task of pre-
trocr_data/train_images/train_01982.png,serving peace in the Congo . That is not a
trocr_data/train_images/train_01983.png,"ceremonial duty , and the soldiers have every"
trocr_data/train_images/train_01984.png,It is unjust to pass the buck to Mr.
trocr_data/train_images/train_01985.png,"prevent civil war , it was clear that new dangers"
trocr_data/train_images/train_01986.png,Hammarskjold and the UN's servants . The
trocr_data/train_images/train_01987.png,would arise unless it gave him the political ...
trocr_data/train_images/train_01988.png,right to blame the politicians unless they see
trocr_data/train_images/train_01989.png,it through . When the United Nations instructed
trocr_data/train_images/train_01990.png,made . India has responded handsomely by providing
trocr_data/train_images/train_01991.png,"If the UN forces were thick enough on the ground ,"
trocr_data/train_images/train_01992.png,which have set their hands to this plough .
trocr_data/train_images/train_01993.png,"3,000 men , who must take about a fortnight to arrive ."
trocr_data/train_images/train_01994.png,That was the first point that Mr. Hammarskjold
trocr_data/train_images/train_01995.png,happen . THE UN's ability to keep peace depends
trocr_data/train_images/train_01996.png,simply on adequate support by the nations
trocr_data/train_images/train_01997.png,such incidents as that at Matadi would not
trocr_data/train_images/train_01998.png,The big Powers involved in the Cold War
trocr_data/train_images/train_01999.png,It is to be hoped that the UN will be
trocr_data/train_images/train_02000.png,re-established in their port by negotiation
trocr_data/train_images/train_02001.png,must of course keep out . The Americans were
trocr_data/train_images/train_02002.png,non-combatant help was wanted ; but they
trocr_data/train_images/train_02003.png,in fighting . Yesterday the ships turned away
trocr_data/train_images/train_02004.png,justified in diverting naval ships in case
trocr_data/train_images/train_02005.png,"again , satisfied that they were not required ."
trocr_data/train_images/train_02006.png,and that there will be no more outrages .
trocr_data/train_images/train_02007.png,stressed that there was no intention to intervene
trocr_data/train_images/train_02008.png,of UN conciliators they are meeting for
trocr_data/train_images/train_02009.png,relief when this strife-torn land gets
trocr_data/train_images/train_02010.png,Madagascar ) . THE world will sigh with
trocr_data/train_images/train_02011.png,they must go . The best news for the Congo
trocr_data/train_images/train_02012.png,"the first time , in Malagasy ( formerly"
trocr_data/train_images/train_02013.png,itself a government which all outsiders
trocr_data/train_images/train_02014.png,can recognise .
trocr_data/train_images/train_02015.png,"But back , Mr. Hammarskjold is determined ,"
trocr_data/train_images/train_02016.png,would be agreement between its rival
trocr_data/train_images/train_02017.png,political leaders . Through the patient efforts
trocr_data/train_images/train_02018.png,"who , under apartheid , will be forced back to"
trocr_data/train_images/train_02019.png,really believes . A good neighbour to those Africans
trocr_data/train_images/train_02020.png,"policy of good neighbourliness . "" We may be sure that"
trocr_data/train_images/train_02021.png,"as a divine mission could have spoken of apartheid as "" a"
trocr_data/train_images/train_02022.png,their tribal reserves with no prospect but a
trocr_data/train_images/train_02023.png,he is not being hypocritical . That is what he
trocr_data/train_images/train_02024.png,ONLY a man wrapped in the impenetrable cocoon of what he regards
trocr_data/train_images/train_02025.png,cramped and primitive existence .
trocr_data/train_images/train_02026.png,white stock .
trocr_data/train_images/train_02027.png,Hitler in the thirties . It was Dr. Verwoerd who
trocr_data/train_images/train_02028.png,A good neighbour to those Africans who will con-
trocr_data/train_images/train_02029.png,that he proved to be to the Jews fleeing from
trocr_data/train_images/train_02030.png,"water in the white areas of South Africa , without rights"
trocr_data/train_images/train_02031.png,led a protest against admitting any of them
trocr_data/train_images/train_02032.png,and without hope . THE same sort of good neighbour
trocr_data/train_images/train_02033.png,"because they would "" defile "" the national"
trocr_data/train_images/train_02034.png,tinue to live as hewers of wood and drawers of
trocr_data/train_images/train_02035.png,woerd in his nightmare world . It is this that
trocr_data/train_images/train_02036.png,"Commonwealth . Otherwise , he says , those inside the"
trocr_data/train_images/train_02037.png,It is impossible to make contact with Dr. Ver-
trocr_data/train_images/train_02038.png,makes illusory any hopes that he may be in-
trocr_data/train_images/train_02039.png,"Capetown , Dr. Joost de Blank , has pleaded that"
trocr_data/train_images/train_02040.png,country who still oppose apartheid will be
trocr_data/train_images/train_02041.png,South Africa should be allowed to stay in the
trocr_data/train_images/train_02042.png,left even more isolated and alone .
trocr_data/train_images/train_02043.png,fluenced to change course . The Archbishop of
trocr_data/train_images/train_02044.png,maintained an unflinching witness to what
trocr_data/train_images/train_02045.png,"Christianity really means , must carry weight . But"
trocr_data/train_images/train_02046.png,"what , in fact , can the other Commonwealth countries"
trocr_data/train_images/train_02047.png,policy of appeasement has modified the
trocr_data/train_images/train_02048.png,"actions of the Nationalists . On the contrary ,"
trocr_data/train_images/train_02049.png,"The views of the Archbishop , who has"
trocr_data/train_images/train_02050.png,do to bring support and comfort to this gallant
trocr_data/train_images/train_02051.png,minority ? THERE is no evidence that the
trocr_data/train_images/train_02052.png,apartheid is being applied ever more
trocr_data/train_images/train_02053.png,ruthlessly .
trocr_data/train_images/train_02054.png,step . If that is their decision they should also
trocr_data/train_images/train_02055.png,way left to try to bring home to the people of
trocr_data/train_images/train_02056.png,to disaster . It may be that the Commonwealth
trocr_data/train_images/train_02057.png,apartheid as evil and indefensible .
trocr_data/train_images/train_02058.png,Commonwealth now seems to be the only
trocr_data/train_images/train_02059.png,Prime Ministers will decide against this final
trocr_data/train_images/train_02060.png,South Africa that Dr. Verwoerd is leading them
trocr_data/train_images/train_02061.png,go unequivocally on record that they regard
trocr_data/train_images/train_02062.png,The shock of expulsion from the
trocr_data/train_images/train_02063.png,"without a story or a picture or probably both ,"
trocr_data/train_images/train_02064.png,be able to return home claiming a triumph .
trocr_data/train_images/train_02065.png,"marry Miss Worsley , hardly a day will pass"
trocr_data/train_images/train_02066.png,for it again : another Royal Wedding . Between
trocr_data/train_images/train_02067.png,His smile will be blander than ever . WE are in
trocr_data/train_images/train_02068.png,"now and June , when the Duke of Kent will"
trocr_data/train_images/train_02069.png,about the nuptial arrangements .
trocr_data/train_images/train_02070.png,"Unless they do at least that , Dr. Verwoerd will"
trocr_data/train_images/train_02071.png,disposed to face . The real question is
trocr_data/train_images/train_02072.png,ought to run - and greater than President
trocr_data/train_images/train_02073.png,advocate putting off any approach until
trocr_data/train_images/train_02074.png,what we should put to the Soviet
trocr_data/train_images/train_02075.png,Kennedy's most influential advisers seem
trocr_data/train_images/train_02076.png,Government as a basis for talks : and
trocr_data/train_images/train_02077.png,of heart ( whatever that may mean ) would
trocr_data/train_images/train_02078.png,have us run risks greater than the West
trocr_data/train_images/train_02079.png,What seems certain is that those who
trocr_data/train_images/train_02080.png,Mr Krushchev gives evidence of a change
trocr_data/train_images/train_02081.png,On this reading what Mr. Gollancz calls
trocr_data/train_images/train_02082.png,a means not to destruction but to safety .
trocr_data/train_images/train_02083.png,the Northern Rhodesia Constitution is
trocr_data/train_images/train_02084.png,"on Northern Rhodesia does not say much ,"
trocr_data/train_images/train_02085.png,it by saying that the revision would be
trocr_data/train_images/train_02086.png,much the Government tries to disguise
trocr_data/train_images/train_02087.png,"open to revision . This is news , however"
trocr_data/train_images/train_02088.png,but it says what is necessary - that
trocr_data/train_images/train_02089.png,"cool-headed and inventive negotiation , is"
trocr_data/train_images/train_02090.png,"manoeuvring , and what we should call"
trocr_data/train_images/train_02091.png,The Government's pompous little statement
trocr_data/train_images/train_02092.png,"this likely ; Formula Two , which appeared in June , made it"
trocr_data/train_images/train_02093.png,"principle , that is all that need be required of it . It is a pity"
trocr_data/train_images/train_02094.png,"Formula One , which appeared in February , appeared to make"
trocr_data/train_images/train_02095.png,from this principle . It is a great pity that the
trocr_data/train_images/train_02096.png,"to Mr Kaunda's reasonable representations , but to"
trocr_data/train_images/train_02097.png,that the Government should ever have been led away
trocr_data/train_images/train_02098.png,"Government should give the appearance of responding , not"
trocr_data/train_images/train_02099.png,the violence which he tried to prevent .
trocr_data/train_images/train_02100.png,very unlikely ; if Formula Three restores the original
trocr_data/train_images/train_02101.png,"and decisive ones ; but without it , we could not"
trocr_data/train_images/train_02102.png,look for them . Federal Germany votes tomorrow
trocr_data/train_images/train_02103.png,important advance . We must not be overconfident
trocr_data/train_images/train_02104.png,and not a day too soon . There can seldom have
trocr_data/train_images/train_02105.png,"To be able to say "" New York next week "" is an"
trocr_data/train_images/train_02106.png,and done with .
trocr_data/train_images/train_02107.png,that this meeting will lead on to further
trocr_data/train_images/train_02108.png,been an election campaign which more people
trocr_data/train_images/train_02109.png,in and out of the country wanted to see over
trocr_data/train_images/train_02110.png,if Western Governments had not been convinced
trocr_data/train_images/train_02111.png,the Berlin crisis . It need not have been such a burden
trocr_data/train_images/train_02112.png,millstone weighing down and almost paralysing their
trocr_data/train_images/train_02113.png,efforts to work out sensible ways of dealing with
trocr_data/train_images/train_02114.png,that they must do nothing to harm even remotely Dr
trocr_data/train_images/train_02115.png,To Germany's Western allies the campaign has been a
trocr_data/train_images/train_02116.png,Adenauer's chances of being returned as Chancellor .
trocr_data/train_images/train_02117.png,when the polling stations close .
trocr_data/train_images/train_02118.png,many people : they too will be glad
trocr_data/train_images/train_02119.png,But they were so convinced and they
trocr_data/train_images/train_02120.png,while in Germany itself the course of
trocr_data/train_images/train_02121.png,have had to take the consequences . Mean-
trocr_data/train_images/train_02122.png,the campaign has dismayed a good
trocr_data/train_images/train_02123.png,is not yet a unitary world .
trocr_data/train_images/train_02124.png,truism that policies of menace and mutual disarmament
trocr_data/train_images/train_02125.png,and it is an achievement - is to make religious con-
trocr_data/train_images/train_02126.png,tact across the greatest political barrier in what
trocr_data/train_images/train_02127.png,cannot be followed together . What the council has done -
trocr_data/train_images/train_02128.png,But discussion on current points of east-west con-
trocr_data/train_images/train_02129.png,"flict could not go much farther than , for example , the"
trocr_data/train_images/train_02130.png,"short and modest in scope , and it is doubtful whether the other Private"
trocr_data/train_images/train_02131.png,The notification he envisages must be given at least two days before the
trocr_data/train_images/train_02132.png,agreement is signed . To this there will be some opposition . The Bill is
trocr_data/train_images/train_02133.png,next report from the Molony committee .
trocr_data/train_images/train_02134.png,Members' Bills in the offing will fill all the gaps . This fact may give
trocr_data/train_images/train_02135.png,the Government an extra excuse for counselling patience until the
trocr_data/train_images/train_02136.png,parliamentary opinion by at least allowing these Bills a fair run .
trocr_data/train_images/train_02137.png,"however , disdain this opportunity of obtaining a useful sample of"
trocr_data/train_images/train_02138.png,"Comprehensive legislation is obviously preferable . They should not ,"
trocr_data/train_images/train_02139.png,logical Office .
trocr_data/train_images/train_02140.png,Centigrade v. Fahrenheit . The fight is on . The challenger has behind
trocr_data/train_images/train_02141.png,but also the backing of the DIRECTOR GENERAL of the Meteoro-
trocr_data/train_images/train_02142.png,it not only the authority of the SECRETARY of STATE for AIR
trocr_data/train_images/train_02143.png,fahrenheit the knock out . The backers of
trocr_data/train_images/train_02144.png,ratures will be put in the ring together .
trocr_data/train_images/train_02145.png,explain the advantages to the general
trocr_data/train_images/train_02146.png,about it yesterday . The purpose is to give
trocr_data/train_images/train_02147.png,"SIR GRAHAM SUTTON , however , made no bones"
trocr_data/train_images/train_02148.png,public of the change .
trocr_data/train_images/train_02149.png,"asked to help . To begin with , both tempe-"
trocr_data/train_images/train_02150.png,The press and the broadcasting authorities are
trocr_data/train_images/train_02151.png,start if they had taken more pains to
trocr_data/train_images/train_02152.png,centigrade would have got off to a better
trocr_data/train_images/train_02153.png,"however , seems a matter of the convenience"
trocr_data/train_images/train_02154.png,"the measurement of temperatures . This ,"
trocr_data/train_images/train_02155.png,"to be put out for the sake of 50,000 is there"
trocr_data/train_images/train_02156.png,any reason why the centigrade countries
trocr_data/train_images/train_02157.png,of specialists . The ordinary British man
trocr_data/train_images/train_02158.png,It is true that SIR GRAHAM said there is
trocr_data/train_images/train_02159.png,"at the moment "" an awful mess up "" in"
trocr_data/train_images/train_02160.png,and woman is conscious of no difficulty .
trocr_data/train_images/train_02161.png,Rather than fifty million people having
trocr_data/train_images/train_02162.png,should not change to fahrenheit ?
trocr_data/train_images/train_02163.png,system of recording temperatures .
trocr_data/train_images/train_02164.png,public to go over to decimal coinage - in certain
trocr_data/train_images/train_02165.png,suit their convenience - rather than to change their
trocr_data/train_images/train_02166.png,Even then it might be easier to persuade the British
trocr_data/train_images/train_02167.png,have to call up the reinforcement of the Common Market .
trocr_data/train_images/train_02168.png,circumstances the time would come when this would
trocr_data/train_images/train_02169.png,strably better than the other ? The centigraders may
trocr_data/train_images/train_02170.png,be in for a stiffer fight than they think . They may
trocr_data/train_images/train_02171.png,Can it be shown that the one scale is demon-
trocr_data/train_images/train_02172.png,became very unpopular .
trocr_data/train_images/train_02173.png,roped in . The only result was
trocr_data/train_images/train_02174.png,that the well-meaning corporation
trocr_data/train_images/train_02175.png,"Once before , and that not so long ago , the"
trocr_data/train_images/train_02176.png,"clock . Then , also , the B.B.C. were"
trocr_data/train_images/train_02177.png,"In any case , fahrenheit need not lose heart ."
trocr_data/train_images/train_02178.png,the adoption of the twenty-four hour
trocr_data/train_images/train_02179.png,authorities ganged up to alter the habits
trocr_data/train_images/train_02180.png,of the people . That effort was to enforce
trocr_data/train_images/train_02181.png,the murder of Patrice Lumumba . Her
trocr_data/train_images/train_02182.png,stands at the centre of an international
trocr_data/train_images/train_02183.png,storm . Belgium is accused - without a
trocr_data/train_images/train_02184.png,scrap of evidence - of being implicated in
trocr_data/train_images/train_02185.png,A BAFFLED and bewildered little country
trocr_data/train_images/train_02186.png,"leaders are insulted , her embassies are"
trocr_data/train_images/train_02187.png,attacked in a score of countries .
trocr_data/train_images/train_02188.png,will not admit they were wrong . So
trocr_data/train_images/train_02189.png,"trouble in the Congo , orders every Belgian"
trocr_data/train_images/train_02190.png,is made their scapegoat .
trocr_data/train_images/train_02191.png,citizen to quit his country . HOUNDING
trocr_data/train_images/train_02192.png,has done more than most to stir up
trocr_data/train_images/train_02193.png,"In Ghana , President Nkrumah , who"
trocr_data/train_images/train_02194.png,said the Congolese could govern themselves
trocr_data/train_images/train_02195.png,Belgium has become an international
trocr_data/train_images/train_02196.png,"troubles , mourning a terrible air crash ,"
trocr_data/train_images/train_02197.png,"Belgium , bowed down by internal"
trocr_data/train_images/train_02198.png,pastime . Why ? Because those who
trocr_data/train_images/train_02199.png,larders been so well stocked .
trocr_data/train_images/train_02200.png,Who will speak for Belgium ? Who else but
trocr_data/train_images/train_02201.png,Britain . We have fought beside Belgium
trocr_data/train_images/train_02202.png,families ! Never before have Britain's
trocr_data/train_images/train_02203.png,Britain should champion Belgium . Not
trocr_data/train_images/train_02204.png,"with the careful , hooded language of diplomacy ,"
trocr_data/train_images/train_02205.png,in two world wars . We are allies still .
trocr_data/train_images/train_02206.png,but boldly and fearlessly . It is time to
trocr_data/train_images/train_02207.png,"desert her friends . HAPPY , happy"
trocr_data/train_images/train_02208.png,show the world that this country does not
trocr_data/train_images/train_02209.png,splendid variety of goods to choose from .
trocr_data/train_images/train_02210.png,substantially higher last year than in 1959 .
trocr_data/train_images/train_02211.png,abundance . Now it is mother who
trocr_data/train_images/train_02212.png,Supplies of meat and dairy produce were
trocr_data/train_images/train_02213.png,Not so long ago older folk were reminding
trocr_data/train_images/train_02214.png,picks up recipes from her daughter .
trocr_data/train_images/train_02215.png,"shortages , of the good old days of"
trocr_data/train_images/train_02216.png,"Lucky , lucky housewives ! To have such a"
trocr_data/train_images/train_02217.png,"young wives , harassed by"
trocr_data/train_images/train_02218.png,"television network , N.B.C. And hour after hour it poured out its"
trocr_data/train_images/train_02219.png,"Britain today ! "" THIS is colour day , "" proclaimed the American"
trocr_data/train_images/train_02220.png,The dinner table is the best answer to the grumblers in
trocr_data/train_images/train_02221.png,programmes in bright colours . In America colour TV is five years
trocr_data/train_images/train_02222.png,"The B.B.C. is ready to launch a colour TV service , but the"
trocr_data/train_images/train_02223.png,"old . There are already 600,000 sets in use . What about Britain ?"
trocr_data/train_images/train_02224.png,commercial TV contractors want to delay it for 10 years .
trocr_data/train_images/train_02225.png,The Government should settle this argument with two words to
trocr_data/train_images/train_02226.png,by the deaths of two elderly sisters who killed themselves because
trocr_data/train_images/train_02227.png,"Newmarket urban council , says : "" I shall always feel this as a"
trocr_data/train_images/train_02228.png,"they had to leave their cottage . Mr. John Crabb , clerk to"
trocr_data/train_images/train_02229.png,the B.B.C. : - Go ahead ! ONE man beyond all others is saddened
trocr_data/train_images/train_02230.png,"personal failure . """
trocr_data/train_images/train_02231.png,sisters had to quit as their home was falling down . And Mr. Crabb
trocr_data/train_images/train_02232.png,"did his best for them , even driving them to a new house . John"
trocr_data/train_images/train_02233.png,does not want his daughter to marry a Scotsman .
trocr_data/train_images/train_02234.png,There is no reason whatsoever why he should reproach himself . The
trocr_data/train_images/train_02235.png,often lacking in officialdom . MR. HENRY NEWTON of Acton
trocr_data/train_images/train_02236.png,Crabb has the qualities of sympathy and understanding . Too
trocr_data/train_images/train_02237.png,be in England . The first ruler of the United Kingdom was a
trocr_data/train_images/train_02238.png,He says that the Scots are foreigners who have no business to
trocr_data/train_images/train_02239.png,Scot . The Lord Chancellor is a Scot . The Prime Minister is a
trocr_data/train_images/train_02240.png,may be guilty of rebellion !
trocr_data/train_images/train_02241.png,Scot - and so were four of his predecessors this century .
trocr_data/train_images/train_02242.png,Let Mr. Newton beware . By protesting against Scotland he
trocr_data/train_images/train_02243.png,company will sign on again .
trocr_data/train_images/train_02244.png,His ex-Eoka Government decides that Cyprus will join it for
trocr_data/train_images/train_02245.png,safe bet that at the end of five years Makarios and
trocr_data/train_images/train_02246.png,all the trading benefits of Imperial Preference . It is a
trocr_data/train_images/train_02247.png,to subsidise and defend the Cypriots . They will enjoy
trocr_data/train_images/train_02248.png,ARCHBISHOP MAKARIOS puts the Commonwealth on trial .
trocr_data/train_images/train_02249.png,five years . During this period Britain will be expected
trocr_data/train_images/train_02250.png,It is equally certain that the British Government
trocr_data/train_images/train_02251.png,the British people . And tell Makarios they are not
trocr_data/train_images/train_02252.png,"for the week-end . Ford Motors are to put 13,000"
trocr_data/train_images/train_02253.png,prepared to accept him on such terms . GOOD cheer
trocr_data/train_images/train_02254.png,men back on a five-day week .
trocr_data/train_images/train_02255.png,"will welcome them . How splendid it would be if , just"
trocr_data/train_images/train_02256.png,"for once , the Government were to voice the real feelings of"
trocr_data/train_images/train_02257.png,"springtime approaches , orders pick up . And the car men get"
trocr_data/train_images/train_02258.png,ready for another bustling season . The pessimists
trocr_data/train_images/train_02259.png,proved right . EARL RUSSELL and his friends have
trocr_data/train_images/train_02260.png,hit on an original way of spending this afternoon .
trocr_data/train_images/train_02261.png,One more demonstration of the industry's recovery . As
trocr_data/train_images/train_02262.png,said the motor industry was on its knees . The optimists
trocr_data/train_images/train_02263.png,"said "" Nonsense . "" As usual , the optimists have been"
trocr_data/train_images/train_02264.png,They intend to sit outside the Ministry of Defence . It is
trocr_data/train_images/train_02265.png,their protest against the H-bomb . They ought to have a
trocr_data/train_images/train_02266.png,Whitehall should be deserted . And they will have a fine view
trocr_data/train_images/train_02267.png,"of St. James's Park , with its placid lake , pelicans ,"
trocr_data/train_images/train_02268.png,"pleasant time . The weather forecast is good ; except for them ,"
trocr_data/train_images/train_02269.png,"rare ducks , and other wild life ."
trocr_data/train_images/train_02270.png,in an extra two or three evenings . And they never
trocr_data/train_images/train_02271.png,Head for the parks to enjoy the sun . Not in
trocr_data/train_images/train_02272.png,"a foolish cause , but in a glorious one . Good health !"
trocr_data/train_images/train_02273.png,go on strike .
trocr_data/train_images/train_02274.png,"THIS group of men , says a report , work on average"
trocr_data/train_images/train_02275.png,Why not follow Lord Russell's lead today ?
trocr_data/train_images/train_02276.png,between 55 and 60 hours a week . They also put
trocr_data/train_images/train_02277.png,employers . THE Labour Party says that the Tory
trocr_data/train_images/train_02278.png,Who are they ? The trade union officials of Britain .
trocr_data/train_images/train_02279.png,labour market . The unions are fortunate indeed to
trocr_data/train_images/train_02280.png,Men who earn only a fraction of what their
trocr_data/train_images/train_02281.png,time the members decided to pay up and be good
trocr_data/train_images/train_02282.png,Government is destroying the social services .
trocr_data/train_images/train_02283.png,talents and responsibilities could bring in the open
trocr_data/train_images/train_02284.png,find dedicated leaders at cut-rate prices . But it is
trocr_data/train_images/train_02285.png,"whose husband made her clean his uniform , wins"
trocr_data/train_images/train_02286.png,national income was spent on social services . The
trocr_data/train_images/train_02287.png,as a serf .
trocr_data/train_images/train_02288.png,worthwhile targets for the Opposition . What a pity
trocr_data/train_images/train_02289.png,present figure is 19.5 per cent. There are many
trocr_data/train_images/train_02290.png,a divorce . The judge says she had to act almost
trocr_data/train_images/train_02291.png,Under the Labour Government 18.1 per cent of the
trocr_data/train_images/train_02292.png,"to aim at the wrong one ! MRS. MARCIA POWER ,"
trocr_data/train_images/train_02293.png,they would never behave like that . But do they ever
trocr_data/train_images/train_02294.png,box of chocolates or a bunch of flowers !
trocr_data/train_images/train_02295.png,"returned to the shed ; their books tidied ; and often ,"
trocr_data/train_images/train_02296.png,Up and down the country husbands will be saying
trocr_data/train_images/train_02297.png,even their shoes cleaned ? How wonderful if they
trocr_data/train_images/train_02298.png,showed their appreciation this morning with a surprise
trocr_data/train_images/train_02299.png,ponder how their gardening tools are mysteriously
trocr_data/train_images/train_02300.png,Secretary . Suddenly everything changed . Timetables were
trocr_data/train_images/train_02301.png,Federal Government were getting valuable experience in
trocr_data/train_images/train_02302.png,administration . Then Mr. Iain Macleod became Colonial
trocr_data/train_images/train_02303.png,scrapped . The ill-conceived Monckton Commission was
trocr_data/train_images/train_02304.png,politicians were inflated into international figures .
trocr_data/train_images/train_02305.png,in Rhodesia ! Eighteen months ago this territory
trocr_data/train_images/train_02306.png,HOW the Government must repent its haste and folly
trocr_data/train_images/train_02307.png,"was peaceful , orderly , and thriving . Africans within the"
trocr_data/train_images/train_02308.png,"rushed out to Rhodesia . Overnight , minor African"
trocr_data/train_images/train_02309.png,No wonder there is doubt and fearful heart-searching .
trocr_data/train_images/train_02310.png,"TODAY , in London , that rash and thoughtless policy has"
trocr_data/train_images/train_02311.png,difficulties from African politicians greedy for power .
trocr_data/train_images/train_02312.png,"of change , so the Africans stepped up their demands ."
trocr_data/train_images/train_02313.png,caused a crisis - a crisis that never should have happened .
trocr_data/train_images/train_02314.png,Africans control in Northern Rhodesia it may indeed face
trocr_data/train_images/train_02315.png,If the Government now reverses its plan to give the
trocr_data/train_images/train_02316.png,And as the British Government stepped up the pace
trocr_data/train_images/train_02317.png,fastest ? That is the exciting competition going on
trocr_data/train_images/train_02318.png,Macmillan and his ministers there is no choice . They
trocr_data/train_images/train_02319.png,But if it fails to modify that plan Rhodesia may well
trocr_data/train_images/train_02320.png,among Britain's major industries .
trocr_data/train_images/train_02321.png,repair the damage they have done . WHO can grow the
trocr_data/train_images/train_02322.png,"be plunged into chaos , like the Congo . For Mr."
trocr_data/train_images/train_02323.png,must safeguard Rhodesia against chaos . And try to
trocr_data/train_images/train_02324.png,factory building this year is likely to be 40 per cent
trocr_data/train_images/train_02325.png,their faith with cash .
trocr_data/train_images/train_02326.png,"Top of the table , at the moment , is the chemical industry ."
trocr_data/train_images/train_02327.png,up on 1960 . Britain's business men are right to back
trocr_data/train_images/train_02328.png,tremendous upsurge in investment . It reports that new
trocr_data/train_images/train_02329.png,Even the staid and timid Treasury is cheered by the
trocr_data/train_images/train_02330.png,"Then comes engineering , followed by iron and steel ."
trocr_data/train_images/train_02331.png,the 88-year-old standard bearer of the Ban-
trocr_data/train_images/train_02332.png,"prosperity tomorrow . BERTRAND RUSSELL ,"
trocr_data/train_images/train_02333.png,issues of our time .
trocr_data/train_images/train_02334.png,"the-Bomb crusade , has devoted following ."
trocr_data/train_images/train_02335.png,too . It is said by some that he is a saint ; by
trocr_data/train_images/train_02336.png,"others that he is a prophet . He is , in fact , a"
trocr_data/train_images/train_02337.png,For expansion today means still greater
trocr_data/train_images/train_02338.png,philosopher with a highly developed sense of publicity
trocr_data/train_images/train_02339.png,who has been spectacularly wrong on the great
trocr_data/train_images/train_02340.png,Thousands march with him - and sit with him
trocr_data/train_images/train_02341.png,that freedom last if their policies were adopted ?
trocr_data/train_images/train_02342.png,to welcome Hitler's troops as tourists .
trocr_data/train_images/train_02343.png,After the war he favoured a preventive war against
trocr_data/train_images/train_02344.png,defences . Throughout the years Lord Russell
trocr_data/train_images/train_02345.png,and his supporters have been able to pursue their
trocr_data/train_images/train_02346.png,Russia . Now he wants Britain to demolish her
trocr_data/train_images/train_02347.png,ask themselves this question : How long would
trocr_data/train_images/train_02348.png,eccentric campaigns in freedom . They should
trocr_data/train_images/train_02349.png,BEFORE the war he urged the British people
trocr_data/train_images/train_02350.png,has been appointed to smooth out difficulties for
trocr_data/train_images/train_02351.png,"Happy patrolling , Mr. Finlay !"
trocr_data/train_images/train_02352.png,householders when trenches are dug outside their
trocr_data/train_images/train_02353.png,"mile route in Surrey . A warden , Mr. Jack Finlay ,"
trocr_data/train_images/train_02354.png,front gates . Splendid . By showing concern
trocr_data/train_images/train_02355.png,AN experiment in courtesy is launched by the Electricity
trocr_data/train_images/train_02356.png,Board . The board is laying a cable along a seven-
trocr_data/train_images/train_02357.png,for the people the board will earn their good will .
trocr_data/train_images/train_02358.png,resolute Premier of the Rhodesian Federation
trocr_data/train_images/train_02359.png,shakes the life out of his critics . He calls them
trocr_data/train_images/train_02360.png,Welensky justified in being so harsh to those who
trocr_data/train_images/train_02361.png,against African fanatics and woolly minded
trocr_data/train_images/train_02362.png,disagree with him ? The facts answer that .
trocr_data/train_images/train_02363.png,"GOOD for Sir Roy Welensky ! The tough ,"
trocr_data/train_images/train_02364.png,individuals in the West . Some may ask : Is
trocr_data/train_images/train_02365.png,""" jelly-boned . "" He promises to preserve federation"
trocr_data/train_images/train_02366.png,months . And what has it made of the Congo ?
trocr_data/train_images/train_02367.png,"CONTRAST his firm , successful rule in Rhodesia"
trocr_data/train_images/train_02368.png,Welensky has lost all patience with his
trocr_data/train_images/train_02369.png,misguided tormentors .
trocr_data/train_images/train_02370.png,"into practice . There a UNO army of Africans ,"
trocr_data/train_images/train_02371.png,A bloodstained shambles . No wonder
trocr_data/train_images/train_02372.png,"bossed by an Indian , has been in charge for"
trocr_data/train_images/train_02373.png,with what has happened in the Congo . There
trocr_data/train_images/train_02374.png,Welensky's opponents have carried their theories
trocr_data/train_images/train_02375.png,Office Savings Bank shows how wrong that
trocr_data/train_images/train_02376.png,to 19 .
trocr_data/train_images/train_02377.png,contempt . SOME people are for ever complaining
trocr_data/train_images/train_02378.png,when they get it . Now a survey of the Post
trocr_data/train_images/train_02379.png,that teenagers earn too much and spend it all
trocr_data/train_images/train_02380.png,They have earned his strictures . And his
trocr_data/train_images/train_02381.png,idea is . The biggest group of depositors in
trocr_data/train_images/train_02382.png,the bank is made of boys and girls aged 15
trocr_data/train_images/train_02383.png,They say that our farmers do not seem to
trocr_data/train_images/train_02384.png,that in the most prosperous days in this
trocr_data/train_images/train_02385.png,farmers for fighting against Danish competition .
trocr_data/train_images/train_02386.png,people . THE Danes are annoyed with British
trocr_data/train_images/train_02387.png,should still have a powerful appeal for young
trocr_data/train_images/train_02388.png,Certainly teenagers earn more than ever before .
trocr_data/train_images/train_02389.png,Certainly they spend more . But how splendid
trocr_data/train_images/train_02390.png,understand the meaning of free trade .
trocr_data/train_images/train_02391.png,country's history the old-fashioned virtue of thrift
trocr_data/train_images/train_02392.png,now supplanted Britain as Denmark's
trocr_data/train_images/train_02393.png,by free trade . It is that they should be free
trocr_data/train_images/train_02394.png,principal supplier . The farmers of Britain
trocr_data/train_images/train_02395.png,There is no doubt what the Danes understand
trocr_data/train_images/train_02396.png,more and more from our rivals . Germany has
trocr_data/train_images/train_02397.png,it .
trocr_data/train_images/train_02398.png,"to sell as much as they like , while buying"
trocr_data/train_images/train_02399.png,understand free trade . That is why they fight
trocr_data/train_images/train_02400.png,enterprises . Barry and Eric have enthusiasm . They
trocr_data/train_images/train_02401.png,reopened next week by Barry Flanagan and Eric
trocr_data/train_images/train_02402.png,"Platt , both aged 19 . Eric says : "" We believe in the"
trocr_data/train_images/train_02403.png,"cinema . And we know what people want . "" The"
trocr_data/train_images/train_02404.png,combination of enthusiasm and shrewd anticipation
trocr_data/train_images/train_02405.png,of public taste has launched many great
trocr_data/train_images/train_02406.png,"THE Palace cinema at Buckley , near Chester , will be"
trocr_data/train_images/train_02407.png,are backed by a resurgent film industry .
trocr_data/train_images/train_02408.png,most vital industry . It is increasingly dependent
trocr_data/train_images/train_02409.png,Cambridge want the study of agriculture to become
trocr_data/train_images/train_02410.png,provide men of knowledge and skill .
trocr_data/train_images/train_02411.png,the old Palace . And Barry and Eric . DONS at
trocr_data/train_images/train_02412.png,It could be curtain up on two success stories . Of
trocr_data/train_images/train_02413.png,an honours degree course . Farming is Britain's
trocr_data/train_images/train_02414.png,on new techniques - and on the universities to
trocr_data/train_images/train_02415.png,similar course in farming for 15 years !
trocr_data/train_images/train_02416.png,The older universities are often accused of being
trocr_data/train_images/train_02417.png,"JOHN GLENN , Virgil Grissom , Alan Shepard . One of"
trocr_data/train_images/train_02418.png,"living . Particularly as its rival , Oxford , has had a"
trocr_data/train_images/train_02419.png,first journey into Space .
trocr_data/train_images/train_02420.png,the opportunity to show is just as interested in the
trocr_data/train_images/train_02421.png,these three men has a date with destiny - the
trocr_data/train_images/train_02422.png,interested only in dead subjects . Now Cambridge has
trocr_data/train_images/train_02423.png,people believed that there were no more worlds to
trocr_data/train_images/train_02424.png,conquer .
trocr_data/train_images/train_02425.png,At the beginning of this wonderful century many
trocr_data/train_images/train_02426.png,The other incident occurred in the boat-train from Cherbourg
trocr_data/train_images/train_02427.png,"took out a piece of paper , wrote his address on it and added :"
trocr_data/train_images/train_02428.png,""" Anybody mucking the Yanks about had better call on me"
trocr_data/train_images/train_02429.png,"first . I won't stand for it . "" Exit a puzzled American ."
trocr_data/train_images/train_02430.png,"Nobody 's going to shove 2ole Uncle Sam around ! "" He then"
trocr_data/train_images/train_02431.png,to Paris .
trocr_data/train_images/train_02432.png,"been in Britain many times before , were"
trocr_data/train_images/train_02433.png,The travellers from the New World who had
trocr_data/train_images/train_02434.png,"out of unturned stones . """
trocr_data/train_images/train_02435.png,"many a good trade unionist since then has , in the"
trocr_data/train_images/train_02436.png,"we knew it all , but you Britishers never run"
trocr_data/train_images/train_02437.png,the theoretical Luddite hammer again .
trocr_data/train_images/train_02438.png,"darndest , I offer these sad complexities . IN the 1830's"
trocr_data/train_images/train_02439.png,"hope of improving the lot of his fellow workers , taken"
trocr_data/train_images/train_02440.png,"To the British Travel Association , doing their excellent"
trocr_data/train_images/train_02441.png,the Luddites took sledge-hammers to their looms and
trocr_data/train_images/train_02442.png,"slightly stunned . Afterwards they said : "" We thought"
trocr_data/train_images/train_02443.png,in Los Angeles . They have developed a new
trocr_data/train_images/train_02444.png,the stop-watch manufacturing methods that
trocr_data/train_images/train_02445.png,system whereby completely untrained workers
trocr_data/train_images/train_02446.png,can be taught their trade by means of tape
trocr_data/train_images/train_02447.png,have led to restrictive practices . Now a new
trocr_data/train_images/train_02448.png,Hence the hostility to automation and
trocr_data/train_images/train_02449.png,threat to those who toil and spin has been
trocr_data/train_images/train_02450.png,recordings and television .
trocr_data/train_images/train_02451.png,developed by a firm specialising in electronics
trocr_data/train_images/train_02452.png,What happens is that the unskilled worker
trocr_data/train_images/train_02453.png,set of skilled manufacturing processes in one
trocr_data/train_images/train_02454.png,Not only can the raw human mind be
trocr_data/train_images/train_02455.png,"audio-TV training techniques , he can be switched"
trocr_data/train_images/train_02456.png,"explanatory TV pictures , into becoming a highly"
trocr_data/train_images/train_02457.png,instructions on how to do the job coupled with
trocr_data/train_images/train_02458.png,technically equipped very quickly to do one
trocr_data/train_images/train_02459.png,"trade but , by being given another of the new"
trocr_data/train_images/train_02460.png,"is processed , by high-speed listening to recorded"
trocr_data/train_images/train_02461.png,"skilled , obedient craftsman in no time at all ."
trocr_data/train_images/train_02462.png,to a different industry if he just gives in and
trocr_data/train_images/train_02463.png,"with ball , bats and wickets between"
trocr_data/train_images/train_02464.png,two sides consisting of eleven players
trocr_data/train_images/train_02465.png,for a completely new job in less time
trocr_data/train_images/train_02466.png,factory to becoming a paint sprayer in
trocr_data/train_images/train_02467.png,"Dictionary , is "" an open air game played"
trocr_data/train_images/train_02468.png,"Martyrs ! "" "" CRICKET , "" says the Oxford"
trocr_data/train_images/train_02469.png,"a ceramic factory , he can be qualified"
trocr_data/train_images/train_02470.png,"each . "" Not so , dear Oxford Dictionary ."
trocr_data/train_images/train_02471.png,From being an assembler in an aircraft
trocr_data/train_images/train_02472.png,"than it takes to say "" Tolpuddle"
trocr_data/train_images/train_02473.png,What would THEY have thought of
trocr_data/train_images/train_02474.png,the pitch with their optical
trocr_data/train_images/train_02475.png,"with a theodolite , six surveyors , a ball ;"
trocr_data/train_images/train_02476.png,You are out of date . Cricket in 1961 is played
trocr_data/train_images/train_02477.png,of the village stalwarts of Hambledon who
trocr_data/train_images/train_02478.png,these civil engineers creeping about
trocr_data/train_images/train_02479.png,are now the patron saints of the game !
trocr_data/train_images/train_02480.png,bats and wickets between two sides . Shades
trocr_data/train_images/train_02481.png,instruments ?
trocr_data/train_images/train_02482.png,on a pitch have no terrors for a good batsman with a stout
trocr_data/train_images/train_02483.png,mighty six these days as rare as frostbite in summer .
trocr_data/train_images/train_02484.png,"heart , a firm grip on the willow and a hefty contempt for"
trocr_data/train_images/train_02485.png,batting averages and all the statistical blight that makes a
trocr_data/train_images/train_02486.png,The village green is the real home of cricket . A couple of bumps
trocr_data/train_images/train_02487.png,EICHMANN continues to reveal the extraordinary divisions of the
trocr_data/train_images/train_02488.png,German mind . Not content with arguing that he was only an
trocr_data/train_images/train_02489.png,endless massacre that led to the death of six million Jews was
trocr_data/train_images/train_02490.png,""" decent , feasible and workable . """
trocr_data/train_images/train_02491.png,They 'll be clapping the man who plays a straight theodolite next .
trocr_data/train_images/train_02492.png,"efficient cog in the machine , he now claims that part of the"
trocr_data/train_images/train_02493.png,"He feels satisfaction "" from the fact that my personality had been"
trocr_data/train_images/train_02494.png,"Like Dr. Globke , whom I interviewed the other day , Eichmann"
trocr_data/train_images/train_02495.png,Pontius Pilate who washed his hands before the multitude
trocr_data/train_images/train_02496.png,said :
trocr_data/train_images/train_02497.png,"saying : "" I am innocent of the blood of this just person . """
trocr_data/train_images/train_02498.png,"tested and weighed and not found wanting . "" He feels like"
trocr_data/train_images/train_02499.png,""" I drew a certain solace from the fact that I did what I"
trocr_data/train_images/train_02500.png,when he pleads that he was only a small unit on the base
trocr_data/train_images/train_02501.png,led to the top .
trocr_data/train_images/train_02502.png,"could despite my low rank . "" Eichmann is on dangerous ground"
trocr_data/train_images/train_02503.png,intimate knowledge of every link in the chain of command that
trocr_data/train_images/train_02504.png,at the apex . In examination he betrayed an expert and
trocr_data/train_images/train_02505.png,"of the triangle that led to Hitler , Himmler , Hess and Goering"
trocr_data/train_images/train_02506.png,meticulous comprehension that could only have come from a man
trocr_data/train_images/train_02507.png,selves and feel a sense of righteousness when their hands are
trocr_data/train_images/train_02508.png,who used the system - and used it with power and authority .
trocr_data/train_images/train_02509.png,The appalling thing about the Germans is that they can kid them-
trocr_data/train_images/train_02510.png,He understood the whole apparatus with an exact and
trocr_data/train_images/train_02511.png,red with blood .
trocr_data/train_images/train_02512.png,"believed in the moral superiority of "" The New"
trocr_data/train_images/train_02513.png,they really believed Hitler when he screamed at
trocr_data/train_images/train_02514.png,"Czechoslovakia , Poland , Holland , Belgium and France"
trocr_data/train_images/train_02515.png,was an iniquitous injustice . When they burst into
trocr_data/train_images/train_02516.png,"thus : "" Whether nations live in prosperity or starve"
trocr_data/train_images/train_02517.png,need them as slaves to our Kultur ; otherwise
trocr_data/train_images/train_02518.png,to death like cattle interests me only in so far as we
trocr_data/train_images/train_02519.png,it is of no interest to me .
trocr_data/train_images/train_02520.png,They really believed that the Treaty of Versailles
trocr_data/train_images/train_02521.png,"Order "" which Himmler on October 4 , 1943 , expressed"
trocr_data/train_images/train_02522.png,"them that they were being "" encircled . "" They really"
trocr_data/train_images/train_02523.png,"invasion of our islands all the "" able-bodied"
trocr_data/train_images/train_02524.png,General Brauchitsch signed a directive
trocr_data/train_images/train_02525.png,This concept of slavery included Britain .
trocr_data/train_images/train_02526.png,"Continent . "" The Baltic States were"
trocr_data/train_images/train_02527.png,"ruling , be interned and dispatched to the"
trocr_data/train_images/train_02528.png,local situation calls for an exceptional
trocr_data/train_images/train_02529.png,ordering that after the successful
trocr_data/train_images/train_02530.png,"seventeen and forty-five will , unless the"
trocr_data/train_images/train_02531.png,to have been our destination .
trocr_data/train_images/train_02532.png,male population between the ages of
trocr_data/train_images/train_02533.png,"Poland , had the Germans begun with such a"
trocr_data/train_images/train_02534.png,evil word . THE Inland Revenue people have a
trocr_data/train_images/train_02535.png,themselves less disliked by their attitude
trocr_data/train_images/train_02536.png,to their customers - who incidentally
trocr_data/train_images/train_02537.png,of Eichmann would have been as good as their
trocr_data/train_images/train_02538.png,"In no other conquered country , not even"
trocr_data/train_images/train_02539.png,thankless task . But they do not make
trocr_data/train_images/train_02540.png,pay their salaries .
trocr_data/train_images/train_02541.png,drastic step . There is no doubt that the compatriots
trocr_data/train_images/train_02542.png,heard a good example of their officious efficiency .
trocr_data/train_images/train_02543.png,"hectoring , out-of-date language , but in spite of all"
trocr_data/train_images/train_02544.png,net while they are bullying the minnows . I have just
trocr_data/train_images/train_02545.png,a bean for the next twenty-one days .
trocr_data/train_images/train_02546.png,A young chap I know got his first job last week . He
trocr_data/train_images/train_02547.png,"their bluster , they let many a big fish through the"
trocr_data/train_images/train_02548.png,is paid monthly in arrears and will not get
trocr_data/train_images/train_02549.png,Their demands are invariably couched in
trocr_data/train_images/train_02550.png,"of "" Abou Ben Adhem . """
trocr_data/train_images/train_02551.png,come through the sugary sentiments
trocr_data/train_images/train_02552.png,upbringing and a possible reprieve might
trocr_data/train_images/train_02553.png,ness . I may well have felt that I was
trocr_data/train_images/train_02554.png,guilty interest in the devilment busi-
trocr_data/train_images/train_02555.png,"It was called "" Abou Ben Adhem and the"
trocr_data/train_images/train_02556.png,"flection , it might be that I took a"
trocr_data/train_images/train_02557.png,hell-bound under a strict Presbyterian
trocr_data/train_images/train_02558.png,"impressed with this poem but , on re-"
trocr_data/train_images/train_02559.png,"Angel . "" I don't know why I was so"
trocr_data/train_images/train_02560.png,"of German rearmament , in opposition , to France . """
trocr_data/train_images/train_02561.png,Later that year he warned that Britain knew
trocr_data/train_images/train_02562.png,"building bombers , and added :"
trocr_data/train_images/train_02563.png,the German ambassador in London was dictating
trocr_data/train_images/train_02564.png,"SOME 17 years ago , in the early summer of 1934 ,"
trocr_data/train_images/train_02565.png,"a secret report to his chief von Papen , in Berlin ."
trocr_data/train_images/train_02566.png,Germany was breaking the agreement to stop
trocr_data/train_images/train_02567.png,""" Britain is uncomfortable in her role of champion"
trocr_data/train_images/train_02568.png,providing the cloak for Germany to build an
trocr_data/train_images/train_02569.png,"Hoesch's reports , along with other nazi documents ,"
trocr_data/train_images/train_02570.png,"clear . At nazi Germany's request , Britain was"
trocr_data/train_images/train_02571.png,"ment in the air would be jeopardised . "" When"
trocr_data/train_images/train_02572.png,""" Without Britain's tolerance German rearma-"
trocr_data/train_images/train_02573.png,pattern of British Government connivance became
trocr_data/train_images/train_02574.png,air force bigger than that of France .
trocr_data/train_images/train_02575.png,were captured and published after the war the
trocr_data/train_images/train_02576.png,"Yesterday West German Defence Minister ,"
trocr_data/train_images/train_02577.png,"United States' principal Nato ally . """
trocr_data/train_images/train_02578.png,"the "" strongest militarily in Europe and the"
trocr_data/train_images/train_02579.png,militarists are advancing their rearmament .
trocr_data/train_images/train_02580.png,that his policy was to make his country
trocr_data/train_images/train_02581.png,"are another stage in the cloak operation ,"
trocr_data/train_images/train_02582.png,Herr Strauss told the Daily Mail last October
trocr_data/train_images/train_02583.png,"1961 variety , by which the West German"
trocr_data/train_images/train_02584.png,"Defence Minister , Mr. Watkinson . Their talks"
trocr_data/train_images/train_02585.png,"Herr Strauss , started talks with the British"
trocr_data/train_images/train_02586.png,the argument with Mr. Watkinson which he had in public at a
trocr_data/train_images/train_02587.png,His job is to build up the military apparatus which
trocr_data/train_images/train_02588.png,Europe through the Common Market . He continued this week
trocr_data/train_images/train_02589.png,Nato council meeting last year over the question : do we
trocr_data/train_images/train_02590.png,will back West Germany's economic domination of Western
trocr_data/train_images/train_02591.png,fight a 30-day war or a 90-day war ?
trocr_data/train_images/train_02592.png,"agreed to give similar "" facilities """
trocr_data/train_images/train_02593.png,In the past year West Germany
trocr_data/train_images/train_02594.png,German armed forces ( within Nato
trocr_data/train_images/train_02595.png,"A 90-day war , the West German"
trocr_data/train_images/train_02596.png,bases all over Western Europe .
trocr_data/train_images/train_02597.png,""" facilities "" in France , Holland and"
trocr_data/train_images/train_02598.png,"view , provides the pretext for huge"
trocr_data/train_images/train_02599.png,Belgium . After much bargaining
trocr_data/train_images/train_02600.png,has secured agreements for
trocr_data/train_images/train_02601.png,the British Government has
trocr_data/train_images/train_02602.png,of course ) and for those to have
trocr_data/train_images/train_02603.png,compared with four divisions of
trocr_data/train_images/train_02604.png,in Nato . ( A supply apparatus which would
trocr_data/train_images/train_02605.png,will be 11 German divisions in Nato
trocr_data/train_images/train_02606.png,British troops .
trocr_data/train_images/train_02607.png,Britain for being an obstacle for West Germany's
trocr_data/train_images/train_02608.png,"plans for a "" unified supply apparatus """
trocr_data/train_images/train_02609.png,""" facilities . "" ) By the end of the year there"
trocr_data/train_images/train_02610.png,The process has been too slow for Herr
trocr_data/train_images/train_02611.png,link together the various West German
trocr_data/train_images/train_02612.png,Strauss and last month he attacked
trocr_data/train_images/train_02613.png,"( range 950 miles ) , also provided by the Americans ."
trocr_data/train_images/train_02614.png,"36 firing ramps , including weapons like Matador"
trocr_data/train_images/train_02615.png,"up . These "" fighters "" are in fact fighter bombers"
trocr_data/train_images/train_02616.png,Alongside these divisions a force of over 600
trocr_data/train_images/train_02617.png,Starfighters provided by the Americans is growing
trocr_data/train_images/train_02618.png,"nine missile battalions , with 288 missiles and"
trocr_data/train_images/train_02619.png,Eastern Europe . By 1963 the Germans plan to have
trocr_data/train_images/train_02620.png,which could launch an atomic attack on
trocr_data/train_images/train_02621.png,and stronger . Now this target which
trocr_data/train_images/train_02622.png,reported to be halfway toward
trocr_data/train_images/train_02623.png,warheads to these weapons . General
trocr_data/train_images/train_02624.png,"this target . Her position as "" America's"
trocr_data/train_images/train_02625.png,a great disturbance last autumn
trocr_data/train_images/train_02626.png,"Heusinger , the man who caused"
trocr_data/train_images/train_02627.png,have their eyes on is control of the
trocr_data/train_images/train_02628.png,Last month West Germany was
trocr_data/train_images/train_02629.png,"principal Nato ally "" grows stronger"
trocr_data/train_images/train_02630.png,Herr Strauss and his fellows
trocr_data/train_images/train_02631.png,American leadership . But a big role has been
trocr_data/train_images/train_02632.png,by Right-Wing Labour in this country . They have
trocr_data/train_images/train_02633.png,"helped build up Nato and rearm Western Germany ,"
trocr_data/train_images/train_02634.png,in pursuit of the old familiar anti-Soviet
trocr_data/train_images/train_02635.png,played not only by the British Government but
trocr_data/train_images/train_02636.png,All this has been achieved through Nato under
trocr_data/train_images/train_02637.png,policy which brought disaster in 1939 .
trocr_data/train_images/train_02638.png,"the German militarists , is , in fact , the cover for"
trocr_data/train_images/train_02639.png,Now the argument is being used that Nato must be maintained
trocr_data/train_images/train_02640.png,his quest for atomic arms .
trocr_data/train_images/train_02641.png,and Britain must stay in it to keep the Germans in
trocr_data/train_images/train_02642.png,"building up their power . What must Britain do ? Today ,"
trocr_data/train_images/train_02643.png,"again , she has a key role . Let her tell men like Strauss"
trocr_data/train_images/train_02644.png,"that he shall have no bases or "" facilities , "" no help in"
trocr_data/train_images/train_02645.png,"control . Nato , far from being a means of controlling"
trocr_data/train_images/train_02646.png,alliances like Nato and seeks friendship
trocr_data/train_images/train_02647.png,betrayal like that of the '30s . Shipbuilding
trocr_data/train_images/train_02648.png,policy decisions established at the Scar-
trocr_data/train_images/train_02649.png,"bell's article , for , as president of a union"
trocr_data/train_images/train_02650.png,appalled at the character of the current
trocr_data/train_images/train_02651.png,with the Soviet Union can prevent another
trocr_data/train_images/train_02652.png,which fought for and still stands on the
trocr_data/train_images/train_02653.png,city : I WAS pleased to read J. R. Camp-
trocr_data/train_images/train_02654.png,borough Labour Party Conference I am
trocr_data/train_images/train_02655.png,"Draughtsmen , writing in his personal capa-"
trocr_data/train_images/train_02656.png,A policy which breaks with military
trocr_data/train_images/train_02657.png,to the two major conferences of the movement and
trocr_data/train_images/train_02658.png,unpalatable majority decisions as binding on the
trocr_data/train_images/train_02659.png,down unambiguous alternatives to
trocr_data/train_images/train_02660.png,"many others , we conducted our fight by putting"
trocr_data/train_images/train_02661.png,For many years my union had to present its views
trocr_data/train_images/train_02662.png,movement and having a go next time . Alongside
trocr_data/train_images/train_02663.png,"take a licking . For us , unity meant accepting"
trocr_data/train_images/train_02664.png,official policy and seeking to win majorities
trocr_data/train_images/train_02665.png,for them .
trocr_data/train_images/train_02666.png,perspective of sharp struggle based on consistent
trocr_data/train_images/train_02667.png,"movement , which had then chosen a vigorous"
trocr_data/train_images/train_02668.png,lines of difference with the Tories . Many members
trocr_data/train_images/train_02669.png,"we were naturally delighted , more so because"
trocr_data/train_images/train_02670.png,When Scarborough carried our point of view
trocr_data/train_images/train_02671.png,"anti-Nato , anti-Tory , anti-bomb and anti-German"
trocr_data/train_images/train_02672.png,of the union would become easier in the context
trocr_data/train_images/train_02673.png,understood that the bread-and-butter struggles
trocr_data/train_images/train_02674.png,the alternatives had been put clearly to the
trocr_data/train_images/train_02675.png,rearmament policy . Hopes rose as we saw a
trocr_data/train_images/train_02676.png,of organisational dominance
trocr_data/train_images/train_02677.png,Gaitskellites using the position
trocr_data/train_images/train_02678.png,established during their years
trocr_data/train_images/train_02679.png,between support for the war
trocr_data/train_images/train_02680.png,if we have then by our practice
trocr_data/train_images/train_02681.png,"spending on armaments , and our"
trocr_data/train_images/train_02682.png,"standards . Instead , we saw the"
trocr_data/train_images/train_02683.png,basic effort to improve living
trocr_data/train_images/train_02684.png,"For we have always felt , even"
trocr_data/train_images/train_02685.png,"ignored it , the inconsistency"
trocr_data/train_images/train_02686.png,"alliance , with resulting colossal"
trocr_data/train_images/train_02687.png,time . Confusion of the original issue
trocr_data/train_images/train_02688.png,around frantically to overturn them next
trocr_data/train_images/train_02689.png,"by misrepresentation of the decisions ,"
trocr_data/train_images/train_02690.png,They obstructed every effort to fight for the
trocr_data/train_images/train_02691.png,a demand that the movement unite
trocr_data/train_images/train_02692.png,trick of moving a number of unions
trocr_data/train_images/train_02693.png,and no other seems to have done the
trocr_data/train_images/train_02694.png,"and the call for party unity - in effect ,"
trocr_data/train_images/train_02695.png,the introduction of a pseudo third way
trocr_data/train_images/train_02696.png,"Scarborough decisions , while scratching"
trocr_data/train_images/train_02697.png,with the Gaitskellites on their policy
trocr_data/train_images/train_02698.png,original stand . Only where the issues were
trocr_data/train_images/train_02699.png,immediate confusion hides the fact that the
trocr_data/train_images/train_02700.png,decisions .
trocr_data/train_images/train_02701.png,It would become easy to become cynical and
trocr_data/train_images/train_02702.png,majority to secure the Scarborough
trocr_data/train_images/train_02703.png,"clearly , sections of the movement reaffirmed their"
trocr_data/train_images/train_02704.png,posed so as to cause doubt and confusion
trocr_data/train_images/train_02705.png,"to despair . And yet , wherever the issues were put"
trocr_data/train_images/train_02706.png,Peace movement is still advancing and that
trocr_data/train_images/train_02707.png,clarification of the issues can bring a
trocr_data/train_images/train_02708.png,were positions lost . It is my view that this
trocr_data/train_images/train_02709.png,"This , and the numbers of active"
trocr_data/train_images/train_02710.png,"were confused , clear policy details -"
trocr_data/train_images/train_02711.png,"how and why the trick was done ,"
trocr_data/train_images/train_02712.png,In unions where the central issues
trocr_data/train_images/train_02713.png,"provides a strong , immediate basis"
trocr_data/train_images/train_02714.png,Powerful units have stood firm .
trocr_data/train_images/train_02715.png,"doubtful positions , and for a consistent"
trocr_data/train_images/train_02716.png,as on bases - were decisively carried .
trocr_data/train_images/train_02717.png,workers who are beginning to understand
trocr_data/train_images/train_02718.png,peace policy .
trocr_data/train_images/train_02719.png,for a campaign against weak and
trocr_data/train_images/train_02720.png,"Administration's sharpened policies , the"
trocr_data/train_images/train_02721.png,All recent events show how correct the
trocr_data/train_images/train_02722.png,Gaitskellism is bankrupt .
trocr_data/train_images/train_02723.png,working class to sharp new dangers - that
trocr_data/train_images/train_02724.png,present a whole new proof that to abandon
trocr_data/train_images/train_02725.png,speeded-up drive to improve West
trocr_data/train_images/train_02726.png,Scarborough is to expose Britain and her
trocr_data/train_images/train_02727.png,"Germany's armament , the new attempt"
trocr_data/train_images/train_02728.png,"Market , and the kite-flying on Spain"
trocr_data/train_images/train_02729.png,Scarborough decisions were . The Kennedy
trocr_data/train_images/train_02730.png,to rush Britain into the European Common
trocr_data/train_images/train_02731.png,Ordinary working people will never
trocr_data/train_images/train_02732.png,Gaitskell's stupid hope . The tragedy is
trocr_data/train_images/train_02733.png,Government to carry through Tory policy -
trocr_data/train_images/train_02734.png,rally to defend a policy founded on
trocr_data/train_images/train_02735.png,"a fighting policy , based on Scarborough ."
trocr_data/train_images/train_02736.png,have been made into Tory strength by
trocr_data/train_images/train_02737.png,trade union movement following the
trocr_data/train_images/train_02738.png,THE desire for unity in the Labour and
trocr_data/train_images/train_02739.png,political chicanery or elect a Labour
trocr_data/train_images/train_02740.png,that enormous inroads could already
trocr_data/train_images/train_02741.png,same as that of the Tory Government .
trocr_data/train_images/train_02742.png,"established on a false basis , or by creating"
trocr_data/train_images/train_02743.png,At the same time that unity cannot be
trocr_data/train_images/train_02744.png,convenience . Unity can never be established by
trocr_data/train_images/train_02745.png,"troops being trained on British soil and Polaris ,"
trocr_data/train_images/train_02746.png,being a law unto themselves and opposing
trocr_data/train_images/train_02747.png,any formula uniting those who oppose German
trocr_data/train_images/train_02748.png,further confusion within the movement . Unity
trocr_data/train_images/train_02749.png,conference decisions when it suits their own
trocr_data/train_images/train_02750.png,and those who are for this policy - which is the
trocr_data/train_images/train_02751.png,will never be established on the basis of leaders
trocr_data/train_images/train_02752.png,troops being trained on British soil . The new
trocr_data/train_images/train_02753.png,"not remain an independent nuclear Power , now"
trocr_data/train_images/train_02754.png,"bases , but are in favour of German bases and"
trocr_data/train_images/train_02755.png,Britain in an even more dangerous position .
trocr_data/train_images/train_02756.png,supports the policy of depending on American
trocr_data/train_images/train_02757.png,leaders are not only in favour of American
trocr_data/train_images/train_02758.png,"Defence statement , while accepting that Britain can-"
trocr_data/train_images/train_02759.png,ment to unite the movement as the Labour
trocr_data/train_images/train_02760.png,"nuclear weapons and the H-bomb , placing"
trocr_data/train_images/train_02761.png,It is impossible for Labour's new Defence state-
trocr_data/train_images/train_02762.png,different in principle to the new defence statement .
trocr_data/train_images/train_02763.png,who will actually give the instructions to press
trocr_data/train_images/train_02764.png,by their talk of political and collective control
trocr_data/train_images/train_02765.png,The statement of Padley and Crossman is no
trocr_data/train_images/train_02766.png,"clear who controls the American H-bomb , and"
trocr_data/train_images/train_02767.png,"They accept American nuclear bases , and also"
trocr_data/train_images/train_02768.png,of Nato . The Pentagon has made it perfectly
trocr_data/train_images/train_02769.png,until some future date . They deceive the people
trocr_data/train_images/train_02770.png,the use of nuclear weapons and nuclear strategy
trocr_data/train_images/train_02771.png,the button for nuclear warfare .
trocr_data/train_images/train_02772.png,at the same time defend Britain . This
trocr_data/train_images/train_02773.png,"trade unionists , when it decided by overwhelming"
trocr_data/train_images/train_02774.png,"on unilateral disarmament , and to oppose"
trocr_data/train_images/train_02775.png,was shown at the Scottish Trades Union
trocr_data/train_images/train_02776.png,"the Holy Loch , or any other part of Britain ."
trocr_data/train_images/train_02777.png,"votes , to reaffirm the Scarborough decisions"
trocr_data/train_images/train_02778.png,There is only one way to develop unity and
trocr_data/train_images/train_02779.png,"Congress , representing 800,000 organised"
trocr_data/train_images/train_02780.png,Polaris and military bases being installed on
trocr_data/train_images/train_02781.png,that the movement will go on record against
trocr_data/train_images/train_02782.png,and military training .
trocr_data/train_images/train_02783.png,"present Tory Government , which has become a"
trocr_data/train_images/train_02784.png,Such a policy would unite the whole movement
trocr_data/train_images/train_02785.png,the Polaris base and facilities for German bases
trocr_data/train_images/train_02786.png,home and foreign policy . It is quite evident
trocr_data/train_images/train_02787.png,and lay the basis for the defeat of the
trocr_data/train_images/train_02788.png,real menace to the British people both in
trocr_data/train_images/train_02789.png,ballyhoo about Commonwealth Training
trocr_data/train_images/train_02790.png,end the manufacture and use of
trocr_data/train_images/train_02791.png,all nuclear strategy and weapons of mass
trocr_data/train_images/train_02792.png,than a handful of new apprenticeships
trocr_data/train_images/train_02793.png,Week subsides it is doubtful whether more
trocr_data/train_images/train_02794.png,This should strengthen the campaign to
trocr_data/train_images/train_02795.png,"destruction , and lay the basis for real"
trocr_data/train_images/train_02796.png,nuclear weapons in Britain . Britain then
trocr_data/train_images/train_02797.png,could play a leading and independent
trocr_data/train_images/train_02798.png,role for an international agreement to ban
trocr_data/train_images/train_02799.png,peace and progress . WHEN all the
trocr_data/train_images/train_02800.png,Wolverhampton for Britain's technical training to
trocr_data/train_images/train_02801.png,This week of window dressing will not prevent
trocr_data/train_images/train_02802.png,"and open days at techs , more than descents into"
trocr_data/train_images/train_02803.png,"jobs . It needs more than 10,000 church parades"
trocr_data/train_images/train_02804.png,Brighton's sewers or balloon ascents over
trocr_data/train_images/train_02805.png,in six weeks time from ending up in blind alley
trocr_data/train_images/train_02806.png,most of the hopeful 15-year-olds leaving school
trocr_data/train_images/train_02807.png,catch up with the space age .
trocr_data/train_images/train_02808.png,centage is expected to swell to 80
trocr_data/train_images/train_02809.png,work in 1960 420000 ( 73 per cent )
trocr_data/train_images/train_02810.png,"next year . The Duke , possibly"
trocr_data/train_images/train_02811.png,"The heli-hopping Duke of Edinburgh ,"
trocr_data/train_images/train_02812.png,young people aged 15-17 starting
trocr_data/train_images/train_02813.png,"speaking from experience , stated :"
trocr_data/train_images/train_02814.png,"scientific revolution . Out of the 550,000"
trocr_data/train_images/train_02815.png,"opening a few technical college extensions ,"
trocr_data/train_images/train_02816.png,will not keep us abreast of the
trocr_data/train_images/train_02817.png,went into unskilled work . The per-
trocr_data/train_images/train_02818.png,offered six craft apprenticeships and received 450
trocr_data/train_images/train_02819.png,boys who passed the Admiralty exams for Rosyth
trocr_data/train_images/train_02820.png,dockyard last year .
trocr_data/train_images/train_02821.png,are denied it . One area electricity board in 1958
trocr_data/train_images/train_02822.png,"applications , of whom 100 were considered suitable by"
trocr_data/train_images/train_02823.png,But the Duke is wrong when he implies that young people
trocr_data/train_images/train_02824.png,prefer unskilled jobs . Countless numbers who want training
trocr_data/train_images/train_02825.png,the board . There were only 17 vacancies for the 58
trocr_data/train_images/train_02826.png,survey of a life work . P. J. K. HANS WERNER
trocr_data/train_images/train_02827.png,The production by Bill Duncalf
trocr_data/train_images/train_02828.png,"HENZE'S "" Elegy for Young Lovers "" is the first"
trocr_data/train_images/train_02829.png,compressed a long and sometimes rambling
trocr_data/train_images/train_02830.png,a representative modern work and the composer
trocr_data/train_images/train_02831.png,"idioms , with a strong sense of words and situation ."
trocr_data/train_images/train_02832.png,story into a concentrated comprehensive
trocr_data/train_images/train_02833.png,admitted to the Glyndebourne canon . By no
trocr_data/train_images/train_02834.png,"means a masterpiece , it is in many respects"
trocr_data/train_images/train_02835.png,"unambiguously "" contemporary "" work to be"
trocr_data/train_images/train_02836.png,is a highly skilled manipulator of contemporary
trocr_data/train_images/train_02837.png,"intervals , and the result is often less delineation"
trocr_data/train_images/train_02838.png,is largely a satire on the petty court
trocr_data/train_images/train_02839.png,egocentric character leads him to sacrifice
trocr_data/train_images/train_02840.png,or at least the most successfully executed trait
trocr_data/train_images/train_02841.png,"of the libretto , which contains an odd blend of highly"
trocr_data/train_images/train_02842.png,obtains his musical characterisation by means
trocr_data/train_images/train_02843.png,everything to his need of inspiration . Henze
trocr_data/train_images/train_02844.png,"of character than caricature . This is also the chief ,"
trocr_data/train_images/train_02845.png,"of individual instrumental timbres and "" personal """
trocr_data/train_images/train_02846.png,"The libretto , by W. H. Auden and Chester Kallman ,"
trocr_data/train_images/train_02847.png,"surrounding an ageing poet , whose deeply"
trocr_data/train_images/train_02848.png,mischief perpetrated by almost every person
trocr_data/train_images/train_02849.png,the bones Doris Langley Moore has brought
trocr_data/train_images/train_02850.png,who had been close to him . In turning over
trocr_data/train_images/train_02851.png,behaviour and a vision of mischief-
trocr_data/train_images/train_02852.png,classes in the early 19th century which
trocr_data/train_images/train_02853.png,"him , and was even outmatched by the"
trocr_data/train_images/train_02854.png,leaves one a little breathless .
trocr_data/train_images/train_02855.png,to light a great deal of discreditable
trocr_data/train_images/train_02856.png,The evil that Byron did certainly lived after
trocr_data/train_images/train_02857.png,making propensities of the leisured
trocr_data/train_images/train_02858.png,ber of German film directors who have
trocr_data/train_images/train_02859.png,Film Festival was suddenly jolted back to
trocr_data/train_images/train_02860.png,"ennui , the eleventh Berlin International"
trocr_data/train_images/train_02861.png,"AFTER ten days of intermittent , near fatal"
trocr_data/train_images/train_02862.png,"angelo Antonioni's "" La Notte . "" The num-"
trocr_data/train_images/train_02863.png,"life by two extraordinary films , Bernhard"
trocr_data/train_images/train_02864.png,made first rate works in the last 25 years
trocr_data/train_images/train_02865.png,"Wicki's "" Das Wunder des Malachias "" ( "" The"
trocr_data/train_images/train_02866.png,can be counted on the fingers of one
trocr_data/train_images/train_02867.png,"Miracle of Father Malachias "" ) and Michael-"
trocr_data/train_images/train_02868.png,"film ro?5le in Ka""utner's "" Die letzt"
trocr_data/train_images/train_02869.png,sation of the German cinema . Wicki is
trocr_data/train_images/train_02870.png,"Bru""cke , "" and he also appears in the"
trocr_data/train_images/train_02871.png,It would now seem that Wicki's name must
trocr_data/train_images/train_02872.png,"as an actor , had his first important"
trocr_data/train_images/train_02873.png,may well be a landmark in the revitali-
trocr_data/train_images/train_02874.png,"be added to this list , for his new film"
trocr_data/train_images/train_02875.png,new Antonioni film .
trocr_data/train_images/train_02876.png,not only a director . He began his career
trocr_data/train_images/train_02877.png,is now on view in a Berlin gallery is most im-
trocr_data/train_images/train_02878.png,technical means of abstraction .
trocr_data/train_images/train_02879.png,In 1950 he began to take photographs not
trocr_data/train_images/train_02880.png,"pressive . As Friedrich Du""rrenmatt , the Swiss"
trocr_data/train_images/train_02881.png,"lost and the forgotten , but they are also the"
trocr_data/train_images/train_02882.png,only in Germany but also in Africa and
trocr_data/train_images/train_02883.png,and greys are not only the colours of the
trocr_data/train_images/train_02884.png,"playwright and author , wrote : "" Wicki's blacks"
trocr_data/train_images/train_02885.png,America . An exhibition of these works which
trocr_data/train_images/train_02886.png,"film , "" Die Bru""cke , "" was equally terrifying ,"
trocr_data/train_images/train_02887.png,colouring must be eliminated . He does not
trocr_data/train_images/train_02888.png,"want the accuracy of a police photograph ,"
trocr_data/train_images/train_02889.png,but rather he wants to show the eternal in
trocr_data/train_images/train_02890.png,"Every unnecessary detail , all superfluous local"
trocr_data/train_images/train_02891.png,of reality into an icy supernatural vacuum
trocr_data/train_images/train_02892.png,grapher as to Wicki the director . His earlier
trocr_data/train_images/train_02893.png,but here the director moves out of the world
trocr_data/train_images/train_02894.png,"chias "" is due as much to Wicki the photo-"
trocr_data/train_images/train_02895.png,"every instant . "" The chilling horror of "" Mala-"
trocr_data/train_images/train_02896.png,moved . One night his prayer is answered
trocr_data/train_images/train_02897.png,and the offending establishment is suddenly
trocr_data/train_images/train_02898.png,Following Bruce Marshall's original novel with
trocr_data/train_images/train_02899.png,"considerable fidelity , the film tells the story"
trocr_data/train_images/train_02900.png,But Father Malachias's troubles have only
trocr_data/train_images/train_02901.png,"begun . Instead of having the desired effect ,"
trocr_data/train_images/train_02902.png,table night club near his church be re-
trocr_data/train_images/train_02903.png,of a little monk who prays that a disrepu-
trocr_data/train_images/train_02904.png,the miracle becomes exploited by a group
trocr_data/train_images/train_02905.png,transplanted to an island in the North Sea .
trocr_data/train_images/train_02906.png,given a gala society reopening on the
trocr_data/train_images/train_02907.png,crowning indignity the night club is
trocr_data/train_images/train_02908.png,the missing building . The Church rebukes the
trocr_data/train_images/train_02909.png,"island . Father Malachias goes to the island ,"
trocr_data/train_images/train_02910.png,"poor monk for his miracle , and as a"
trocr_data/train_images/train_02911.png,Soon a carnival springs up on the sight of
trocr_data/train_images/train_02912.png,night club is replaced in its original
trocr_data/train_images/train_02913.png,setting .
trocr_data/train_images/train_02914.png,"prays , and in a second miracle the"
trocr_data/train_images/train_02915.png,the glaring beacon of a lighthouse .
trocr_data/train_images/train_02916.png,"tells his story best in the faces of his crowds ,"
trocr_data/train_images/train_02917.png,the wildly flapping white sails slashed by
trocr_data/train_images/train_02918.png,"with brutal honesty , building up to a"
trocr_data/train_images/train_02919.png,"Here , the guests arrive in ghost-like yachts ,"
trocr_data/train_images/train_02920.png,A summary of the story can give almost
trocr_data/train_images/train_02921.png,tremendous climax in the island orgy .
trocr_data/train_images/train_02922.png,recording every wrinkle and drop of sweat
trocr_data/train_images/train_02923.png,indication of the scope of Wicki's artistry . He
trocr_data/train_images/train_02924.png,last days of a sick society .
trocr_data/train_images/train_02925.png,and thoroughly frightening . Wicki has
trocr_data/train_images/train_02926.png,marvellous joke ; no one has learned anything . Wicki
trocr_data/train_images/train_02927.png,"walking in the streets , smug , content , satisfied ,"
trocr_data/train_images/train_02928.png,recording his personal apocalypse of the
trocr_data/train_images/train_02929.png,succeeded in his second film in
trocr_data/train_images/train_02930.png,complete silence he shows the faces of people
trocr_data/train_images/train_02931.png,"When the final miracle does occur , it is accepted as a"
trocr_data/train_images/train_02932.png,suddenly returns to the city for a final epilogue . In
trocr_data/train_images/train_02933.png,""" Dolce Vita , "" for it is far more intimate and deeply"
trocr_data/train_images/train_02934.png,"It is most unfair to call "" Malachias "" a cut-rate"
trocr_data/train_images/train_02935.png,"Third Reich with the sinking of the great ocean liner ,"
trocr_data/train_images/train_02936.png,"in "" Titanic "" by paralleling the last days of the"
trocr_data/train_images/train_02937.png,felt . In 1944 Herbert Selpin tried a similar feat
trocr_data/train_images/train_02938.png,and paid for his audacity with his life .
trocr_data/train_images/train_02939.png,"to "" Vogue , "" "" Cahiers du Cinema , "" and the"
trocr_data/train_images/train_02940.png,worst aspects of the American cinema . From
trocr_data/train_images/train_02941.png,out into a series of repetitious sight-gags
trocr_data/train_images/train_02942.png,"the film with extreme coolness , much preferring"
trocr_data/train_images/train_02943.png,Aznavour ) .
trocr_data/train_images/train_02944.png,"est une Femme , "" a ninety-one minute hymn"
trocr_data/train_images/train_02945.png,uninitiated ( including four plugs for Charles
trocr_data/train_images/train_02946.png,and personal jokes incomprehensible to the
trocr_data/train_images/train_02947.png,"Strangely enough , the Berlin audience received"
trocr_data/train_images/train_02948.png,"a brilliantly funny start , the work fizzles"
trocr_data/train_images/train_02949.png,"Jean-Luc Godard's disappointing "" Une Femme"
trocr_data/train_images/train_02950.png,""" Unheimliche Geschichten "" ( 1920 ) , five ghost stories"
trocr_data/train_images/train_02951.png,This director is at last being re-evaluated and
trocr_data/train_images/train_02952.png,"with a light touch , and there was much to admire"
trocr_data/train_images/train_02953.png,given his proper place in the history of the
trocr_data/train_images/train_02954.png,Germany to start the First World War .
trocr_data/train_images/train_02955.png,tries to show that it took more than just
trocr_data/train_images/train_02956.png,"but extremely important "" 1914 "" ( 1931 ) , which"
trocr_data/train_images/train_02957.png,"in "" Dreyfus "" ( 1930 ) and the virtually unknown"
trocr_data/train_images/train_02958.png,German film . Most charming was his tongue-in-cheek
trocr_data/train_images/train_02959.png,and the audience at the awards was particularly
trocr_data/train_images/train_02960.png,"film . Gifted with an interesting face , although little"
trocr_data/train_images/train_02961.png,"generous in giving everyone something , and silver"
trocr_data/train_images/train_02962.png,worth watching in the months to come .
trocr_data/train_images/train_02963.png,bears are awarded in every direction . Both the
trocr_data/train_images/train_02964.png,Sentence Database C02-059
trocr_data/train_images/train_02965.png,as best actress for her work in the Godard
trocr_data/train_images/train_02966.png,"acting ability , she would seem to be well"
trocr_data/train_images/train_02967.png,enthusiastic when one Miss Anna Kerima was selected
trocr_data/train_images/train_02968.png,"Prizes being what they are , Berlin is unusually"
trocr_data/train_images/train_02969.png,"Antonioni and Wicki films took high honours ,"
trocr_data/train_images/train_02970.png,"living , that once seemed so new and so"
trocr_data/train_images/train_02971.png,situation and movement it matters a lot ) is
trocr_data/train_images/train_02972.png,"about it , of enormous cinematic enjoyment , and"
trocr_data/train_images/train_02973.png,It has a great look of speed and technical fun
trocr_data/train_images/train_02974.png,above all of cinematic sense . Much of it has
trocr_data/train_images/train_02975.png,who spends a few days with an American girl
trocr_data/train_images/train_02976.png,"sense of plot , matters much ; but in the sense of"
trocr_data/train_images/train_02977.png,"that air of improvisation , as of off-the-cuff"
trocr_data/train_images/train_02978.png,"attractive . The story ( not that the story , in the"
trocr_data/train_images/train_02979.png,"that of a man on the run ( Jean-Paul Belmondo ) ,"
trocr_data/train_images/train_02980.png,lated into Seven Days ... Seven Nights ...
trocr_data/train_images/train_02981.png,in Moderato Cantabile ( curiously trans-
trocr_data/train_images/train_02982.png,well trounced by the critics wherever it
trocr_data/train_images/train_02983.png,in France and shown last autumn at
trocr_data/train_images/train_02984.png,"has appeared . Leisurely , even slow ,"
trocr_data/train_images/train_02985.png,"A certificate ) , Peter Brook's film made"
trocr_data/train_images/train_02986.png,the London Film Festival . In spite of
trocr_data/train_images/train_02987.png,"from Jeanne Moreau , this has been fairly"
trocr_data/train_images/train_02988.png,Belmondo reappears at the Paris Pullman
trocr_data/train_images/train_02989.png,magnificent performances from him and
trocr_data/train_images/train_02990.png,"Malden not knowing how to take it ,"
trocr_data/train_images/train_02991.png,all rolling eyeballs like a villain
trocr_data/train_images/train_02992.png,"Donahue ; and Claudette Colbert , still"
trocr_data/train_images/train_02993.png,With a large blond youth of quite
trocr_data/train_images/train_02994.png,"charming amid the nonsense , and Karl"
trocr_data/train_images/train_02995.png,dazzling dumbness called Troy
trocr_data/train_images/train_02996.png,from East Lynne .
trocr_data/train_images/train_02997.png,this unity of conception and control are
trocr_data/train_images/train_02998.png,play A Taste of Honey opens at the Leicester
trocr_data/train_images/train_02999.png,"part-author with Miss Delaney of the script ,"
trocr_data/train_images/train_03000.png,"an directed by Mr. Tony Richardson , who is also"
trocr_data/train_images/train_03001.png,and the great advantages to be derived from
trocr_data/train_images/train_03002.png,The film version of Miss Shelagh Delaney's
trocr_data/train_images/train_03003.png,Square Theatre tomorrow . It has been produced
trocr_data/train_images/train_03004.png,everywhere apparent .
trocr_data/train_images/train_03005.png,to be derived from this unity of conception and control
trocr_data/train_images/train_03006.png,Taste of Honey opens at the Leicester Square Theatre
trocr_data/train_images/train_03007.png,tomorrow . It has been produced and directed by
trocr_data/train_images/train_03008.png,"Mr. Tony Richardson , who is also part-author with"
trocr_data/train_images/train_03009.png,are everywhere apparent .
trocr_data/train_images/train_03010.png,"Miss Delaney of the script , and the great advantages"
trocr_data/train_images/train_03011.png,The film version of Miss Shelagh Delaney's play A
trocr_data/train_images/train_03012.png,apparent .
trocr_data/train_images/train_03013.png,The film version of Miss Shelagh Delaney's play
trocr_data/train_images/train_03014.png,A Taste of Honey opens at the Leicester Square
trocr_data/train_images/train_03015.png,"directed by Mr. Tony Richardson , who is also part-"
trocr_data/train_images/train_03016.png,Theatre tomorrow . It has been produced and
trocr_data/train_images/train_03017.png,unity of conception and control are everywhere
trocr_data/train_images/train_03018.png,the great advantages to be derived from this
trocr_data/train_images/train_03019.png,"author with Miss Delaney of the script , and"
trocr_data/train_images/train_03020.png,play A Taste of Honey opens at the Leicester
trocr_data/train_images/train_03021.png,be derived from this unity of conception and
trocr_data/train_images/train_03022.png,Square Theatre tomorrow . It has been pro-
trocr_data/train_images/train_03023.png,"duced and directed by Mr. Tony Richardson ,"
trocr_data/train_images/train_03024.png,"of the script , and the great advantages to"
trocr_data/train_images/train_03025.png,who is also part-author with Miss Delaney
trocr_data/train_images/train_03026.png,control are everywhere apparent .
trocr_data/train_images/train_03027.png,The film version of Miss Shelagh Delaney's
trocr_data/train_images/train_03028.png,control are everywhere apparent .
trocr_data/train_images/train_03029.png,also part-author with Miss Delaney of the
trocr_data/train_images/train_03030.png,"script , and the great advantages to be"
trocr_data/train_images/train_03031.png,The film version of Miss Shelagh Delaney's
trocr_data/train_images/train_03032.png,derived from this unity of conception and
trocr_data/train_images/train_03033.png,"and directed by Mr. Tony Richardson , who is"
trocr_data/train_images/train_03034.png,Square Theatre tomorrow . It has been produced
trocr_data/train_images/train_03035.png,play A Taste of Honey opens at the Leicester
trocr_data/train_images/train_03036.png,"Richardson , who is also part-author with"
trocr_data/train_images/train_03037.png,of conception and control are everywhere
trocr_data/train_images/train_03038.png,play A Taste of Honey opens at the
trocr_data/train_images/train_03039.png,been produced and directed by Mr. Tony
trocr_data/train_images/train_03040.png,"Miss Delaney of the script , and the great"
trocr_data/train_images/train_03041.png,The film version of Miss Shelagh Delaney's
trocr_data/train_images/train_03042.png,Leicester Square Theatre tomorrow . It has
trocr_data/train_images/train_03043.png,advantages to be derived from this unity
trocr_data/train_images/train_03044.png,apparent .
trocr_data/train_images/train_03045.png,"conceived throughout in terms of the cinema ,"
trocr_data/train_images/train_03046.png,the atmosphere of a city .
trocr_data/train_images/train_03047.png,"of the story , and the marriage of the central"
trocr_data/train_images/train_03048.png,and again and again it is the visual qualities
trocr_data/train_images/train_03049.png,This is not a filmed play . It has been
trocr_data/train_images/train_03050.png,"also has its premiere tomorrow , the director ,"
trocr_data/train_images/train_03051.png,"the film so vividly to life . In Fanny , which"
trocr_data/train_images/train_03052.png,"Mr. Joshua Logan , attempted but failed to create"
trocr_data/train_images/train_03053.png,"characters to their background , which bring"
trocr_data/train_images/train_03054.png,"throughout in terms of the cinema , and again and"
trocr_data/train_images/train_03055.png,"the director , Mr. Joshua Logan , attempted but failed"
trocr_data/train_images/train_03056.png,"In Fanny , which also has its premiere tomorrow ,"
trocr_data/train_images/train_03057.png,This is not a filmed play . It has been conceived
trocr_data/train_images/train_03058.png,"background , which bring the film so vividly to life ."
trocr_data/train_images/train_03059.png,to create the atmosphere of a city .
trocr_data/train_images/train_03060.png,"again it is the visual qualities of the story , and"
trocr_data/train_images/train_03061.png,the marriage of the central characters to their
trocr_data/train_images/train_03062.png,"Joshua Logan , attempted but failed to"
trocr_data/train_images/train_03063.png,create the atmosphere of a city .
trocr_data/train_images/train_03064.png,"film so vividly to life . In Fanny , which also"
trocr_data/train_images/train_03065.png,"ceived throughout in terms of the cinema , and"
trocr_data/train_images/train_03066.png,This is not a filmed play . It has been con-
trocr_data/train_images/train_03067.png,"characters to their background , which bring the"
trocr_data/train_images/train_03068.png,again and again it is the visual qualities of
trocr_data/train_images/train_03069.png,"has its premiere tomorrow , the director , Mr."
trocr_data/train_images/train_03070.png,"the story , and the marriage of the central"
trocr_data/train_images/train_03071.png,"story , and the marriage of the central charac-"
trocr_data/train_images/train_03072.png,This is not a filmed play . It has been conceived
trocr_data/train_images/train_03073.png,"throughout in terms of the cinema , and again"
trocr_data/train_images/train_03074.png,"film so vividly to life . In Fanny , which"
trocr_data/train_images/train_03075.png,create the atmosphere of a city .
trocr_data/train_images/train_03076.png,"also has its premiere tomorrow , the director ,"
trocr_data/train_images/train_03077.png,"ters to their background , which bring the"
trocr_data/train_images/train_03078.png,"Mr. Joshua Logan , attempted but failed to"
trocr_data/train_images/train_03079.png,and again it is the visual qualities of the
trocr_data/train_images/train_03080.png,"the film so vividly to life . In Fanny , which"
trocr_data/train_images/train_03081.png,and again and again it is the visual qualities
trocr_data/train_images/train_03082.png,"also has its premiere tomorrow , the director ,"
trocr_data/train_images/train_03083.png,"ceived throughout in terms of the cinema ,"
trocr_data/train_images/train_03084.png,create the atmosphere of a city .
trocr_data/train_images/train_03085.png,"of the story , and the marriage of the central"
trocr_data/train_images/train_03086.png,"characters to their background , which bring"
trocr_data/train_images/train_03087.png,This is not a filmed play . It has been con-
trocr_data/train_images/train_03088.png,"Mr. Joshua Logan , attempted but failed to"
trocr_data/train_images/train_03089.png,"the director , Mr. Joshua Logan , attempted"
trocr_data/train_images/train_03090.png,a city .
trocr_data/train_images/train_03091.png,"Fanny , which also has its premiere tomorrow ,"
trocr_data/train_images/train_03092.png,"of the story , and the marriage of the"
trocr_data/train_images/train_03093.png,which bring the film so vividly to life . In
trocr_data/train_images/train_03094.png,but failed to create the atmosphere of
trocr_data/train_images/train_03095.png,This is not a filmed play . It has been concei-
trocr_data/train_images/train_03096.png,"ved throughout in terms of the cinema ,"
trocr_data/train_images/train_03097.png,and again and again it is the visual qualities
trocr_data/train_images/train_03098.png,"central characters to their background ,"
trocr_data/train_images/train_03099.png,"and wet pavements , the school play-grounds ,"
trocr_data/train_images/train_03100.png,a town in the industrial North of England
trocr_data/train_images/train_03101.png,the public monuments and the rubbish
trocr_data/train_images/train_03102.png,"in the churchyard , "" sacred to the memory of "" -"
trocr_data/train_images/train_03103.png,are seen as an integral part of the story .
trocr_data/train_images/train_03104.png,In A Taste of Honey Mr. Richardson has taken
trocr_data/train_images/train_03105.png,strewn canals - even the worn head-stones
trocr_data/train_images/train_03106.png,and has made it live . The shabby streets
trocr_data/train_images/train_03107.png,integral part of the story .
trocr_data/train_images/train_03108.png,""" sacred to the memory of "" - are seen as an"
trocr_data/train_images/train_03109.png,"wet pavements , the school play-grounds , the"
trocr_data/train_images/train_03110.png,public monuments and the rubbish strewn canals -
trocr_data/train_images/train_03111.png,In A Taste of Honey Mr. Richardson has
trocr_data/train_images/train_03112.png,"even the worn head-stones in the churchyard ,"
trocr_data/train_images/train_03113.png,taken a town in the industrial North of England
trocr_data/train_images/train_03114.png,and has made it live . The shabby streets and
trocr_data/train_images/train_03115.png,the rubbish strewn canals - even the worn
trocr_data/train_images/train_03116.png,the story .
trocr_data/train_images/train_03117.png,In A Taste of Honey Mr. Richardson has taken a
trocr_data/train_images/train_03118.png,"head-stones in the churchyard , "" sacred to the"
trocr_data/train_images/train_03119.png,"the school play-grounds , the public monuments and"
trocr_data/train_images/train_03120.png,town in the industrial North of England and
trocr_data/train_images/train_03121.png,"memory of "" - are seen as an integral part of"
trocr_data/train_images/train_03122.png,"has made it live . The shabby streets and wet pavements ,"
trocr_data/train_images/train_03123.png,"churchyard , "" sacred to the memory of """
trocr_data/train_images/train_03124.png,canals - even the worn head-stones in the
trocr_data/train_images/train_03125.png,a town in the industrial North of England
trocr_data/train_images/train_03126.png,- are seen as an integral part of the
trocr_data/train_images/train_03127.png,and has made it live . The shabby streets
trocr_data/train_images/train_03128.png,In A Taste of Honey Mr. Richardson has taken
trocr_data/train_images/train_03129.png,story .
trocr_data/train_images/train_03130.png,"and wet pavements , the school play-grounds ,"
trocr_data/train_images/train_03131.png,the public monuments and the rubbish strewn
trocr_data/train_images/train_03132.png,In A Taste of Honey Mr. Richardson has
trocr_data/train_images/train_03133.png,the rubbish strewn canals - even the
trocr_data/train_images/train_03134.png,"play-grounds , the public monuments and"
trocr_data/train_images/train_03135.png,England and has made it live . The shabby
trocr_data/train_images/train_03136.png,"worn head-stones in the churchyard , "" sacred"
trocr_data/train_images/train_03137.png,"streets and wet pavements , the school"
trocr_data/train_images/train_03138.png,taken a town in the industrial North of
trocr_data/train_images/train_03139.png,"to the memory of "" - are seen as an"
trocr_data/train_images/train_03140.png,integral part of the story .
trocr_data/train_images/train_03141.png,"grounds , the public monuments and the"
trocr_data/train_images/train_03142.png,England and has made it live . The shabby
trocr_data/train_images/train_03143.png,"streets and wet pavements , the school play-"
trocr_data/train_images/train_03144.png,In A Taste of Honey Mr. Richardson has
trocr_data/train_images/train_03145.png,rubbish strewn canals - even the worn
trocr_data/train_images/train_03146.png,"the memory of "" - are seen as an integral"
trocr_data/train_images/train_03147.png,taken a town in the industrial North of
trocr_data/train_images/train_03148.png,"head-stones in the churchyard , "" sacred to"
trocr_data/train_images/train_03149.png,part of the story .
trocr_data/train_images/train_03150.png,"play-grounds , the public monuments and"
trocr_data/train_images/train_03151.png,"head-stones in the churchyard , "" sacred to"
trocr_data/train_images/train_03152.png,gral part of the story .
trocr_data/train_images/train_03153.png,"streets and wet pavements , the school"
trocr_data/train_images/train_03154.png,the rubbish strewn canals - even the worn
trocr_data/train_images/train_03155.png,"the memory of "" - are seen as an inte-"
trocr_data/train_images/train_03156.png,taken a town in the industrial North of
trocr_data/train_images/train_03157.png,In A Taste of Honey Mr. Richardson has
trocr_data/train_images/train_03158.png,England and has made it live . The shabby
trocr_data/train_images/train_03159.png,girl lives in a single dingy room with
trocr_data/train_images/train_03160.png,surroundings she learns sex is something
trocr_data/train_images/train_03161.png,"first time herself it is incoherently , clumsily ,"
trocr_data/train_images/train_03162.png,but half inquisitively . As is the case in Fanny
trocr_data/train_images/train_03163.png,intense realism in the situation . A young
trocr_data/train_images/train_03164.png,to bear his child and sails away .
trocr_data/train_images/train_03165.png,"her slatternly , promiscuous mother . In such"
trocr_data/train_images/train_03166.png,her first lover is a sailor who leaves her
trocr_data/train_images/train_03167.png,"But there is heart in the telling , and an"
trocr_data/train_images/train_03168.png,"sordid , and when she experiences it for the"
trocr_data/train_images/train_03169.png,first lover is a sailor who leaves her to bear
trocr_data/train_images/train_03170.png,his child and sails away .
trocr_data/train_images/train_03171.png,"But there is heart in the telling , and an intense"
trocr_data/train_images/train_03172.png,"a single dingy room with her slatternly ,"
trocr_data/train_images/train_03173.png,realism in the situation . A young girl lives in
trocr_data/train_images/train_03174.png,half inquisitively . As is the case in Fanny her
trocr_data/train_images/train_03175.png,"learns sex is something sordid , and when she"
trocr_data/train_images/train_03176.png,promiscuous mother . In such surroundings she
trocr_data/train_images/train_03177.png,"is incoherently , clumsily , but half shyly and"
trocr_data/train_images/train_03178.png,experiences it for the first time herself it
trocr_data/train_images/train_03179.png,shyly and half inquisitively . As is the case in
trocr_data/train_images/train_03180.png,"herself it is incoherently , clumsily , but half"
trocr_data/train_images/train_03181.png,"slatternly , promiscuous mother . In such"
trocr_data/train_images/train_03182.png,"But there is heart in the telling , and an"
trocr_data/train_images/train_03183.png,girl lives in a single dingy room with her
trocr_data/train_images/train_03184.png,Fanny her first lover is a sailor who leaves
trocr_data/train_images/train_03185.png,intense realism in the situation . A young
trocr_data/train_images/train_03186.png,and when she experiences it for the first time
trocr_data/train_images/train_03187.png,her to bear his child and sails away .
trocr_data/train_images/train_03188.png,"surroundings she learns sex is something sordid ,"
trocr_data/train_images/train_03189.png,is the case in Fanny her first lover is a sailor
trocr_data/train_images/train_03190.png,who leaves her to bear his child and sails
trocr_data/train_images/train_03191.png,but half shyly and half inquisitively . As
trocr_data/train_images/train_03192.png,away .
trocr_data/train_images/train_03193.png,"her slatternly , promiscuous mother . In such"
trocr_data/train_images/train_03194.png,"But there is heart in the telling , and an"
trocr_data/train_images/train_03195.png,"sordid , and when she experiences it for"
trocr_data/train_images/train_03196.png,surroundings she learns sex is something
trocr_data/train_images/train_03197.png,"the first time herself it is incoherently , clumsily ,"
trocr_data/train_images/train_03198.png,girl lives in a single dingy room with
trocr_data/train_images/train_03199.png,intense realism in the situation . A young
trocr_data/train_images/train_03200.png,"But there is heart in the telling , and an"
trocr_data/train_images/train_03201.png,first lover is a sailor who leaves her to
trocr_data/train_images/train_03202.png,girl lives in a single dingy room with her
trocr_data/train_images/train_03203.png,"sordid , and when she experiences it for the"
trocr_data/train_images/train_03204.png,"slatternly , promiscuous mother . In such"
trocr_data/train_images/train_03205.png,bear his child and sails away .
trocr_data/train_images/train_03206.png,"clumsily , but half shyly and half in-"
trocr_data/train_images/train_03207.png,quisitively . As is the case in Fanny her
trocr_data/train_images/train_03208.png,"first time herself it is incoherently ,"
trocr_data/train_images/train_03209.png,intense realism in the situation . A young
trocr_data/train_images/train_03210.png,surroundings she learns sex is something
trocr_data/train_images/train_03211.png,"you are looking for someone to love "" ."
trocr_data/train_images/train_03212.png,hour of need . He shares her room and gives
trocr_data/train_images/train_03213.png,In Fanny the pregnant girl is befriended by
trocr_data/train_images/train_03214.png,"as much as to the expectant mother , who acts"
trocr_data/train_images/train_03215.png,her his forlorn gift of companionship and sym-
trocr_data/train_images/train_03216.png,strong maternal instinct to the unborn child
trocr_data/train_images/train_03217.png,"pathy - "" you need someone to love you while"
trocr_data/train_images/train_03218.png,estranged from women but yet moved by a
trocr_data/train_images/train_03219.png,"an old man . Here it is a young homosexual ,"
trocr_data/train_images/train_03220.png,as a protector and comforter to her in her
trocr_data/train_images/train_03221.png,"man . Here it is a young homosexual , estranged from"
trocr_data/train_images/train_03222.png,of need . He shares her room and gives her his forlorn
trocr_data/train_images/train_03223.png,"someone to love "" ."
trocr_data/train_images/train_03224.png,In Fanny the pregnant girl is befriended by an old
trocr_data/train_images/train_03225.png,who acts as a protector and comforter to her in her hour
trocr_data/train_images/train_03226.png,women but yet moved by a strong maternal instinct to
trocr_data/train_images/train_03227.png,"gift of companionship and sympathy - "" you need"
trocr_data/train_images/train_03228.png,"the unborn child as much as to the expectant mother ,"
trocr_data/train_images/train_03229.png,someone to love you while you are looking for
trocr_data/train_images/train_03230.png,from women but yet moved by a strong maternal
trocr_data/train_images/train_03231.png,shares her room and gives her his forlorn gift
trocr_data/train_images/train_03232.png,"old man . Here it is a young homosexual , estranged"
trocr_data/train_images/train_03233.png,In Fanny the pregnant girl is befriended by an
trocr_data/train_images/train_03234.png,"someone to love "" ."
trocr_data/train_images/train_03235.png,"expectant mother , who acts as a protector and"
trocr_data/train_images/train_03236.png,instinct to the unborn child as much as to the
trocr_data/train_images/train_03237.png,to love you while you are looking for
trocr_data/train_images/train_03238.png,"of companionship and sympathy - "" you need someone"
trocr_data/train_images/train_03239.png,comforter to her in her hour of need . He
trocr_data/train_images/train_03240.png,her his forlorn gift of companionship and
trocr_data/train_images/train_03241.png,strong maternal instinct to the unborn child
trocr_data/train_images/train_03242.png,her hour of need . He shares her room and gives
trocr_data/train_images/train_03243.png,In Fanny the pregnant girl is befriended by
trocr_data/train_images/train_03244.png,"you are looking for someone to love "" ."
trocr_data/train_images/train_03245.png,"sympathy - "" you need someone to love you while"
trocr_data/train_images/train_03246.png,estranged from women but yet moved by a
trocr_data/train_images/train_03247.png,"as much as to the expectant mother , who"
trocr_data/train_images/train_03248.png,acts as a protector and comforter to her in
trocr_data/train_images/train_03249.png,"an old man . Here it is a young homosexual ,"
trocr_data/train_images/train_03250.png,In Fanny the pregnant girl is befriended
trocr_data/train_images/train_03251.png,by an old man . Here it is a young homo-
trocr_data/train_images/train_03252.png,who acts as a protector and comforter to
trocr_data/train_images/train_03253.png,"sexual , estranged from women but yet moved"
trocr_data/train_images/train_03254.png,by a strong maternal instinct to the unborn
trocr_data/train_images/train_03255.png,to love you while you are looking for
trocr_data/train_images/train_03256.png,"child as much as to the expectant mother ,"
trocr_data/train_images/train_03257.png,and gives her his forlorn gift of com-
trocr_data/train_images/train_03258.png,"someone to love "" ."
trocr_data/train_images/train_03259.png,"panionship and sympathy - "" you need someone"
trocr_data/train_images/train_03260.png,her in her hour of need . He shares her room
trocr_data/train_images/train_03261.png,by an old man . Here it is a young homo-
trocr_data/train_images/train_03262.png,""" you need someone to love you while you"
trocr_data/train_images/train_03263.png,forlorn gift of companionship and sympathy -
trocr_data/train_images/train_03264.png,and comforter to her in her hour of need .
trocr_data/train_images/train_03265.png,"sexual , estranged from women but yet"
trocr_data/train_images/train_03266.png,moved by a strong maternal instinct to
trocr_data/train_images/train_03267.png,"expectant mother , who acts as a protector"
trocr_data/train_images/train_03268.png,the unborn child as much as to the
trocr_data/train_images/train_03269.png,He shares her room and gives her his
trocr_data/train_images/train_03270.png,In Fanny the pregnant girl is befriended
trocr_data/train_images/train_03271.png,"a flawed but beautiful enigma , seen but not"
trocr_data/train_images/train_03272.png,technical error in allowing Irene to speak
trocr_data/train_images/train_03273.png,"that of the sergeant , gives a performance of"
trocr_data/train_images/train_03274.png,in our minds about her if she remained
trocr_data/train_images/train_03275.png,for herself ; we would be altogether clearer
trocr_data/train_images/train_03276.png,rare intelligence and restrained power .
trocr_data/train_images/train_03277.png,"Arguably , the dramatist has committed a"
trocr_data/train_images/train_03278.png,"few brief scenes effective , and Mr. Dinsdale"
trocr_data/train_images/train_03279.png,"Landen , in the longest and most exacting role ,"
trocr_data/train_images/train_03280.png,"heard . However , Miss Pinkie Johnstone makes her"
trocr_data/train_images/train_03281.png,Miss Pinkie Johnstone makes her few brief scenes
trocr_data/train_images/train_03282.png,herself ; we would be altogether clearer in our
trocr_data/train_images/train_03283.png,and restrained power .
trocr_data/train_images/train_03284.png,"the longest and most exacting role , that of the"
trocr_data/train_images/train_03285.png,"sergeant , gives a performance of rare intelligence"
trocr_data/train_images/train_03286.png,technical error in allowing Irene to speak for
trocr_data/train_images/train_03287.png,"effective , and Mr. Dinsdale Landen , in"
trocr_data/train_images/train_03288.png,"beautiful enigma , seen but not heard . However ,"
trocr_data/train_images/train_03289.png,minds about her if she remained a flawed but
trocr_data/train_images/train_03290.png,"Arguably , the dramatist has committed a"
trocr_data/train_images/train_03291.png,"enigma , seen but not heard . However , Miss Pinkie"
trocr_data/train_images/train_03292.png,"exacting role , that of the sergeant , gives a performance"
trocr_data/train_images/train_03293.png,error in allowing Irene to speak for herself ;
trocr_data/train_images/train_03294.png,we would be altogether clearer in our minds
trocr_data/train_images/train_03295.png,"Arguably , the dramatist has committed a technical"
trocr_data/train_images/train_03296.png,"Johnstone makes her few brief scenes effective , and"
trocr_data/train_images/train_03297.png,of rare intelligence and restrained power .
trocr_data/train_images/train_03298.png,about her if she remained a flawed but beautiful
trocr_data/train_images/train_03299.png,"Mr. Dinsdale Landen , in the longest and most"
trocr_data/train_images/train_03300.png,"Arguably , the dramatist has committed a"
trocr_data/train_images/train_03301.png,"a flawed but beautiful enigma , seen but"
trocr_data/train_images/train_03302.png,restrained power .
trocr_data/train_images/train_03303.png,technical error in allowing Irene to speak
trocr_data/train_images/train_03304.png,"exacting role , that of the sergeant , gives"
trocr_data/train_images/train_03305.png,"not heard . However , Miss Pinkie Johnstone"
trocr_data/train_images/train_03306.png,"Dinsdale Landen , in the longest and most"
trocr_data/train_images/train_03307.png,a performance of rare intelligence and
trocr_data/train_images/train_03308.png,in our minds about her if she remained
trocr_data/train_images/train_03309.png,for herself ; we would be altogether clearer
trocr_data/train_images/train_03310.png,"makes her few brief scenes effective , and Mr."
trocr_data/train_images/train_03311.png,"exacting role , that of the sergeant , gives a perfor-"
trocr_data/train_images/train_03312.png,in our minds about her if she remained
trocr_data/train_images/train_03313.png,for herself ; we would be altogether clearer
trocr_data/train_images/train_03314.png,"makes her few brief scenes effective , and"
trocr_data/train_images/train_03315.png,"Mr. Dinsdale Landen , in the longest and most"
trocr_data/train_images/train_03316.png,"a flawed but beautiful enigma , seen but"
trocr_data/train_images/train_03317.png,power .
trocr_data/train_images/train_03318.png,mance of rare intelligence and restrained
trocr_data/train_images/train_03319.png,"not heard . However , Miss Pinkie Johnstone"
trocr_data/train_images/train_03320.png,"Arguably , the dramatist has committed a"
trocr_data/train_images/train_03321.png,technical error in allowing Irene to speak
trocr_data/train_images/train_03322.png,"Arguably , the dramatist has committed a"
trocr_data/train_images/train_03323.png,"flawed but beautiful enigma , seen but not"
trocr_data/train_images/train_03324.png,"makes her few brief scenes effective , and"
trocr_data/train_images/train_03325.png,"Mr. Dinsdale Landen , in the longest and most"
trocr_data/train_images/train_03326.png,"exacting role , that of the sergeant , gives a"
trocr_data/train_images/train_03327.png,for herself ; we would be altogether clearer
trocr_data/train_images/train_03328.png,in our minds about her if she remained a
trocr_data/train_images/train_03329.png,performance of rare intelligence and restrained
trocr_data/train_images/train_03330.png,"heard . However , Miss Pinkie Johnstone"
trocr_data/train_images/train_03331.png,technical error in allowing Irene to speak
trocr_data/train_images/train_03332.png,power of unbridled ambition .
trocr_data/train_images/train_03333.png,on the not unfamiliar theme of the destructive
trocr_data/train_images/train_03334.png,Mr. Bryan Stonehouse's production is quietly
trocr_data/train_images/train_03335.png,"effective , giving full value to the formal elements"
trocr_data/train_images/train_03336.png,"them . Last night's play in the "" Play of the"
trocr_data/train_images/train_03337.png,"Week "" series on independent television , Then"
trocr_data/train_images/train_03338.png,of Betti's writing without over-emphasizing
trocr_data/train_images/train_03339.png,"We Fall , by Mr. Paul Ferris , was a morality"
trocr_data/train_images/train_03340.png,"them . Last night's play in the "" Play of the"
trocr_data/train_images/train_03341.png,of Betti's writing without over-emphasizing
trocr_data/train_images/train_03342.png,"Week "" series on independent television , Then"
trocr_data/train_images/train_03343.png,Mr. Bryan Stonehouse's production is quietly
trocr_data/train_images/train_03344.png,"effective , giving full value to the formal elements"
trocr_data/train_images/train_03345.png,on the not unfamiliar theme of the destructive
trocr_data/train_images/train_03346.png,"We Fall , by Mr. Paul Ferris , was a morality"
trocr_data/train_images/train_03347.png,power of unbridled ambition .
trocr_data/train_images/train_03348.png,"Mr. Bryan Stonehouse's production is quietly effective ,"
trocr_data/train_images/train_03349.png,giving full value to the formal elements of Betti's
trocr_data/train_images/train_03350.png,was a morality on the not unfamiliar theme of
trocr_data/train_images/train_03351.png,the destructive power of unbridled ambition .
trocr_data/train_images/train_03352.png,writing without over-emphasizing them . Last night's
trocr_data/train_images/train_03353.png,"dent television , Then We Fall , by Mr. Paul Ferris ,"
trocr_data/train_images/train_03354.png,"play in the "" Play of the Week "" series on indepen-"
trocr_data/train_images/train_03355.png,""" Play of the Week "" series on independent"
trocr_data/train_images/train_03356.png,"ris , was a morality on the not unfamiliar"
trocr_data/train_images/train_03357.png,Mr. Bryan Stonehouse's production is quietly
trocr_data/train_images/train_03358.png,ambition .
trocr_data/train_images/train_03359.png,emphasizing them . Last night's play in the
trocr_data/train_images/train_03360.png,"television , Then We Fall , by Mr. Paul Fer-"
trocr_data/train_images/train_03361.png,elements of Betti's writing without over-
trocr_data/train_images/train_03362.png,"effective , giving full value to the formal"
trocr_data/train_images/train_03363.png,theme of the destructive power of unbridled
trocr_data/train_images/train_03364.png,"them . Last night's play in the "" Play of the"
trocr_data/train_images/train_03365.png,"Week "" series on independent television , Then We"
trocr_data/train_images/train_03366.png,Mr. Bryan Stonehouse's production is quietly
trocr_data/train_images/train_03367.png,the not unfamiliar theme of the destructive
trocr_data/train_images/train_03368.png,"effective , giving full value to the formal elements"
trocr_data/train_images/train_03369.png,"Fall , by Mr. Paul Ferris , was a morality on"
trocr_data/train_images/train_03370.png,power of unbridled ambition .
trocr_data/train_images/train_03371.png,of Betti's writing without over-emphasizing
trocr_data/train_images/train_03372.png,formal elements of Betti's writing without
trocr_data/train_images/train_03373.png,Mr. Bryan Stonehouse's production is
trocr_data/train_images/train_03374.png,"quietly effective , giving full value to the"
trocr_data/train_images/train_03375.png,of unbridled ambition .
trocr_data/train_images/train_03376.png,unfamiliar theme of the destructive power
trocr_data/train_images/train_03377.png,"independent television , Then We Fall , by"
trocr_data/train_images/train_03378.png,"Mr. Paul Ferris , was a morality on the not"
trocr_data/train_images/train_03379.png,"in the "" Play of the Week "" series on"
trocr_data/train_images/train_03380.png,over-emphasizing them . Last night's play
trocr_data/train_images/train_03381.png,treatments of its subject by attempting to
trocr_data/train_images/train_03382.png,"It went , perhaps , some distance beyond most"
trocr_data/train_images/train_03383.png,generate a melodramatic inevitability which
trocr_data/train_images/train_03384.png,way in which Mr. Ferris manipulated his
trocr_data/train_images/train_03385.png,characters .
trocr_data/train_images/train_03386.png,left its central character and the world
trocr_data/train_images/train_03387.png,"around him in complete , unredeemable desolation ."
trocr_data/train_images/train_03388.png,succeeded if we had a little more faith in the
trocr_data/train_images/train_03389.png,"We could , perhaps , say whether or not the attempt"
trocr_data/train_images/train_03390.png,way in which Mr. Ferris manipulated
trocr_data/train_images/train_03391.png,"around him in complete , unredeemable desolation ."
trocr_data/train_images/train_03392.png,"It went , perhaps , some distance beyond most"
trocr_data/train_images/train_03393.png,his characters .
trocr_data/train_images/train_03394.png,"We could , perhaps , say whether or not the attempt"
trocr_data/train_images/train_03395.png,generate a melodramatic inevitability which
trocr_data/train_images/train_03396.png,treatments of its subject by attempting to
trocr_data/train_images/train_03397.png,succeeded if we had a little more faith in the
trocr_data/train_images/train_03398.png,left its central character and the world
trocr_data/train_images/train_03399.png,Ferris manipulated his characters .
trocr_data/train_images/train_03400.png,"It went , perhaps , some distance beyond most treatments"
trocr_data/train_images/train_03401.png,dramatic inevitability which left its central character
trocr_data/train_images/train_03402.png,"mable desolation . We could , perhaps , say whether"
trocr_data/train_images/train_03403.png,little more faith in the way in which Mr.
trocr_data/train_images/train_03404.png,"and the world around him in complete , unredee-"
trocr_data/train_images/train_03405.png,of its subject by attempting to generate a melo-
trocr_data/train_images/train_03406.png,or not the attempt succeeded if we had a
trocr_data/train_images/train_03407.png,"unredeemable desolation . We could , perhaps ,"
trocr_data/train_images/train_03408.png,of we had a little more faith in the
trocr_data/train_images/train_03409.png,inevitability which left its central character
trocr_data/train_images/train_03410.png,most treatments of its subject by
trocr_data/train_images/train_03411.png,his characters .
trocr_data/train_images/train_03412.png,way in which Mr. Ferris manipulated
trocr_data/train_images/train_03413.png,attempting to generate a melodramatic
trocr_data/train_images/train_03414.png,say whether or not the attempt succeeded
trocr_data/train_images/train_03415.png,"It went , perhaps , some distance beyond"
trocr_data/train_images/train_03416.png,"and the world around him in complete ,"
trocr_data/train_images/train_03417.png,treatments of its subject by attempting to
trocr_data/train_images/train_03418.png,"solation . We could , perhaps , say whether or not"
trocr_data/train_images/train_03419.png,"It went , perhaps , some distance beyond most"
trocr_data/train_images/train_03420.png,pulated his characters .
trocr_data/train_images/train_03421.png,faith in the way in which Mr. Ferris mani-
trocr_data/train_images/train_03422.png,the attempt succeeded if we had a little more
trocr_data/train_images/train_03423.png,"around him in complete , unredeemable de-"
trocr_data/train_images/train_03424.png,generate a melodramatic inevitability
trocr_data/train_images/train_03425.png,which left its central character and the world
trocr_data/train_images/train_03426.png,"world around him in complete , unredeemable"
trocr_data/train_images/train_03427.png,which left its central character and the
trocr_data/train_images/train_03428.png,to generate a melodramatic inevitability
trocr_data/train_images/train_03429.png,little more faith in the way in which Mr.
trocr_data/train_images/train_03430.png,or not the attempt succeeded if we had a
trocr_data/train_images/train_03431.png,"desolation . We could , perhaps , say whether"
trocr_data/train_images/train_03432.png,Ferris manipulated his characters .
trocr_data/train_images/train_03433.png,most treatments of its subject by attempting
trocr_data/train_images/train_03434.png,"It went , perhaps , some distance beyond"
trocr_data/train_images/train_03435.png,Mr. William Lucas ( Morris ) is always insensi-
trocr_data/train_images/train_03436.png,suitably gaudy colour .
trocr_data/train_images/train_03437.png,"the editor , always comically abashed by the"
trocr_data/train_images/train_03438.png,"always palely appealing , Mr. James Maxwell ,"
trocr_data/train_images/train_03439.png,"but played with proper efficiency and , in"
trocr_data/train_images/train_03440.png,"tively pushing , Miss Sheila Allen his wife ,"
trocr_data/train_images/train_03441.png,not asked to modulate from their set moods
trocr_data/train_images/train_03442.png,"the case of Mr. Richards , with lavish and"
trocr_data/train_images/train_03443.png,"law , always comically grotesque ; they were"
trocr_data/train_images/train_03444.png,"events , and Mr. Aubrey Richards , the father-in-"
trocr_data/train_images/train_03445.png,colour .
trocr_data/train_images/train_03446.png,"the editor , always comically abashed by the"
trocr_data/train_images/train_03447.png,Mr. William Lucas ( Morris ) is always
trocr_data/train_images/train_03448.png,"events , and Mr. Aubrey Richards , the father-in-law ,"
trocr_data/train_images/train_03449.png,to modulate from their set moods but played
trocr_data/train_images/train_03450.png,always comically grotesque ; they were not asked
trocr_data/train_images/train_03451.png,"wife , always palely appealing , Mr. James Maxwell ,"
trocr_data/train_images/train_03452.png,"Richards , with lavish and suitably gaudy"
trocr_data/train_images/train_03453.png,"insensitively pushing , Miss Sheila Allen his"
trocr_data/train_images/train_03454.png,"with proper efficiency and , in the case of Mr."
trocr_data/train_images/train_03455.png,Mr. William Lucas ( Morris ) is always insensitively
trocr_data/train_images/train_03456.png,"Richards , the father-in-law , always comically"
trocr_data/train_images/train_03457.png,"appealing , Mr. James Maxwell , the editor , always"
trocr_data/train_images/train_03458.png,"ciency and , in the case of Mr. Richards , with"
trocr_data/train_images/train_03459.png,their set moods but played with proper effi-
trocr_data/train_images/train_03460.png,"pushing , Miss Sheila Allen his wife , always palely"
trocr_data/train_images/train_03461.png,grotesque ; they were not asked to modulate from
trocr_data/train_images/train_03462.png,"comically abashed by the events , and Mr. Aubrey"
trocr_data/train_images/train_03463.png,lavish and suitably gaudy colour .
trocr_data/train_images/train_03464.png,"his wife , always palely appealing , Mr."
trocr_data/train_images/train_03465.png,"James Maxwell , the editor , always comi-"
trocr_data/train_images/train_03466.png,and suitably gaudy colour .
trocr_data/train_images/train_03467.png,asked to modulate from their set moods
trocr_data/train_images/train_03468.png,"Aubrey Richards , the father-in-law , always"
trocr_data/train_images/train_03469.png,Mr. William Lucas ( Morris ) is always
trocr_data/train_images/train_03470.png,"cally abashed by the events , and Mr."
trocr_data/train_images/train_03471.png,"but played with proper efficiency and ,"
trocr_data/train_images/train_03472.png,"in the case of Mr. Richards , with lavish"
trocr_data/train_images/train_03473.png,comically grotesque ; they were not
trocr_data/train_images/train_03474.png,"insensitively pushing , Miss Sheila Allen"
trocr_data/train_images/train_03475.png,"the events , and Mr. Aubrey Richards , the"
trocr_data/train_images/train_03476.png,"efficiency and , in the case of Mr. Richards ,"
trocr_data/train_images/train_03477.png,with lavish and suitably gaudy colour .
trocr_data/train_images/train_03478.png,"the editor , always comically abashed by"
trocr_data/train_images/train_03479.png,"always palely appealing , Mr. James Maxwell ,"
trocr_data/train_images/train_03480.png,"sitively pushing , Miss Sheila Allen his wife ,"
trocr_data/train_images/train_03481.png,they were not asked to modulate from
trocr_data/train_images/train_03482.png,"father-in-law , always comically grotesque ;"
trocr_data/train_images/train_03483.png,Mr. William Lucas ( Morris ) is always insen-
trocr_data/train_images/train_03484.png,their set moods but played with proper
trocr_data/train_images/train_03485.png,"tively pushing , Miss Sheila Allen his wife ,"
trocr_data/train_images/train_03486.png,their set moods but played with proper
trocr_data/train_images/train_03487.png,"father-in-law , always comically grotesque ;"
trocr_data/train_images/train_03488.png,they were not asked to modulate from
trocr_data/train_images/train_03489.png,Mr. William Lucas ( Morris ) is always insensi-
trocr_data/train_images/train_03490.png,with lavish and suitably gaudy colour .
trocr_data/train_images/train_03491.png,"the events , and Mr. Aubrey Richards , the"
trocr_data/train_images/train_03492.png,"efficiency and , in the case of Mr. Richards ,"
trocr_data/train_images/train_03493.png,"always palely appealing , Mr. James Maxwell ,"
trocr_data/train_images/train_03494.png,"the editor , always comically abashed by"
trocr_data/train_images/train_03495.png,"one feels , were driven to effective action by"
trocr_data/train_images/train_03496.png,tradition .
trocr_data/train_images/train_03497.png,act oddly like the queer foreigners of
trocr_data/train_images/train_03498.png,with which he had endowed them . One
trocr_data/train_images/train_03499.png,"that , because of their odd accents , they"
trocr_data/train_images/train_03500.png,"Only Mr. Lucas's actions , therefore , arose"
trocr_data/train_images/train_03501.png,"explicably from appreciable motives . The rest ,"
trocr_data/train_images/train_03502.png,hopes that he is not asking us to believe
trocr_data/train_images/train_03503.png,the author in spite of the ineffectuality
trocr_data/train_images/train_03504.png,"Only Mr. Lucas's actions , therefore , arose"
trocr_data/train_images/train_03505.png,like the queer foreigners of tradition .
trocr_data/train_images/train_03506.png,"that he is not asking us to believe that ,"
trocr_data/train_images/train_03507.png,by the author in spite of the ineffectuality
trocr_data/train_images/train_03508.png,with which he had endowed them . One hopes
trocr_data/train_images/train_03509.png,"because of their odd accents , they act oddly"
trocr_data/train_images/train_03510.png,"rest , one feels , were driven to effective action"
trocr_data/train_images/train_03511.png,explicably from appreciable motives . The
trocr_data/train_images/train_03512.png,"Only Mr. Lucas's actions , therefore , arose explicably"
trocr_data/train_images/train_03513.png,"accents , they act oddly like the queer foreigners"
trocr_data/train_images/train_03514.png,"from appreciable motives . The rest , one feels , were"
trocr_data/train_images/train_03515.png,endowed them . One hopes that he is not
trocr_data/train_images/train_03516.png,of tradition .
trocr_data/train_images/train_03517.png,"asking us to believe that , because of their odd"
trocr_data/train_images/train_03518.png,driven to effective action by the author in spite
trocr_data/train_images/train_03519.png,of the ineffectuality with which he had
trocr_data/train_images/train_03520.png,them . One hopes that he is not asking
trocr_data/train_images/train_03521.png,"rest , one feels , were driven to effective"
trocr_data/train_images/train_03522.png,ineffectuality with which he had endowed
trocr_data/train_images/train_03523.png,foreigners of tradition .
trocr_data/train_images/train_03524.png,"accents , they act oddly like the queer"
trocr_data/train_images/train_03525.png,action by the author in spite of the
trocr_data/train_images/train_03526.png,explicably from appreciable motives . The
trocr_data/train_images/train_03527.png,"us to believe that , because of their odd"
trocr_data/train_images/train_03528.png,"Only Mr. Lucas's actions , therefore , arose"
trocr_data/train_images/train_03529.png,"is not asking us to believe that , because of"
trocr_data/train_images/train_03530.png,"Only Mr. Lucas's actions , therefore , arose"
trocr_data/train_images/train_03531.png,queer foreigners of tradition .
trocr_data/train_images/train_03532.png,the author in spite of the ineffectuality with
trocr_data/train_images/train_03533.png,explicably from appreciable motives . The
trocr_data/train_images/train_03534.png,"their odd accents , they act oddly like the"
trocr_data/train_images/train_03535.png,which he had endowed them . One hopes that he
trocr_data/train_images/train_03536.png,"rest , one feels , were driven to effective action by"
trocr_data/train_images/train_03537.png,them . One hopes that he is not asking us
trocr_data/train_images/train_03538.png,action by the author in spite of the
trocr_data/train_images/train_03539.png,"Only Mr. Lucas's actions , therefore , arose"
trocr_data/train_images/train_03540.png,"accents , they act oddly like the queer"
trocr_data/train_images/train_03541.png,"rest , one feels , were driven to effective"
trocr_data/train_images/train_03542.png,foreigners of tradition .
trocr_data/train_images/train_03543.png,explicably from appreciable motives . The
trocr_data/train_images/train_03544.png,"to believe that , because of their odd"
trocr_data/train_images/train_03545.png,ineffectuality with which he had endowed
trocr_data/train_images/train_03546.png,Vaughan will burst on to the London Palladium stage
trocr_data/train_images/train_03547.png,"and leave the rest to him . """
trocr_data/train_images/train_03548.png,in a new show . To paraphrase his well-known ditty :
trocr_data/train_images/train_03549.png,""" He 'll have the limelight , they 'll give him the girls -"
trocr_data/train_images/train_03550.png,"NEXT month that friendly , effervescent performer Frankie"
trocr_data/train_images/train_03551.png,career that Anna Neagle and Herbert Wilcox were not
trocr_data/train_images/train_03552.png,carrot was dangled before his nose .
trocr_data/train_images/train_03553.png,"old , star-studded West End than he will ever feel in"
trocr_data/train_images/train_03554.png,I have a hunch that he will feel more at home in the
trocr_data/train_images/train_03555.png,"Hollywood . His American bosses , 20th-Century Fox , have"
trocr_data/train_images/train_03556.png,"recently given Frankie the full , razzamataz , red-carpet"
trocr_data/train_images/train_03557.png,treatment . But they haven't done a thing for his film
trocr_data/train_images/train_03558.png,"doing better here , before the platinum-plated Hollywood"
trocr_data/train_images/train_03559.png,business . He plays an aspiring actor - a
trocr_data/train_images/train_03560.png,"In his first Hollywood picture , "" Let 's Make Love , "" he"
trocr_data/train_images/train_03561.png,"a cardboard role , didn't stand a chance . Now comes"
trocr_data/train_images/train_03562.png,"selfish , arrogant , brash , ambitious , unscrupulous heel -"
trocr_data/train_images/train_03563.png,the Hollywood ratrace .
trocr_data/train_images/train_03564.png,""" The Right Approach "" ( Rialto , "" A "" ) , and it 's a glum"
trocr_data/train_images/train_03565.png,was swamped by the know-how of Marilyn Monroe
trocr_data/train_images/train_03566.png,who would tread on anybody's neck to get a break in
trocr_data/train_images/train_03567.png,"and Yves Montand . Against this couple Frankie , in"
trocr_data/train_images/train_03568.png,best moments are when he swings breezily into the
trocr_data/train_images/train_03569.png,"true as a smooth-tongued , ill-mannered Yank . His"
trocr_data/train_images/train_03570.png,cheats a waitress ( Juliet Prowse ) and cynically uses
trocr_data/train_images/train_03571.png,title song .
trocr_data/train_images/train_03572.png,a magazine editress ( Martha Hyer ) to get ahead .
trocr_data/train_images/train_03573.png,"He double-crosses the five pals with whom he lives ,"
trocr_data/train_images/train_03574.png,Frankie Vaughan is too nice a chap to ring quite
trocr_data/train_images/train_03575.png,Hollywood arena .
trocr_data/train_images/train_03576.png,RONALD Lewis has just left for his first taste of the
trocr_data/train_images/train_03577.png,think hard and long before his next jump into the
trocr_data/train_images/train_03578.png,"Hollywood treatment , thanks to a sound performance in"
trocr_data/train_images/train_03579.png,"But 6,000 miles seems a heck of a way to go"
trocr_data/train_images/train_03580.png,for a new hit song . He might be well advised to
trocr_data/train_images/train_03581.png,""" Taste of Fear "" ( Warner Theatre , "" X "" ) ."
trocr_data/train_images/train_03582.png,VERDICT : Vaughan should have by-passed this approach .
trocr_data/train_images/train_03583.png,variation on that sinister yarn in which half the cast
trocr_data/train_images/train_03584.png,try to persuade the heroine that she is out of her mind .
trocr_data/train_images/train_03585.png,damsel in distress .
trocr_data/train_images/train_03586.png,He has earned his break . The film is a well-made
trocr_data/train_images/train_03587.png,built up neatly . Susan Strasberg is the crippled
trocr_data/train_images/train_03588.png,Despite flagrant cheating the eerie atmosphere is
trocr_data/train_images/train_03589.png,"comedy . He does his rescue act in "" Double Bunk """
trocr_data/train_images/train_03590.png,"herrings in this "" Find-the-body "" thriller . VERDICT :"
trocr_data/train_images/train_03591.png,NOT for the first time the homely mug of Sidney
trocr_data/train_images/train_03592.png,Don't believe all you see and hear !
trocr_data/train_images/train_03593.png,also effectively around . They provide some chilly red
trocr_data/train_images/train_03594.png,Stepmother Ann Todd and doctor Christopher Lee are
trocr_data/train_images/train_03595.png,"James has pumped life into a slim , strained"
trocr_data/train_images/train_03596.png,"( Leicester-square Theatre , "" A "" ) ."
trocr_data/train_images/train_03597.png,a near-disastrous leak . Familiar members of Britain's
trocr_data/train_images/train_03598.png,"the river . The film starts off brightly enough but ,"
trocr_data/train_images/train_03599.png,Navigator Sid is a tower of strength when
trocr_data/train_images/train_03600.png,loose their ancient houseboat on a honeymoon trip down
trocr_data/train_images/train_03601.png,equally familiar hoops to mild laughter .
trocr_data/train_images/train_03602.png,newly-weds Ian Carmichael and Janette Scott let
trocr_data/train_images/train_03603.png,repertory team of comedy character-actors jump through
trocr_data/train_images/train_03604.png,"half-way through , the plot ( as well as the boat ) springs"
trocr_data/train_images/train_03605.png,scheming jewel thief in a play by Jacques
trocr_data/train_images/train_03606.png,"Gillies , "" The Takers . "" A polished production"
trocr_data/train_images/train_03607.png,""" Drama '61 "" last night as a smooth ,"
trocr_data/train_images/train_03608.png,by Mr. Houston's accomplished
trocr_data/train_images/train_03609.png,DONALD HOUSTON had a big success on A T V's
trocr_data/train_images/train_03610.png,"by Quentin Lawrence , here , held together"
trocr_data/train_images/train_03611.png,gang of crooks .
trocr_data/train_images/train_03612.png,performance as the master mind behind a
trocr_data/train_images/train_03613.png,"VERDICT : The "" bunk "" needed doubling ."
trocr_data/train_images/train_03614.png,Holloway's act too long and not particularly
trocr_data/train_images/train_03615.png,so soon after their previous appearance .
trocr_data/train_images/train_03616.png,"Earlier , on the Palladium show I found Stanley"
trocr_data/train_images/train_03617.png,worth of jewellery struck me as ingenious . The play
trocr_data/train_images/train_03618.png,"had style , moved at a quick pace and everyone did"
trocr_data/train_images/train_03619.png,entertaining . It was also a mistake to
trocr_data/train_images/train_03620.png,well . But it was Mr. Houston's evening .
trocr_data/train_images/train_03621.png,re-book Gene Detroy and his performing chimpanzees
trocr_data/train_images/train_03622.png,"This plot to rob a French millionaire of 300,000"
trocr_data/train_images/train_03623.png,"form . Why only two numbers , though ? It"
trocr_data/train_images/train_03624.png,a rabbit warren in a field of corn .
trocr_data/train_images/train_03625.png,"Whitehall farce last night , looked like"
trocr_data/train_images/train_03626.png,"or so ago . But the Mudlarks , with Jeff Mudd"
trocr_data/train_images/train_03627.png,Their offering last night differed little
trocr_data/train_images/train_03628.png,from their earlier act on this show a week
trocr_data/train_images/train_03629.png,"was not enough . "" A FAIR COP , "" the B B C"
trocr_data/train_images/train_03630.png,"and brother Fred , were in bright , zestful"
trocr_data/train_images/train_03631.png,out of the Army and back with sister Mary
trocr_data/train_images/train_03632.png,of his trousers . The action moved at tremendous
trocr_data/train_images/train_03633.png,the cast . I especially liked the tea-cup
trocr_data/train_images/train_03634.png,"speed , backed by some wonderful timing by"
trocr_data/train_images/train_03635.png,lot - this time Brian Rix lost his skirt instead
trocr_data/train_images/train_03636.png,The jokes were a reshuffle of the same old
trocr_data/train_images/train_03637.png,scene where six of the cast changed
trocr_data/train_images/train_03638.png,I can't recall a production where so many
trocr_data/train_images/train_03639.png,comics bolted in and out of holes so often .
trocr_data/train_images/train_03640.png,cups with the dexterity of Chinese jugglers .
trocr_data/train_images/train_03641.png,humour needed a thorough shaking up the Whitehall
trocr_data/train_images/train_03642.png,through the gormless standing corn around them . Perhaps
trocr_data/train_images/train_03643.png,it was accidental - I hope not . If ever a bag of
trocr_data/train_images/train_03644.png,alone used a sharp edge to their humour and cut
trocr_data/train_images/train_03645.png,farce is it when it comes to television .
trocr_data/train_images/train_03646.png,Carole Shelley as the newly-wed and Larry Noble
trocr_data/train_images/train_03647.png,as Smiler Perkins were the most laughable . They
trocr_data/train_images/train_03648.png,"record , anyway ."
trocr_data/train_images/train_03649.png,"HOW do you get on records ? Well , you 've got"
trocr_data/train_images/train_03650.png,All the good singers sing in tune . Twang a guitar
trocr_data/train_images/train_03651.png,don't like things as they should be - not on
trocr_data/train_images/train_03652.png,an OLD 2pianna instead of a new one . You got to
trocr_data/train_images/train_03653.png,right way - so the best-seller charts say . Play
trocr_data/train_images/train_03654.png,slightly off key . Everybody 's fed up with the
trocr_data/train_images/train_03655.png,"get it into your head , son ... people"
trocr_data/train_images/train_03656.png,to have something different . Sing slightly flat .
trocr_data/train_images/train_03657.png,enough tacks and he got only the middle hammers done .
trocr_data/train_images/train_03658.png,disc solo pianist were greatly enhanced when he dug out
trocr_data/train_images/train_03659.png,"A PACKET OF DRAWING-PINS . "" Why not , "" thought ex-soldier"
trocr_data/train_images/train_03660.png,"Mr. Lisbon , who is twenty-three , and lives in Dagenham , Essex ,"
trocr_data/train_images/train_03661.png,"the piano strings ? "" He did , on his piano at home . There weren't"
trocr_data/train_images/train_03662.png,""" press a thumb-tack into the nose of the hammers that strike"
trocr_data/train_images/train_03663.png,"Thus , musician David Lisbon's chances of being a starred"
trocr_data/train_images/train_03664.png,miles to London for his first session .
trocr_data/train_images/train_03665.png,Then he tried it out for sound . Um-chink ...
trocr_data/train_images/train_03666.png,tape went to the Philips company . Within two
trocr_data/train_images/train_03667.png,um-chink ... it went . Slightly flat and jangly in
trocr_data/train_images/train_03668.png,hauled his thumb-tacked joanna the thirteen
trocr_data/train_images/train_03669.png,days Mr. Lisbon had a record contract . And they
trocr_data/train_images/train_03670.png,part . DELIGHTFUL ! He put the sound on tape . The
trocr_data/train_images/train_03671.png,"different ... . "" More news from the ivory-thumping dept. ..."
trocr_data/train_images/train_03672.png,"Mr. Lisbon has it taped . And tacked . And he says : "" Just as well"
trocr_data/train_images/train_03673.png,"Now along comes his solo disc , featuring two of his own"
trocr_data/train_images/train_03674.png,I had only one box of tacks - it might have been so
trocr_data/train_images/train_03675.png,"Poppets "" ( Columbia ) ."
trocr_data/train_images/train_03676.png,"comes in with another of his own works : "" Parade of the"
trocr_data/train_images/train_03677.png,"Russ Conway , who has tinkled his way to fame on an old 2pianna ,"
trocr_data/train_images/train_03678.png,"compositions , "" Deerstalker "" and "" Almost Grown Up . "" VERDICT :"
trocr_data/train_images/train_03679.png,""" On the Rebound "" ( RCA ) ."
trocr_data/train_images/train_03680.png,But not one of his nimble-fingered best . GERMANY'S Russ
trocr_data/train_images/train_03681.png,"at a piece called "" Piccadilly "" ( Polydor ) . I find it cute ."
trocr_data/train_images/train_03682.png,"Now or Never , "" looks like having a success on his own with"
trocr_data/train_images/train_03683.png,"American pianist Floyd Cramer , who played for Elvis on "" It 's"
trocr_data/train_images/train_03684.png,Conway is a pianist who calls himself CRAZY OTTO . But
trocr_data/train_images/train_03685.png,nothing crazy about his pianistics . He pounds merrily away
trocr_data/train_images/train_03686.png,And such is Hal's faith that he brings him to
trocr_data/train_images/train_03687.png,NEW boy on the vocal front is
trocr_data/train_images/train_03688.png,Europe . Now Rolly gets his big break - a
trocr_data/train_images/train_03689.png,"record , the modern Aladdin's lamp of"
trocr_data/train_images/train_03690.png,show business .
trocr_data/train_images/train_03691.png,"Monty saw him in Bombay , became his manager ."
trocr_data/train_images/train_03692.png,"Rolly Daniels , who comes 5,000 miles"
trocr_data/train_images/train_03693.png,from India to seek disc fame . Comedian Hal
trocr_data/train_images/train_03694.png,tuneful melody sung impeccably by Robert Earl ( Philips ) . PRODUCER
trocr_data/train_images/train_03695.png,"directed "" Six-Five Special , "" Turner is aiming to go into free-lance"
trocr_data/train_images/train_03696.png,"Charles obliged with "" April Serenade . "" This week it appears , a"
trocr_data/train_images/train_03697.png,"Russell Turner , 33 , provides his last programme for the B B C tonight"
trocr_data/train_images/train_03698.png,""" Let 's have another song with a month in it , "" said Tolch . Mr."
trocr_data/train_images/train_03699.png,"T V , film and stage production work ."
trocr_data/train_images/train_03700.png,"with Robert Harbin's "" Mystery and Magic "" ( 7.30 ) . After six years"
trocr_data/train_images/train_03701.png,"with the Corporation , during which he started "" Juke Box Jury "" and"
trocr_data/train_images/train_03702.png,"Harry Carroll from Leicester ( B B C , 8.25 ) . A"
trocr_data/train_images/train_03703.png,"Hughes in his "" Make Mine Music "" ( B B C , 9.30 p.m. ) ."
trocr_data/train_images/train_03704.png,""" I feel I 've done all I can at the B B C , "" he"
trocr_data/train_images/train_03705.png,SONGS-OF-BRITAIN medley is sung by David
trocr_data/train_images/train_03706.png,show tonight . Boxing fans can see an eight-round
trocr_data/train_images/train_03707.png,feather-weight contest between Chris Elliot and
trocr_data/train_images/train_03708.png,"told me . "" We mutually agreed to part . """
trocr_data/train_images/train_03709.png,Escapologist Dill-Russell is a guest in Harbin's
trocr_data/train_images/train_03710.png,"are tranquilly sunny and still , for the town"
trocr_data/train_images/train_03711.png,a house in Anglesey-road is a congregation who
trocr_data/train_images/train_03712.png,is at Mass . Most of it . In the front room of
trocr_data/train_images/train_03713.png,and a brandy bottle .
trocr_data/train_images/train_03714.png,"never actually got to church , but who are"
trocr_data/train_images/train_03715.png,gathered with devotion around Brendan Behan
trocr_data/train_images/train_03716.png,IT is mid-morning on a Dublin Sunday . The streets
trocr_data/train_images/train_03717.png,hard-core Friends of Brendan . They listen
trocr_data/train_images/train_03718.png,"roller-coaster , with occasional stops for an old"
trocr_data/train_images/train_03719.png,brandy owner's solo swish on his anecdotal
trocr_data/train_images/train_03720.png,amber inches in the bottle . Present are some
trocr_data/train_images/train_03721.png,the empties ; through the door hearts are
trocr_data/train_images/train_03722.png,"full , hopes are high . There are still a few"
trocr_data/train_images/train_03723.png,Where the 2bhoys are . In the hallway are
trocr_data/train_images/train_03724.png,I.R.A. air or a Connemara tear-jerker .
trocr_data/train_images/train_03725.png,with many an obliging guffaw to the
trocr_data/train_images/train_03726.png,place himself in the literary hierarchy .
trocr_data/train_images/train_03727.png,"above Nancy Mitford artistically , a"
trocr_data/train_images/train_03728.png,""" But , "" he continues , "" the greatest is"
trocr_data/train_images/train_03729.png,""" I consider myself , "" he says , "" a cut"
trocr_data/train_images/train_03730.png,Shelagh Delaney . Just because A Taste
trocr_data/train_images/train_03731.png,At last Brendan - to the journalist's
trocr_data/train_images/train_03732.png,"above Evelyn Waugh socially , a cut"
trocr_data/train_images/train_03733.png,the writing scene . He proceeds to
trocr_data/train_images/train_03734.png,relief - turns his attention to
trocr_data/train_images/train_03735.png,cut above Frank Haxell conversationally .
trocr_data/train_images/train_03736.png,"unless I 'm exceedingly 2skint . "" But I 'll"
trocr_data/train_images/train_03737.png,Royce a type of transport . She 's the
trocr_data/train_images/train_03738.png,than educate . And I don't write at all
trocr_data/train_images/train_03739.png,say this . I 'd like to live in America
trocr_data/train_images/train_03740.png,and do some writing there .
trocr_data/train_images/train_03741.png,That 's as bloody silly as calling a Rolls-
trocr_data/train_images/train_03742.png,"flower in a cultural desert . "" Now , me - I 'm"
trocr_data/train_images/train_03743.png,"a journalist , I write to entertain rather"
trocr_data/train_images/train_03744.png,the advantage that no one knows what
trocr_data/train_images/train_03745.png,"I was there , in even faster orbit , when that"
trocr_data/train_images/train_03746.png,"Seventh Avenue , The Pigsty , always open ."
trocr_data/train_images/train_03747.png,"you 're writing about anyway . "" Not that I did"
trocr_data/train_images/train_03748.png,not with that great little Irish bar on
trocr_data/train_images/train_03749.png,"much when I was over this past two times ,"
trocr_data/train_images/train_03750.png,third astronaut went up - what 's his name ?
trocr_data/train_images/train_03751.png,"It 's a very free place to write in , and there 's"
trocr_data/train_images/train_03752.png,I 'm the only man on earth who doesn't know
trocr_data/train_images/train_03753.png,the two biggest bores since Cardinal Newman .
trocr_data/train_images/train_03754.png,on into reminiscences of his trips . There is
trocr_data/train_images/train_03755.png,what his name is . Don't tell me . I want to
trocr_data/train_images/train_03756.png,"preserve that distinction . "" I already know about"
trocr_data/train_images/train_03757.png,Shepard and that Salvation Army chap Gagarin -
trocr_data/train_images/train_03758.png,much to recall .
trocr_data/train_images/train_03759.png,"That 's enough of all that hooey . "" HE plunges"
trocr_data/train_images/train_03760.png,"Canadians put up a mouse . """
trocr_data/train_images/train_03761.png,will put a postage stamp into orbit before you
trocr_data/train_images/train_03762.png,"York's St. Patrick's Day parade as a "" disorderly"
trocr_data/train_images/train_03763.png,Among other incidents he was banned from New
trocr_data/train_images/train_03764.png,""" Ireland will put a shillelagh into orbit , Israel"
trocr_data/train_images/train_03765.png,"will put a matzo ball into orbit , and Lichtenstein"
trocr_data/train_images/train_03766.png,"Canadian , during a chat about space-flight :"
trocr_data/train_images/train_03767.png,"person . "" He was in a fight after telling a"
trocr_data/train_images/train_03768.png,And he suffered an alcoholic
trocr_data/train_images/train_03769.png,seizure and was gravely ill in
trocr_data/train_images/train_03770.png,heard of often in the newspapers -
trocr_data/train_images/train_03771.png,condition . His return to Dublin was
trocr_data/train_images/train_03772.png,three times up before the beaks for
trocr_data/train_images/train_03773.png,"alcoholic . "" Since then he has been"
trocr_data/train_images/train_03774.png,heralded by the announcement that
trocr_data/train_images/train_03775.png,hospital with a diabetic and heart
trocr_data/train_images/train_03776.png,"he was "" off the gargle - a retired"
trocr_data/train_images/train_03777.png,drunk and disorderly conduct .
trocr_data/train_images/train_03778.png,"Stratford , last spring ? It was never finished ."
trocr_data/train_images/train_03779.png,and The Hostage was put on . What has happened to
trocr_data/train_images/train_03780.png,"five years since his first play , The Quare Fellow , was"
trocr_data/train_images/train_03781.png,LESS has been heard of Brendan's work . It is now
trocr_data/train_images/train_03782.png,"the play , Richard's Cork Leg , begun 18 months ago"
trocr_data/train_images/train_03783.png,"produced , three years since Borstal Boy was published"
trocr_data/train_images/train_03784.png,"and due for presentation at the Theatre Royal ,"
trocr_data/train_images/train_03785.png,"I have before me now a 12,000-word manuscript of"
trocr_data/train_images/train_03786.png,"begins : "" There was a party to celebrate Deirdre's"
trocr_data/train_images/train_03787.png,"return from her abortion in Bristol . """
trocr_data/train_images/train_03788.png,by his publishers in March of last year ? Still a skeleton . Yet
trocr_data/train_images/train_03789.png,What happened to the new book partially tape-recorded
trocr_data/train_images/train_03790.png,a book planned to be called Confessions of an Irish
trocr_data/train_images/train_03791.png,Rebel which was delivered to his agents in June . IT
trocr_data/train_images/train_03792.png,"round for the pals , one of whom cries :"
trocr_data/train_images/train_03793.png,"It is ribald , funny , brilliantly observant"
trocr_data/train_images/train_03794.png,10 note on to the bar and orders a
trocr_data/train_images/train_03795.png,end ? The last scene of this fragment
trocr_data/train_images/train_03796.png,of draught porter . But will we see its
trocr_data/train_images/train_03797.png,"of character , and authentic as a glass"
trocr_data/train_images/train_03798.png,is in a pub where the author throws a
trocr_data/train_images/train_03799.png,"thing this week I have never before witnessed ,"
trocr_data/train_images/train_03800.png,I AM happy to report that I saw some-
trocr_data/train_images/train_03801.png,either in pictures or outside - a budgerigar
trocr_data/train_images/train_03802.png,"perfect timing and technique . It gives one loud ,"
trocr_data/train_images/train_03803.png,is either using a stand-in for the stunt
trocr_data/train_images/train_03804.png,clear hiccup and falls flat on its back . This
trocr_data/train_images/train_03805.png,"Leicester-square ) , which suggests that it"
trocr_data/train_images/train_03806.png,"in the cast list of Come September ( Odeon ,"
trocr_data/train_images/train_03807.png,"brilliant budge , I may add , gets no credit"
trocr_data/train_images/train_03808.png,"playing a drunk scene , and playing it with"
trocr_data/train_images/train_03809.png,The performance of our talented
trocr_data/train_images/train_03810.png,good thing ( although the one original
trocr_data/train_images/train_03811.png,the Dolce Vista for the picture ) in
trocr_data/train_images/train_03812.png,"styled , European set . Most of it has"
trocr_data/train_images/train_03813.png,"than-average glossy comedy , Hollywood-"
trocr_data/train_images/train_03814.png,been shot in and around the
trocr_data/train_images/train_03815.png,Portofino - and if there 's a better view
trocr_data/train_images/train_03816.png,"touch ) in the film , which is better-"
trocr_data/train_images/train_03817.png,feathered friend is not the only
trocr_data/train_images/train_03818.png,sun-terrace of the Hotel Splendido ( renamed
trocr_data/train_images/train_03819.png,been joined by a Jeep-load of boys .
trocr_data/train_images/train_03820.png,"themselves playing chaperon ( Brenda de Banzie , the official"
trocr_data/train_images/train_03821.png,Inevitably there comes the time when Mr. Hudson suddenly breaks
trocr_data/train_images/train_03822.png,
trocr_data/train_images/train_03823.png,escorted tour . Result : Mr. Hudson and lady love Lollo find
trocr_data/train_images/train_03824.png,"inevitably , the place is full of American teenagers on an"
trocr_data/train_images/train_03825.png,"with tradition and arrives there in July , when , just as"
trocr_data/train_images/train_03826.png,"one , has broken a leg ) to the girls , who have just"
trocr_data/train_images/train_03827.png,in places and has a line or two of painful home truths
trocr_data/train_images/train_03828.png,"Gina , walking out on the man who has so far"
trocr_data/train_images/train_03829.png,"thrown in . "" I don't want to talk like an adult , "" screams"
trocr_data/train_images/train_03830.png,"It 's hereabouts that the budge takes to the bottle , but I"
trocr_data/train_images/train_03831.png,don't think it was through boredom . The film is funny enough
trocr_data/train_images/train_03832.png,failed to make an honest woman of her .
trocr_data/train_images/train_03833.png,Hudson can take one more hill than the
trocr_data/train_images/train_03834.png,the chief spokesman of the jeans-and-
trocr_data/train_images/train_03835.png,""" He 's got to be 35 , "" says Bobby Darin ,"
trocr_data/train_images/train_03836.png,"get rid of old man , solid Rock . "" How"
trocr_data/train_images/train_03837.png,Jeep brigadiers as they 're scheming to
trocr_data/train_images/train_03838.png,"many hills can he take ? "" Of course Mr."
trocr_data/train_images/train_03839.png,youngsters .
trocr_data/train_images/train_03840.png,""" That 's how I got into all this trouble . """
trocr_data/train_images/train_03841.png,""" good girl "" parts ( Tuesday Weld gets the "" bad girl """
trocr_data/train_images/train_03842.png,middle-aged romancers respectably wed and
trocr_data/train_images/train_03843.png,turning up as the typical teenager in all the
trocr_data/train_images/train_03844.png,"Sandra Dee ( to whom , I believe , he is married"
trocr_data/train_images/train_03845.png,Master Darin going steady with the delectable
trocr_data/train_images/train_03846.png,"So all ends as you know it will , with the"
trocr_data/train_images/train_03847.png,"in real life ) . Miss Dee , incidentally , who keeps"
trocr_data/train_images/train_03848.png,"ones ) , is becoming quite an accomplished actress ."
trocr_data/train_images/train_03849.png,certificate have to keep a sharp
trocr_data/train_images/train_03850.png,but fun-films toting an X
trocr_data/train_images/train_03851.png,slapstick . This has only one gag -
trocr_data/train_images/train_03852.png,"about with an X ? ) are of the witty ,"
trocr_data/train_images/train_03853.png,verbal variety and not the visual
trocr_data/train_images/train_03854.png,THE Marriage-Go-Round ( Carlton )
trocr_data/train_images/train_03855.png,that of the entry of a gladiator
trocr_data/train_images/train_03856.png,sex ( what else would they joke
trocr_data/train_images/train_03857.png,look-out that the jokes about
trocr_data/train_images/train_03858.png,"is also a comedy of manners ,"
trocr_data/train_images/train_03859.png,ture of Julie Newmar for con-
trocr_data/train_images/train_03860.png,is an academic friend of her
trocr_data/train_images/train_03861.png,The girl is a knock-out ( see pic-
trocr_data/train_images/train_03862.png,"mission in mind . She , "" younger ,"
trocr_data/train_images/train_03863.png,"intelligent "" than the wife ( as she"
trocr_data/train_images/train_03864.png,"soon tells her ) , wants to have the"
trocr_data/train_images/train_03865.png,Nobel prize-winning father to be
trocr_data/train_images/train_03866.png,firmation ) . She also has quite a
trocr_data/train_images/train_03867.png,perfect baby . And she has chosen
trocr_data/train_images/train_03868.png,"the husband ( James Mason ) , who"
trocr_data/train_images/train_03869.png,"prettier , stronger , and more"
trocr_data/train_images/train_03870.png,time . I learned from it that in the Institutes of Advanced
trocr_data/train_images/train_03871.png,Home-making and is now known as Domestic
trocr_data/train_images/train_03872.png,The Marriage-Go-Round is not entirely a waste of
trocr_data/train_images/train_03873.png,Relations .
trocr_data/train_images/train_03874.png,Studies attached to some American universities
trocr_data/train_images/train_03875.png,slightly sardonic handling . It doesn't get it . But
trocr_data/train_images/train_03876.png,the subject Social Psychology used to be called
trocr_data/train_images/train_03877.png,"This sort of situation calls for some subtle ,"
trocr_data/train_images/train_03878.png,and sweetly . Mason is always good for
trocr_data/train_images/train_03879.png,Michelangelo Antonioni .
trocr_data/train_images/train_03880.png,Susan Hayward plays the wife sharply
trocr_data/train_images/train_03881.png,stunner in every sense of the word .
trocr_data/train_images/train_03882.png,is an earlier essay in atmospheric
trocr_data/train_images/train_03883.png,her school . So help me so was I .
trocr_data/train_images/train_03884.png,captain of the junior hockey team at
trocr_data/train_images/train_03885.png,According to the script she was once
trocr_data/train_images/train_03886.png,IL GRIDO ( The Cry ) - Paris Pullman -
trocr_data/train_images/train_03887.png,a glower . And Miss Newmar is a
trocr_data/train_images/train_03888.png,"meandering by the L'Avventura man ,"
trocr_data/train_images/train_03889.png,ON a March evening in 1932 in the New
trocr_data/train_images/train_03890.png,tiptoed into the baby's room to see that
trocr_data/train_images/train_03891.png,20-month-old Charles Jun. was sleeping .
trocr_data/train_images/train_03892.png,emptiness . A FEW minutes later the father
trocr_data/train_images/train_03893.png,"gripping a loaded rifle , told his wife :"
trocr_data/train_images/train_03894.png,"Bending over the cot , she suddenly realised"
trocr_data/train_images/train_03895.png,She thrust out her hand - and felt
trocr_data/train_images/train_03896.png,Jersey family household the nursemaid
trocr_data/train_images/train_03897.png,that there was no sound of breathing .
trocr_data/train_images/train_03898.png,floundered on to the electrocution
trocr_data/train_images/train_03899.png,"of the case itself , which"
trocr_data/train_images/train_03900.png,"Bruno Richard Hauptmann , but"
trocr_data/train_images/train_03901.png,era .
trocr_data/train_images/train_03902.png,and sensation-hunger of that
trocr_data/train_images/train_03903.png,four years later of a German-
trocr_data/train_images/train_03904.png,style all the more tellingly
trocr_data/train_images/train_03905.png,"The plain , sober manner of its"
trocr_data/train_images/train_03906.png,born Bronx carpenter named
trocr_data/train_images/train_03907.png,to the raree-show emotionalism
trocr_data/train_images/train_03908.png,points up not only the horror
trocr_data/train_images/train_03909.png,possess a heritage of lace . A lace
trocr_data/train_images/train_03910.png,"these are proud possessions , linked to the"
trocr_data/train_images/train_03911.png,robe that each generation wears in turn -
trocr_data/train_images/train_03912.png,Lucky indeed are the families that
trocr_data/train_images/train_03913.png,"to daughters , a lace-trimmed Christening"
trocr_data/train_images/train_03914.png,bridal veil handed down from mother
trocr_data/train_images/train_03915.png,exquisite lace-making of the past .
trocr_data/train_images/train_03916.png,"lapse in good taste to destroy this lovely ,"
trocr_data/train_images/train_03917.png,over-furnishing of the Victorian age
trocr_data/train_images/train_03918.png,lamentably low standards in the fussy
trocr_data/train_images/train_03919.png,ustrations in the following pages will show
trocr_data/train_images/train_03920.png,But lace-making is by no means a lost
trocr_data/train_images/train_03921.png,temporary surroundings .
trocr_data/train_images/train_03922.png,adapted itself to modern tastes and the ill-
trocr_data/train_images/train_03923.png,but it would take more than a temporary
trocr_data/train_images/train_03924.png,"viable craft . It has , in fact , readily"
trocr_data/train_images/train_03925.png,art . It suffered a decline and fell into
trocr_data/train_images/train_03926.png,how completely it is in sympathy with con-
trocr_data/train_images/train_03927.png,one's own handiwork produce something
trocr_data/train_images/train_03928.png,to avoid the ready-made in these and by
trocr_data/train_images/train_03929.png,"It will be seen how , with bold design"
trocr_data/train_images/train_03930.png,tatting in fine and medium-weight cottons
trocr_data/train_images/train_03931.png,can give striking individuality to many things
trocr_data/train_images/train_03932.png,"in the home . Chairbacks , cushions , tablecloths ,"
trocr_data/train_images/train_03933.png,"and rich colour , knitting , crochet and"
trocr_data/train_images/train_03934.png,that reflects true creative talent .
trocr_data/train_images/train_03935.png,to mention only three - how satisfying it is
trocr_data/train_images/train_03936.png,"traditional patterns that we follow today were ,"
trocr_data/train_images/train_03937.png,and lovely touch to personal possessions -
trocr_data/train_images/train_03938.png,"insertion on a petticoat or blouse , a tatted edge"
trocr_data/train_images/train_03939.png,"in fact , the brain-children of inventive men ."
trocr_data/train_images/train_03940.png,"the feminine skills , a number of the well-loved"
trocr_data/train_images/train_03941.png,Although we assess lace-making as one of
trocr_data/train_images/train_03942.png,"a lace border to a handkerchief , fine-lace"
trocr_data/train_images/train_03943.png,threads may be reserved to bring a light
trocr_data/train_images/train_03944.png,The more delicate patterns and finer
trocr_data/train_images/train_03945.png,distinction that nothing else can give .
trocr_data/train_images/train_03946.png,"to a collar ; these add a charming , feminine"
trocr_data/train_images/train_03947.png,boys as well . Whole families made their
trocr_data/train_images/train_03948.png,and worked lace as well as women and
trocr_data/train_images/train_03949.png,"For in the old order of things , men designed"
trocr_data/train_images/train_03950.png,special schools were set up to teach lace-
trocr_data/train_images/train_03951.png,"a folklore of song , festival and courtship grew"
trocr_data/train_images/train_03952.png,livelihood by lace-making and consequently
trocr_data/train_images/train_03953.png,"making not only to young girls , but to little"
trocr_data/train_images/train_03954.png,up around the lace industry .
trocr_data/train_images/train_03955.png,During the sixteenth century a considerable
trocr_data/train_images/train_03956.png,the time of Victoria this gentle craft was
trocr_data/train_images/train_03957.png,convents of Europe . Without doubt it was the
trocr_data/train_images/train_03958.png,was developed into quite an elaborate and distinctive
trocr_data/train_images/train_03959.png,greatly abused .
trocr_data/train_images/train_03960.png,nuns who carried the craft to Ireland . There it
trocr_data/train_images/train_03961.png,amount of crochet was produced in the
trocr_data/train_images/train_03962.png,"form with rosettes , leaves and lace fillings . During"
trocr_data/train_images/train_03963.png,"texture , are sold at a very high price . With a"
trocr_data/train_images/train_03964.png,produce fashion articles as elegant as those of
trocr_data/train_images/train_03965.png,"hand-crocheted blouses , gossamer fine in"
trocr_data/train_images/train_03966.png,little time and concentration the woman at home can
trocr_data/train_images/train_03967.png,"Paris - a blouse , delicate gloves or a fine"
trocr_data/train_images/train_03968.png,In some of the elegant boutiques of Paris
trocr_data/train_images/train_03969.png,"edging for collar , cuffs or a handkerchief ."
trocr_data/train_images/train_03970.png,"In the home , crochet lace can be used to make"
trocr_data/train_images/train_03971.png,it is reasonably quick to work . In the following
trocr_data/train_images/train_03972.png,functions . The art of crochet is not difficult and
trocr_data/train_images/train_03973.png,crochet stitches .
trocr_data/train_images/train_03974.png,"tablecloths , traycloths and runners , and edgings"
trocr_data/train_images/train_03975.png,from heavy to fine can fulfil a variety of
trocr_data/train_images/train_03976.png,pages simple diagrams and instructions are given
trocr_data/train_images/train_03977.png,to enable the beginner to master all the essential
trocr_data/train_images/train_03978.png,"shape , ensuring that all lines of the crochet are"
trocr_data/train_images/train_03979.png,secure with pins . Run a line of basting stitches
trocr_data/train_images/train_03980.png,accurate . Place crochet in correct position on linen and
trocr_data/train_images/train_03981.png,which are to be attached to the linen . Remove crochet .
trocr_data/train_images/train_03982.png,on the linen following the outline of the crochet edges
trocr_data/train_images/train_03983.png,First launder crochet and then pin to the required
trocr_data/train_images/train_03984.png,"( a ) Button Stitch round the outline of basting stitches ,"
trocr_data/train_images/train_03985.png,"( b ) Turn under a small hem , with fold lying on line"
trocr_data/train_images/train_03986.png,outside edge . Oversew crochet to button stitch .
trocr_data/train_images/train_03987.png,the knotted part of the button stitch lying on the
trocr_data/train_images/train_03988.png,"this hem , with 3 dc at each corner ."
trocr_data/train_images/train_03989.png,Two methods can be used to join the crochet to the linen :
trocr_data/train_images/train_03990.png,of basting stitches . Work a row of dc all round
trocr_data/train_images/train_03991.png,are of the utmost importance to the worker .
trocr_data/train_images/train_03992.png,preserves the beauty of the design . It is easy
trocr_data/train_images/train_03993.png,"It washes beautifully , never loses its colour"
trocr_data/train_images/train_03994.png,Coats Mercer-Crochet possesses qualities which
trocr_data/train_images/train_03995.png,thickness - it is the ideal crochet thread .
trocr_data/train_images/train_03996.png,"to work with , soft , glossy and of uniform"
trocr_data/train_images/train_03997.png,"nor becomes ' stringy ' , is very elastic and"
trocr_data/train_images/train_03998.png,"Oversew crochet to the dc. A household word ,"
trocr_data/train_images/train_03999.png,"the heavier threads are used for bedspreads ,"
trocr_data/train_images/train_04000.png,"crochet hooks range in size from number 30 ,"
trocr_data/train_images/train_04001.png,Remember that texture plays an important part in
trocr_data/train_images/train_04002.png,are more effective for the delicate designs used for
trocr_data/train_images/train_04003.png,"chairbacks , luncheon mats , etc. Crochet hooks"
trocr_data/train_images/train_04004.png,"the largest , to number 8 , the smallest ."
trocr_data/train_images/train_04005.png,"tablecloths , doilies , edgings and accessories , while"
trocr_data/train_images/train_04006.png,the beauty of crochet . The finer mercerised threads
trocr_data/train_images/train_04007.png,"are made of steel , composition or bone . Steel"
trocr_data/train_images/train_04008.png,specified in the directions . These are the
trocr_data/train_images/train_04009.png,correct numbers to use with Mercer-Crochet :
trocr_data/train_images/train_04010.png,"size of thread . To ensure the correct results ,"
trocr_data/train_images/train_04011.png,it is important that you use the size of hook
trocr_data/train_images/train_04012.png,Directions are given for a small practice
trocr_data/train_images/train_04013.png,"stitches , attractive articles can be made"
trocr_data/train_images/train_04014.png,from the directions included in this book .
trocr_data/train_images/train_04015.png,you have become proficient in these
trocr_data/train_images/train_04016.png,Each size of hook is made for use with a certain
trocr_data/train_images/train_04017.png,piece for each stitch that you learn . When
trocr_data/train_images/train_04018.png,rest near tip of hook .
trocr_data/train_images/train_04019.png,of broad bar of hook as you would a
trocr_data/train_images/train_04020.png,and forefinger ( Fig. 1 ) . 1 . Take hold
trocr_data/train_images/train_04021.png,lapping long thread over short thread .
trocr_data/train_images/train_04022.png,and forefinger . 2 . Make a loop by
trocr_data/train_images/train_04023.png,1 . Grasp thread near end between thumb
trocr_data/train_images/train_04024.png,3 . Hold loop in place between thumb
trocr_data/train_images/train_04025.png,pencil . Bring middle finger forward to
trocr_data/train_images/train_04026.png,thread . Catch long end of thread ( Fig. 2 ) .
trocr_data/train_images/train_04027.png,"the end of the hook , but not too tight"
trocr_data/train_images/train_04028.png,across palm and behind forefinger ( Fig. 4 ) .
trocr_data/train_images/train_04029.png,"( Fig. 3 ) . Loop thread round little finger ,"
trocr_data/train_images/train_04030.png,from thread . Pull short end and ball thread
trocr_data/train_images/train_04031.png,in opposite directions to bring loop close around
trocr_data/train_images/train_04032.png,2 . Insert hook through loop and under long
trocr_data/train_images/train_04033.png,Draw loop through . 3 . Do not remove hook
trocr_data/train_images/train_04034.png,"worked in the solid , and this certainly"
trocr_data/train_images/train_04035.png,"legs , and in reproduction period pieces they"
trocr_data/train_images/train_04036.png,"extremely easy to work , the four sides being"
trocr_data/train_images/train_04037.png,A great deal of modern furniture has tapered
trocr_data/train_images/train_04038.png,"the more elaborate varieties , however , a toe is"
trocr_data/train_images/train_04039.png,complicates the operation .
trocr_data/train_images/train_04040.png,are frequently used . The simpler varieties are
trocr_data/train_images/train_04041.png,simply planed to give the required taper . In
trocr_data/train_images/train_04042.png,For short ones a smoothing plane can be used .
trocr_data/train_images/train_04043.png,The gauge can now be used to nick in the tapers
trocr_data/train_images/train_04044.png,as before . It is unnecessary to mark the taper with
trocr_data/train_images/train_04045.png,"on the newly planed surfaces , and these treated"
trocr_data/train_images/train_04046.png,of the plane sole to make the tapered surfaces
trocr_data/train_images/train_04047.png,the straight-edge as one relies upon the truth
trocr_data/train_images/train_04048.png,straight .
trocr_data/train_images/train_04049.png,accurate . The straight-edge can be used
trocr_data/train_images/train_04050.png,end reveals when the required amount
trocr_data/train_images/train_04051.png,"has been removed , and if care is taken"
trocr_data/train_images/train_04052.png,to test the straightness of the sides .
trocr_data/train_images/train_04053.png,to stop the plane short of the squared
trocr_data/train_images/train_04054.png,A glance at the gauge marks at the bottom
trocr_data/train_images/train_04055.png,"pencil line at the top , the work will be"
trocr_data/train_images/train_04056.png,the outer surfaces being vertical as
trocr_data/train_images/train_04057.png,begun . Some plain tapered legs have
trocr_data/train_images/train_04058.png,complete any mortising that may be
trocr_data/train_images/train_04059.png,"at ( B ) , Fig. 1 . To make a leg such as"
trocr_data/train_images/train_04060.png,"marked out as at ( A ) , Fig. 3 ."
trocr_data/train_images/train_04061.png,"the taper on the two inner faces only ,"
trocr_data/train_images/train_04062.png,"that at ( D ) , Fig. 1 , the square is first"
trocr_data/train_images/train_04063.png,needed at the top before the tapering is
trocr_data/train_images/train_04064.png,"Incidentally , it is better to"
trocr_data/train_images/train_04065.png,"exactly down to the taper line ,"
trocr_data/train_images/train_04066.png,"tent of the taper , and in"
trocr_data/train_images/train_04067.png,Note that squared lines marking
trocr_data/train_images/train_04068.png,needed as well as the upper ex-
trocr_data/train_images/train_04069.png,the top member of the toe are
trocr_data/train_images/train_04070.png,this case it is necessary to
trocr_data/train_images/train_04071.png,no farther .
trocr_data/train_images/train_04072.png,mark in the line of the taper
trocr_data/train_images/train_04073.png,with pencil and straight-edge
trocr_data/train_images/train_04074.png,"as at ( B ) , Fig. 3 . A saw cut is"
trocr_data/train_images/train_04075.png,made at the upper toe line
trocr_data/train_images/train_04076.png,quickly ; it is less expensive than most
trocr_data/train_images/train_04077.png,"But why woodwork in particular ? Well , there"
trocr_data/train_images/train_04078.png,"create a certain amount of mess , it is"
trocr_data/train_images/train_04079.png,it enables results to be obtained fairly
trocr_data/train_images/train_04080.png,innumerable useful household items -
trocr_data/train_images/train_04081.png,other materials ; it is a pleasant material
trocr_data/train_images/train_04082.png,are many reasons . Wood is in good and
trocr_data/train_images/train_04083.png,"furniture , fitments , garden items , toys , etc. ;"
trocr_data/train_images/train_04084.png,all clean and easily cleared away .
trocr_data/train_images/train_04085.png,common supply ; it lends itself to making
trocr_data/train_images/train_04086.png,"to work with ; and , although it does"
trocr_data/train_images/train_04087.png,"are not only an economic necessity , but that a"
trocr_data/train_images/train_04088.png,This last point is certainly important because almost
trocr_data/train_images/train_04089.png,ripping out parts from hardwood . Most men
trocr_data/train_images/train_04090.png,would unhesitatingly use a machine if it
trocr_data/train_images/train_04091.png,were available .
trocr_data/train_images/train_04092.png,everyone has come to recognise that machines
trocr_data/train_images/train_04093.png,"example , surely no one can pretend to enjoy"
trocr_data/train_images/train_04094.png,great deal of drudgery can be avoided by the
trocr_data/train_images/train_04095.png,installation of a power tool . As an elementary
trocr_data/train_images/train_04096.png,any case may be regarded as a good beginning to
trocr_data/train_images/train_04097.png,"a man to make simple , straight-forward things , and in"
trocr_data/train_images/train_04098.png,made enormously .
trocr_data/train_images/train_04099.png,nature of the work will probably dictate the additions
trocr_data/train_images/train_04100.png,which other tools can be added as the need arises . The
trocr_data/train_images/train_04101.png,most men have some of the tools already . It will enable
trocr_data/train_images/train_04102.png,"Coming now to the actual tools and their cost , we begin"
trocr_data/train_images/train_04103.png,"to be made , but as a guide we have given a fuller kit"
trocr_data/train_images/train_04104.png,with what we have called a bare minimum kit . Probably
trocr_data/train_images/train_04105.png,which increases the range of things that can be
trocr_data/train_images/train_04106.png,"the fuller kit ( which in its turn , of course ,"
trocr_data/train_images/train_04107.png,"with a good basic kit , which includes"
trocr_data/train_images/train_04108.png,obvious .
trocr_data/train_images/train_04109.png,includes the bare minimum kit ) .
trocr_data/train_images/train_04110.png,"As a still further development , we follow"
trocr_data/train_images/train_04111.png,certain special tools will become
trocr_data/train_images/train_04112.png,With this the vast majority of jobs
trocr_data/train_images/train_04113.png,"can be done , though for advanced"
trocr_data/train_images/train_04114.png,cabinet work the necessity for
trocr_data/train_images/train_04115.png,depend partly upon the space available
trocr_data/train_images/train_04116.png,machines . They never are cheap in the
trocr_data/train_images/train_04117.png,"is prepared to pay , and the type of"
trocr_data/train_images/train_04118.png,"machines , the choice of which will"
trocr_data/train_images/train_04119.png,"long run . They may be inaccurate ,"
trocr_data/train_images/train_04120.png,"in the workshop , the amount one"
trocr_data/train_images/train_04121.png,Do not buy so-called cheap tools or
trocr_data/train_images/train_04122.png,"Lastly , we suggest certain power tools and"
trocr_data/train_images/train_04123.png,"work a man normally does . First ,"
trocr_data/train_images/train_04124.png,"however , a word of advice generally ."
trocr_data/train_images/train_04125.png,not turn out quite right !
trocr_data/train_images/train_04126.png,"Most tools have to lead an intensive life , and faults"
trocr_data/train_images/train_04127.png,better to pay the fair price for a tool of good
trocr_data/train_images/train_04128.png,in design or quality soon become apparent . It is far
trocr_data/train_images/train_04129.png,yourself to blame the tools when the job does
trocr_data/train_images/train_04130.png,"quality , and not handicap yourself from the start ."
trocr_data/train_images/train_04131.png,"To put it in a slightly different way , do not allow"
trocr_data/train_images/train_04132.png,place for tools . The combined bench top and
trocr_data/train_images/train_04133.png,have to do their woodwork on the kitchen table .
trocr_data/train_images/train_04134.png,Many men with only limited accommodation
trocr_data/train_images/train_04135.png,"are those of the vice , the bench stop , and storage"
trocr_data/train_images/train_04136.png,"Providing this is sound , some perfectly good"
trocr_data/train_images/train_04137.png,designed and made for WOODWORKER
trocr_data/train_images/train_04138.png,tool cupboard shown here has been specially
trocr_data/train_images/train_04139.png,readers who have this difficulty .
trocr_data/train_images/train_04140.png,"work can be done on it , but the usual problems"
trocr_data/train_images/train_04141.png,timber can be used but Parana pine is
trocr_data/train_images/train_04142.png,capable of withstanding the heavy handling of the
trocr_data/train_images/train_04143.png,"commercial articles , this chair is solidly built and"
trocr_data/train_images/train_04144.png,most destructive youngster . Almost any available
trocr_data/train_images/train_04145.png,taking a good finish .
trocr_data/train_images/train_04146.png,family man or father-to-be . Unlike many
trocr_data/train_images/train_04147.png,"recommended , being cheap , easy to work , and"
trocr_data/train_images/train_04148.png,HERE is a project that will be welcomed by the
trocr_data/train_images/train_04149.png,can be altered if required .
trocr_data/train_images/train_04150.png,"feeding tray to slide over a 30 in. table , but the height"
trocr_data/train_images/train_04151.png,"a smoothing plane , otherwise the marks left by the cutters"
trocr_data/train_images/train_04152.png,Start by making the two side frames from 1 in. by 1 14 in. planed
trocr_data/train_images/train_04153.png,will show up after painting . The dimensions given enable the
trocr_data/train_images/train_04154.png,"been machine planed , remember to go over each piece with"
trocr_data/train_images/train_04155.png,timber as shown in Fig. 1 . Although the timber will have already
trocr_data/train_images/train_04156.png,"All the joints are simple halving joints glued and pinned ,"
trocr_data/train_images/train_04157.png,which should nevertheless be cut with care to ensure a neat
trocr_data/train_images/train_04158.png,appearance . The side frames are joined by four cross pieces
trocr_data/train_images/train_04159.png,cut to fit them .
trocr_data/train_images/train_04160.png,"each 1 14 in. by 12 in. by 14 in. which fit into the recesses ( C ) ,"
trocr_data/train_images/train_04161.png,the frame with panel pins to complete
trocr_data/train_images/train_04162.png,pinned into place . A similar piece of 1 in.
trocr_data/train_images/train_04163.png,by 1 14 in. by 14 in. timber is fixed across
trocr_data/train_images/train_04164.png,Fig. 3 which also shows how a piece of
trocr_data/train_images/train_04165.png,See Fig. 2 . These are then glued and
trocr_data/train_images/train_04166.png,the end of the feeding tray as seen in
trocr_data/train_images/train_04167.png,hardboard is covered with plastic material
trocr_data/train_images/train_04168.png,the feeding tray .
trocr_data/train_images/train_04169.png,for easy cleaning and then fixed underneath
trocr_data/train_images/train_04170.png,chair . The seat rests across the upper two
trocr_data/train_images/train_04171.png,is made from 1 14 in. by 12 in. timber .
trocr_data/train_images/train_04172.png,Cut this piece of hardboard so that it
trocr_data/train_images/train_04173.png,cross pieces and is made of 12 in. plywood
trocr_data/train_images/train_04174.png,"glued and panel pinned in position , measurements"
trocr_data/train_images/train_04175.png,being taken directly from the work . Fig. 4
trocr_data/train_images/train_04176.png,shows the framework for the back which
trocr_data/train_images/train_04177.png,fits up against the front legs of the
trocr_data/train_images/train_04178.png,B temporarily in place on the chair
trocr_data/train_images/train_04179.png,Fix the piece A to the sides first
trocr_data/train_images/train_04180.png,also the height is left to personal choice
trocr_data/train_images/train_04181.png,with glue and panel pins and then fit
trocr_data/train_images/train_04182.png,and the width is best taken directly
trocr_data/train_images/train_04183.png,from the work to ensure a good fit .
trocr_data/train_images/train_04184.png,the frame together with the piece
trocr_data/train_images/train_04185.png,frame .
trocr_data/train_images/train_04186.png,The amount of the backward tilt and
trocr_data/train_images/train_04187.png,"Decide on the required angle of slope ,"
trocr_data/train_images/train_04188.png,pieces . These can then be cut at the correct
trocr_data/train_images/train_04189.png,A piece of hardboard is then cut and pinned
trocr_data/train_images/train_04190.png,off the exact position of B on the side
trocr_data/train_images/train_04191.png,flush .
trocr_data/train_images/train_04192.png,angle and B is glued and nailed in place .
trocr_data/train_images/train_04193.png,"keeping B flat on the chair seat , and mark"
trocr_data/train_images/train_04194.png,to the frame and its edges planed off
trocr_data/train_images/train_04195.png,of angle irons as shown in Fig. 5 . When determining
trocr_data/train_images/train_04196.png,by 4 in. attached to the front legs with a pair
trocr_data/train_images/train_04197.png,"the position of the footrest , do not place too near"
trocr_data/train_images/train_04198.png,screws driven from the inside . The footrest is a
trocr_data/train_images/train_04199.png,Finally attach the back firmly to the sides with
trocr_data/train_images/train_04200.png,the seat to allow for the growth of baby's legs .
trocr_data/train_images/train_04201.png,piece of timber 14 in. long and about 12 in.
trocr_data/train_images/train_04202.png,made by shaping and soldering two pieces of stout
trocr_data/train_images/train_04203.png,considerable pulling as the child becomes older .
trocr_data/train_images/train_04204.png,inside of the chair arms about 2 12 in. from the
trocr_data/train_images/train_04205.png,wire as shown in Fig. 6 . Make sure that these
trocr_data/train_images/train_04206.png,"To complete the job , screw two fittings to the"
trocr_data/train_images/train_04207.png,are well secured as they will have to withstand
trocr_data/train_images/train_04208.png,back to hold the baby's safety harness . These can be
trocr_data/train_images/train_04209.png,woodfiller in the usual way and paint the frame in
trocr_data/train_images/train_04210.png,framework and round off any sharp edges ( such as the
trocr_data/train_images/train_04211.png,Punch in all nail and panel pin heads and fill the holes
trocr_data/train_images/train_04212.png,"a suitable pastel shade , using a contrasting colour"
trocr_data/train_images/train_04213.png,a suitable nursery transfer .
trocr_data/train_images/train_04214.png,for the seat and the back which can be decorated with
trocr_data/train_images/train_04215.png,"edge of the seat , feeding tray , etc ) . Fill the grain with a"
trocr_data/train_images/train_04216.png,with plastic wood . Then thoroughly glasspaper the whole
trocr_data/train_images/train_04217.png,material that might be available as otherwise the
trocr_data/train_images/train_04218.png,satisfying and worthwhile project .
trocr_data/train_images/train_04219.png,paint would soon be scratched off .
trocr_data/train_images/train_04220.png,Avoid using lead-based paint as this could prove poisonous
trocr_data/train_images/train_04221.png,( J.H.P. ) BUILDING your own boat is a most
trocr_data/train_images/train_04222.png,to cover the footrest with rubber or any such protective
trocr_data/train_images/train_04223.png,"if junior decides to bite the chair . Finally , it is as well"
trocr_data/train_images/train_04224.png,rowing dinghy many of which I have built and
trocr_data/train_images/train_04225.png,margin of freeboard .
trocr_data/train_images/train_04226.png,Here are the plans of a very seaworthy little
trocr_data/train_images/train_04227.png,and an outboard motor with a comfortable
trocr_data/train_images/train_04228.png,sold . It is especially designed for simplicity in
trocr_data/train_images/train_04229.png,weighs only 60 lb. but can carry three people
trocr_data/train_images/train_04230.png,"construction , cheapness and lightness of weight ,"
trocr_data/train_images/train_04231.png,and measures approximately 8 ft. by 4 ft. She
trocr_data/train_images/train_04232.png,"For instance , in Canada we use galvanised nails"
trocr_data/train_images/train_04233.png,"job is to make your moulds . In Fig. 1 it quotes 34 in. five-ply ,"
trocr_data/train_images/train_04234.png,"always used brass screws , which are more expensive . The first"
trocr_data/train_images/train_04235.png,and cut to shape later .
trocr_data/train_images/train_04236.png,in place of screws . We just bend them over and clamp
trocr_data/train_images/train_04237.png,firmly by using a hammer on each side . Over here I 've
trocr_data/train_images/train_04238.png,"is nailed and glued together strongly , it may be marked"
trocr_data/train_images/train_04239.png,"but to save money any scrap may be used , and if this"
trocr_data/train_images/train_04240.png,"the moulds , make a frame of rough lumber as shown in"
trocr_data/train_images/train_04241.png,If you do not have a wooden floor on which to anchor
trocr_data/train_images/train_04242.png,Columbia .
trocr_data/train_images/train_04243.png,"and shaping your little craft , upside-down . For cheapness"
trocr_data/train_images/train_04244.png,I recommend using Douglas Fir Plywood from British
trocr_data/train_images/train_04245.png,Fig. 2 . The main idea is to have the moulds standing as
trocr_data/train_images/train_04246.png,"rigid as possible , for it is on these you will be building"
trocr_data/train_images/train_04247.png,a permanently water proof glue line . Be sure to
trocr_data/train_images/train_04248.png,shilling .
trocr_data/train_images/train_04249.png,This is hot pressed and resin bonded to ensure
trocr_data/train_images/train_04250.png,This may be bought at any good timber merchants .
trocr_data/train_images/train_04251.png,"see that the edge bears the mark , P.M.B.C. Exterior ."
trocr_data/train_images/train_04252.png,"wood of the same make , or oak or mahogany . For the"
trocr_data/train_images/train_04253.png,mahogany table which I bought at a sale for one
trocr_data/train_images/train_04254.png,The transoms can be made of any sound five-ply
trocr_data/train_images/train_04255.png,"last one I made , I used the two flaps from an old"
trocr_data/train_images/train_04256.png,is difficult to obtain here and expensive . I overcome
trocr_data/train_images/train_04257.png,and easy to make . As will be seen from the plan
trocr_data/train_images/train_04258.png,I find that the type of rowlock we use in Canada
trocr_data/train_images/train_04259.png,there is only a single gunwale on the outside .
trocr_data/train_images/train_04260.png,"rowing this dinghy ( Fig. 3 ) . They are very simple , cheap"
trocr_data/train_images/train_04261.png,this in another way as shown in Fig. 4 .
trocr_data/train_images/train_04262.png,I have also included a sketch of paddles I make for
trocr_data/train_images/train_04263.png,Cut the moulds and the
trocr_data/train_images/train_04264.png,use a heavy old base as in
trocr_data/train_images/train_04265.png,Fig. 2 .
trocr_data/train_images/train_04266.png,transoms to shape as in the
trocr_data/train_images/train_04267.png,detailed drawings . If you have
trocr_data/train_images/train_04268.png,"if not , use a strong horizontal"
trocr_data/train_images/train_04269.png,' A ' frames fastened to the floor
trocr_data/train_images/train_04270.png,the ground or concrete floor . I
trocr_data/train_images/train_04271.png,frame that will sit firmly on
trocr_data/train_images/train_04272.png,a wooden floor you can use
trocr_data/train_images/train_04273.png,The edges of the transoms should be bevelled to
trocr_data/train_images/train_04274.png,correspond to the sides and bottom of the boat .
trocr_data/train_images/train_04275.png,"notches , as they are not fastened to the"
trocr_data/train_images/train_04276.png,the hull is under construction .
trocr_data/train_images/train_04277.png,to allow for the chines to rest in these
trocr_data/train_images/train_04278.png,Don't forget to cut out on each side of each mould
trocr_data/train_images/train_04279.png,"moulds , which will only be used whilst"
trocr_data/train_images/train_04280.png,"in the plan , the transoms have a frame 1 in. by 1 in."
trocr_data/train_images/train_04281.png,prefer spruce when available . As will be seen
trocr_data/train_images/train_04282.png,on each side .
trocr_data/train_images/train_04283.png,is joined to both transoms and lies in the grooves
trocr_data/train_images/train_04284.png,The chine is the long stringer on each side which
trocr_data/train_images/train_04285.png,"ash , spruce or any long grained flexible wood . I"
trocr_data/train_images/train_04286.png,"cut in the moulds . Each chine is made of oak ,"
trocr_data/train_images/train_04287.png,"transom framing . Glue , screw and make fast ."
trocr_data/train_images/train_04288.png,The chines are morticed into this and butt up
trocr_data/train_images/train_04289.png,spring them both at the same time over the
trocr_data/train_images/train_04290.png,cut for this purpose in the stern or after
trocr_data/train_images/train_04291.png,against the transom . Start at the bow and
trocr_data/train_images/train_04292.png,slots cut in the moulds and into the notches
trocr_data/train_images/train_04293.png,and this is the time to check before making fast
trocr_data/train_images/train_04294.png,are equal on each side and that the transoms
trocr_data/train_images/train_04295.png,are parallel horizontally . Next bevel the chines
trocr_data/train_images/train_04296.png,to see that nothing is distorted . Ensure that
trocr_data/train_images/train_04297.png,"The skeleton of the boat will now take shape ,"
trocr_data/train_images/train_04298.png,the outside measurements from transom to transom
trocr_data/train_images/train_04299.png,with a plane so that the bottom will fit snugly .
trocr_data/train_images/train_04300.png,plan measurements but leave sufficient margin for
trocr_data/train_images/train_04301.png,the other . If care is taken not to waste the
trocr_data/train_images/train_04302.png,"purpose , the sides from one , and the bottom from"
trocr_data/train_images/train_04303.png,"ply , plenty of material is left over for the thwarts ."
trocr_data/train_images/train_04304.png,lengths of 8 ft. by 4 ft. ply for this
trocr_data/train_images/train_04305.png,planing after fixing to the boat . Use your two
trocr_data/train_images/train_04306.png,Cut out the bottom and sides accurately from the
trocr_data/train_images/train_04307.png,the sides to the transom framing and the chine .
trocr_data/train_images/train_04308.png,round the frame to the stern and clamp there . If
trocr_data/train_images/train_04309.png,"to plank the sides . Start again at the bows ,"
trocr_data/train_images/train_04310.png,clamping into position with a ' D ' clamp . Bend
trocr_data/train_images/train_04311.png,"Having trimmed up the chines , we are now ready"
trocr_data/train_images/train_04312.png,"well . After generously covering with glue , screw"
trocr_data/train_images/train_04313.png,you have a third clamp use it in the centre as
trocr_data/train_images/train_04314.png,Use 58 by No. 4 gauge screws ( brass ) or nail
trocr_data/train_images/train_04315.png,the screw to allow for a good grip . Remember
trocr_data/train_images/train_04316.png,about 4 in. apart and do not counter-sink in
trocr_data/train_images/train_04317.png,to glue before screwing .
trocr_data/train_images/train_04318.png,you are doing it that way . Use flat head screws
trocr_data/train_images/train_04319.png,"with inch and a quarter galvanized nails , if"
trocr_data/train_images/train_04320.png,the 14 in. ply . Make a very small hole for
trocr_data/train_images/train_04321.png,necessary to be careful not to miss the chine with
trocr_data/train_images/train_04322.png,trifle ; this can be cleaned up later . As you are
trocr_data/train_images/train_04323.png,the bottom shaped transom facing .
trocr_data/train_images/train_04324.png,"the bottom , both for screwing to the chines and"
trocr_data/train_images/train_04325.png,"Clean up with the plane ready for the bottom ,"
trocr_data/train_images/train_04326.png,the screws . I prefer spacing screws 3 in. apart for
trocr_data/train_images/train_04327.png,which is cut in one piece . It should overlap just a
trocr_data/train_images/train_04328.png,screwing and gluing this piece to the chines it is
trocr_data/train_images/train_04329.png,shift them right out of the way . Place the boat right side
trocr_data/train_images/train_04330.png,the rubbing strakes and you are ready to lift the boat off
trocr_data/train_images/train_04331.png,"Again , don't forget to glue . Now put on the keel and"
trocr_data/train_images/train_04332.png,"the moulds . You won't want them again for this boat , so"
trocr_data/train_images/train_04333.png,working .
trocr_data/train_images/train_04334.png,up on two boxes or trestles of convenient height for
trocr_data/train_images/train_04335.png,one to fit the block .
trocr_data/train_images/train_04336.png,with vertical members as shown in the plans . Make the
trocr_data/train_images/train_04337.png,before riveting on the gunwales so that you do not put
trocr_data/train_images/train_04338.png,four blocks for the rowlocks and mark their positions
trocr_data/train_images/train_04339.png,a rivet where you will have to cut out the inside ( gunwale )
trocr_data/train_images/train_04340.png,taking care to reinforce the sides of the dinghy at the seats
trocr_data/train_images/train_04341.png,Fix on the gunwales and insert the thwarts ( seats )
trocr_data/train_images/train_04342.png,WHEN an assortment of differently coloured materials are cut
trocr_data/train_images/train_04343.png,I rivet my gunwales together through the side of the hull
trocr_data/train_images/train_04344.png,undercoat and at least one coat of finishing paint .
trocr_data/train_images/train_04345.png,with copper nails and roves . It greatly improves the
trocr_data/train_images/train_04346.png,making fabric pictures or designs .
trocr_data/train_images/train_04347.png,into a variety of shapes they can be combined by either
trocr_data/train_images/train_04348.png,"appearance and the strength . Paint with good marine primer ,"
trocr_data/train_images/train_04349.png,"for framing and hanging on a wall , they may"
trocr_data/train_images/train_04350.png,article .
trocr_data/train_images/train_04351.png,resulting panel utilized for decorating a useful
trocr_data/train_images/train_04352.png,"also be arranged into a design , and the"
trocr_data/train_images/train_04353.png,While these may ultimately be made into a picture
trocr_data/train_images/train_04354.png,"when 50 planes are engaged in spreading 1,500 tons"
trocr_data/train_images/train_04355.png,WE have not yet reached the stage in Britain
trocr_data/train_images/train_04356.png,the stench of small game and birds dead from insecti-
trocr_data/train_images/train_04357.png,of DDT and fuel oil over 3 million acres or when
trocr_data/train_images/train_04358.png,witness described one sprayed area as literally rank with
trocr_data/train_images/train_04359.png,cide poisoning .
trocr_data/train_images/train_04360.png,20 million acres are sprayed with dieldrin . An eye-
trocr_data/train_images/train_04361.png,"of the misuse of chemicals in agriculture ,"
trocr_data/train_images/train_04362.png,are used in field trial tests .
trocr_data/train_images/train_04363.png,some stations are carrying out useful research on
trocr_data/train_images/train_04364.png,does the balance of nature by killing both pests
trocr_data/train_images/train_04365.png,"Wholesale chemical spraying , upsetting as it"
trocr_data/train_images/train_04366.png,number of American State Research Stations . Not
trocr_data/train_images/train_04367.png,"and predators , is viewed with concern by a"
trocr_data/train_images/train_04368.png,content with issuing bulletins on the dangers
trocr_data/train_images/train_04369.png,pest control by biological means . Both native and
trocr_data/train_images/train_04370.png,imported predatory insects and insect pathogens
trocr_data/train_images/train_04371.png,"States . Advertisements offer eggs of European ,"
trocr_data/train_images/train_04372.png,"religiosa ) , both native and "" immigrant "" varieties ,"
trocr_data/train_images/train_04373.png,The biological control of pests in the garden
trocr_data/train_images/train_04374.png,are used by gardeners in all parts of the United
trocr_data/train_images/train_04375.png,is not new to the American gardener . Lady-
trocr_data/train_images/train_04376.png,"birds figure in press advertisements , their"
trocr_data/train_images/train_04377.png,Chinese or native forms of mantis .
trocr_data/train_images/train_04378.png,sale being by the gallon . Praying mantis ( Mantis
trocr_data/train_images/train_04379.png,northwards .
trocr_data/train_images/train_04380.png,eating other insects . Nine blowflies
trocr_data/train_images/train_04381.png,From the day it hatches in the spring
trocr_data/train_images/train_04382.png,"until it dies in the late autumn , the"
trocr_data/train_images/train_04383.png,praying mantis satisfies its voracity by
trocr_data/train_images/train_04384.png,may be consumed at one sitting and
trocr_data/train_images/train_04385.png,grasshopper while eating another .
trocr_data/train_images/train_04386.png,"the fully adult , 2 12-in.-long insect ,"
trocr_data/train_images/train_04387.png,is able to keep a firm hold on one
trocr_data/train_images/train_04388.png,"heuschrecken "" ( Die Neue Brehm Bu""ckerei ,"
trocr_data/train_images/train_04389.png,"According to Dr. Max Beier in "" Fang-"
trocr_data/train_images/train_04390.png,"1952 ) , the praying mantis is trecking"
trocr_data/train_images/train_04391.png,over vines and peachtrees .
trocr_data/train_images/train_04392.png,many of the mantis of both types had died
trocr_data/train_images/train_04393.png,first mantis had hatched from the very large
trocr_data/train_images/train_04394.png,Meanwhile Mr. Moncrieff had sent me an
trocr_data/train_images/train_04395.png,"Because of the cool , wet weather , I had great"
trocr_data/train_images/train_04396.png,"difficulty in breeding fruit flies and , after"
trocr_data/train_images/train_04397.png,egg-case on June 6 . Both the Chinese
trocr_data/train_images/train_04398.png,egg-case of the Chinese mantis . The
trocr_data/train_images/train_04399.png,"and Spanish mantis , in the young stage"
trocr_data/train_images/train_04400.png,"at any rate , are light brown in colour ."
trocr_data/train_images/train_04401.png,"in my Kilner jars , I poured living mantis"
trocr_data/train_images/train_04402.png,three survived the journey ; one thrived
trocr_data/train_images/train_04403.png,"Grantham , Lincs , kindly offered to"
trocr_data/train_images/train_04404.png,A Gardeners Chronicle reader living in
trocr_data/train_images/train_04405.png,greenhouse . Of the dozen Spanish mantis
trocr_data/train_images/train_04406.png,mantis as a pest control in the cold
trocr_data/train_images/train_04407.png,and the latest report I have is that
trocr_data/train_images/train_04408.png,this mantis is still alive .
trocr_data/train_images/train_04409.png,"sent him by post on June 22 , only two or"
trocr_data/train_images/train_04410.png,cooperate with me in studying praying
trocr_data/train_images/train_04411.png,"since the end of the war , clay pots are"
trocr_data/train_images/train_04412.png,numerous small clay pots are used each
trocr_data/train_images/train_04413.png,"obtained at a comparable price , except the"
trocr_data/train_images/train_04414.png,no real substitute for clay that can be
trocr_data/train_images/train_04415.png,"have made headway , and although"
trocr_data/train_images/train_04416.png,"year , they are fewer than they were 10"
trocr_data/train_images/train_04417.png,DESPITE the steady influx of substitutes
trocr_data/train_images/train_04418.png,still in greatest demand . It is mostly
trocr_data/train_images/train_04419.png,years ago . In the larger sizes there is still
trocr_data/train_images/train_04420.png,in the smaller sizes that the substitutes
trocr_data/train_images/train_04421.png,commercial nurseries for growing tomatoes
trocr_data/train_images/train_04422.png,bituminized paper pots which are used on
trocr_data/train_images/train_04423.png,"necessarily apply to the larger sizes , as"
trocr_data/train_images/train_04424.png,"10 per cent. , and where the handling and"
trocr_data/train_images/train_04425.png,brittle nature ; even with reasonably careful
trocr_data/train_images/train_04426.png,"storage facilities are not too good , these"
trocr_data/train_images/train_04427.png,smaller ones and are not normally thrown
trocr_data/train_images/train_04428.png,they are not quite so fragile as the
trocr_data/train_images/train_04429.png,"handling , the annual losses are often around"
trocr_data/train_images/train_04430.png,about in quite the same way .
trocr_data/train_images/train_04431.png,losses will be even greater . This does not
trocr_data/train_images/train_04432.png,The main disadvantage of the clay pot is its
trocr_data/train_images/train_04433.png,"weather , which can be quite a headache in"
trocr_data/train_images/train_04434.png,they must have some protection from severe
trocr_data/train_images/train_04435.png,broken pots have on occasions provided
trocr_data/train_images/train_04436.png,from any point of view .
trocr_data/train_images/train_04437.png,and difficult things to accommodate and
trocr_data/train_images/train_04438.png,a small garden . While admitting that
trocr_data/train_images/train_04439.png,half-broken pots is an unlovely sight
trocr_data/train_images/train_04440.png,"artists with delightful studies , there is no"
trocr_data/train_images/train_04441.png,"doubt that a pile of badly stacked ,"
trocr_data/train_images/train_04442.png,The storage problem puts clay pots at a
trocr_data/train_images/train_04443.png,definite disadvantage . They are fairly heavy
trocr_data/train_images/train_04444.png,Every garden boy will agree that having to
trocr_data/train_images/train_04445.png,a few years ago that he made the headlines
trocr_data/train_images/train_04446.png,for having smashed a large number to
trocr_data/train_images/train_04447.png,relieve his feelings . On the small-to-medium
trocr_data/train_images/train_04448.png,favour of their abolition ; in fact one
trocr_data/train_images/train_04449.png,can be sterilized or washed by machine .
trocr_data/train_images/train_04450.png,whereas on larger establishments the pots
trocr_data/train_images/train_04451.png,"establishment , it is a disagreeable chore"
trocr_data/train_images/train_04452.png,"which nobody tackles with any enthusiasm ,"
trocr_data/train_images/train_04453.png,young man was so wholehearted about this
trocr_data/train_images/train_04454.png,wash clay pots is a definite factor in
trocr_data/train_images/train_04455.png,substitutes ; the former may last indefinitely
trocr_data/train_images/train_04456.png,"with luck , while the latter are often"
trocr_data/train_images/train_04457.png,to grow plants . In their proper setting they
trocr_data/train_images/train_04458.png,comparison between clay pots and the various
trocr_data/train_images/train_04459.png,a nostalgic affection for them .
trocr_data/train_images/train_04460.png,efficient and congenial containers in which
trocr_data/train_images/train_04461.png,It is not easy to make an economic
trocr_data/train_images/train_04462.png,"are not unattractive and , in spite of"
trocr_data/train_images/train_04463.png,"their shortcomings , most gardeners have"
trocr_data/train_images/train_04464.png,expendable used only once . Clay pots are
trocr_data/train_images/train_04465.png,"safer stacking , though they are still"
trocr_data/train_images/train_04466.png,"for the larger sizes , so they have the"
trocr_data/train_images/train_04467.png,wash . The deep rims make for neater and
trocr_data/train_images/train_04468.png,"Present-day pots are better finished , do"
trocr_data/train_images/train_04469.png,"other hand , there is really no replacement"
trocr_data/train_images/train_04470.png,expensive and still get broken . On the
trocr_data/train_images/train_04471.png,suitable container available in quantity
trocr_data/train_images/train_04472.png,not get dirty so readily and are easier to
trocr_data/train_images/train_04473.png,decided advantage of being the only
trocr_data/train_images/train_04474.png,for fairly large plants .
trocr_data/train_images/train_04475.png,condition .
trocr_data/train_images/train_04476.png,"Usually cylindrical or hexagonal in shape , they"
trocr_data/train_images/train_04477.png,pots for plant raising . These are compressed blocks of
trocr_data/train_images/train_04478.png,Soil blocks are probably the oldest alternative to clay
trocr_data/train_images/train_04479.png,are made of the same compost as would have
trocr_data/train_images/train_04480.png,that it is used in a slightly moister
trocr_data/train_images/train_04481.png,"been used in a pot , the only difference being"
trocr_data/train_images/train_04482.png,"compost , made in a specially devised press to"
trocr_data/train_images/train_04483.png,simulate roughly the shape and size of a pot .
trocr_data/train_images/train_04484.png,"cucumbers , marrows , melons , cauliflowers ,"
trocr_data/train_images/train_04485.png,"in the normal way , the only real difference"
trocr_data/train_images/train_04486.png,"Seed is sown , or seedlings are pricked out into them"
trocr_data/train_images/train_04487.png,lupins and numerous others .
trocr_data/train_images/train_04488.png,"celery and onions , may all be raised in soil"
trocr_data/train_images/train_04489.png,blocks ; so can such flowering plants as
trocr_data/train_images/train_04490.png,rose to avoid breaking the blocks with a spout
trocr_data/train_images/train_04491.png,being that more of the watering is done through a
trocr_data/train_images/train_04492.png,"dahlias , chrysanthemums , salvias , sweet peas ,"
trocr_data/train_images/train_04493.png,"of water . First-class plants of tomatoes ,"
trocr_data/train_images/train_04494.png,propagating ; there can be no progression to a
trocr_data/train_images/train_04495.png,is that soil blocks can only be used for
trocr_data/train_images/train_04496.png,potted .
trocr_data/train_images/train_04497.png,to be moved ; it must be planted out or
trocr_data/train_images/train_04498.png,larger block when the plant or seedling is ready
trocr_data/train_images/train_04499.png,"easily , is produced . The obvious limitation"
trocr_data/train_images/train_04500.png,"and a superior plant , which transplants more"
trocr_data/train_images/train_04501.png,One big advantage of soil blocks is an obvious
trocr_data/train_images/train_04502.png,"it is very little more trouble than normal potting ,"
trocr_data/train_images/train_04503.png,completely . Manufacturing the block and planting
trocr_data/train_images/train_04504.png,one : the cost of a pot of any description is saved
trocr_data/train_images/train_04505.png,The various types of small paper pots are very
trocr_data/train_images/train_04506.png,results by buying a small hand-operated soil
trocr_data/train_images/train_04507.png,block maker and use the money saved on
trocr_data/train_images/train_04508.png,Many amateur gardeners might improve their
trocr_data/train_images/train_04509.png,inclined to collapse if the plants are in them
trocr_data/train_images/train_04510.png,"useful for short-term operations , but are"
trocr_data/train_images/train_04511.png,buying small pots to improve their composts .
trocr_data/train_images/train_04512.png,too long .
trocr_data/train_images/train_04513.png,They are quite useful for plants that are
trocr_data/train_images/train_04514.png,nurseryman ; there is also considerable saving
trocr_data/train_images/train_04515.png,in carriage costs because of their lightness .
trocr_data/train_images/train_04516.png,and others not so good . A wide range of
trocr_data/train_images/train_04517.png,their cheapness making them attractive to the
trocr_data/train_images/train_04518.png,"despatched to market or direct to customers ,"
trocr_data/train_images/train_04519.png,There are many types of plastic pots available ;
trocr_data/train_images/train_04520.png,usually need less water than those in clay
trocr_data/train_images/train_04521.png,plants grow quite well in plastic pots and
trocr_data/train_images/train_04522.png,pots .
trocr_data/train_images/train_04523.png,"some expensive , some quite cheap ; some good"
trocr_data/train_images/train_04524.png,has been gained with them . Plastic pots
trocr_data/train_images/train_04525.png,"are usually more expensive than clay ones ,"
trocr_data/train_images/train_04526.png,will last a long time with normal care .
trocr_data/train_images/train_04527.png,but they are almost indestructible and
trocr_data/train_images/train_04528.png,"manage , however , until a little experience"
trocr_data/train_images/train_04529.png,They are slightly more difficult to
trocr_data/train_images/train_04530.png,of books . He uses his vocabulary to
trocr_data/train_images/train_04531.png,"how to do this for himself , with the help"
trocr_data/train_images/train_04532.png,so as to make it grow . He does not
trocr_data/train_images/train_04533.png,find the answers .
trocr_data/train_images/train_04534.png,simply pack new things into the store .
trocr_data/train_images/train_04535.png,vocabulary to work on the existing store
trocr_data/train_images/train_04536.png,The job of the teacher is to set the learner's
trocr_data/train_images/train_04537.png,The solitary learner has to find out
trocr_data/train_images/train_04538.png,ask questions and uses the books to
trocr_data/train_images/train_04539.png,of us obstinately go on using it .
trocr_data/train_images/train_04540.png,""" mind "" has given rise to endless"
trocr_data/train_images/train_04541.png,"abolish it from the dictionary , most"
trocr_data/train_images/train_04542.png,controversy among philosophers and psycho-
trocr_data/train_images/train_04543.png,a well-established learner and the world
trocr_data/train_images/train_04544.png,"your own philosopher , your own psychologist"
trocr_data/train_images/train_04545.png,will be at your feet . Although the word
trocr_data/train_images/train_04546.png,"logists , many of whom would like to"
trocr_data/train_images/train_04547.png,Thus learning how to learn means becoming
trocr_data/train_images/train_04548.png,and your own teacher . You will then be
trocr_data/train_images/train_04549.png,"to detach the mind from the brain , and all the biological ,"
trocr_data/train_images/train_04550.png,essence of a man which is supposed to persist apart from
trocr_data/train_images/train_04551.png,And then you get a knock on the head and all evidence of
trocr_data/train_images/train_04552.png,""" mind "" vanishes , at any rate for some time . It seems very difficult"
trocr_data/train_images/train_04553.png,the basis of all those experiences and phenomena which
trocr_data/train_images/train_04554.png,"the body , and to reserve the more prosaic word "" mind "" for"
trocr_data/train_images/train_04555.png,close connection . There is a lot to be said for keeping the
trocr_data/train_images/train_04556.png,are clearly associated with the brain .
trocr_data/train_images/train_04557.png,surgical and pharmacological evidence points to a very
trocr_data/train_images/train_04558.png,"word "" soul "" to stand for what many believe to be the imperishable"
trocr_data/train_images/train_04559.png,gases and so on . Where has psychology got to in its
trocr_data/train_images/train_04560.png,"theories of "" mind "" ? Are there any ultimate units"
trocr_data/train_images/train_04561.png,"picture of this "" basis "" of mental phenomena ?"
trocr_data/train_images/train_04562.png,"The physicists have succeeded remarkably well ,"
trocr_data/train_images/train_04563.png,picture of the basis of such material phenomena
trocr_data/train_images/train_04564.png,"as chemical action , magnetism , the behaviour of"
trocr_data/train_images/train_04565.png,"with the atomic theory , in giving a clear and detailed"
trocr_data/train_images/train_04566.png,Can we now put forward any reasonably clear
trocr_data/train_images/train_04567.png,of mind akin to the atoms of matter ?
trocr_data/train_images/train_04568.png,for basic units of mind has gone on and will
trocr_data/train_images/train_04569.png,matter combine to form molecular compounds .
trocr_data/train_images/train_04570.png,thought to combine together to form compound
trocr_data/train_images/train_04571.png,experiences by analogy with the way atoms of
trocr_data/train_images/train_04572.png,identified as elementary sensations . These were
trocr_data/train_images/train_04573.png,be analysed into discrete bits . These bits were
trocr_data/train_images/train_04574.png,But this view led to too many difficulties and
trocr_data/train_images/train_04575.png,was finally abandoned . Nevertheless the search
trocr_data/train_images/train_04576.png,"doubtless continue , for it is the aim of science to"
trocr_data/train_images/train_04577.png,At one time it was thought that mind could indeed
trocr_data/train_images/train_04578.png,discover ultimate units .
trocr_data/train_images/train_04579.png,geometry .
trocr_data/train_images/train_04580.png,units of geometry must be points . It would be more
trocr_data/train_images/train_04581.png,sciences . For example the success of the atomic theory
trocr_data/train_images/train_04582.png,correct to regard operations as the ultimate units of
trocr_data/train_images/train_04583.png,"We must beware , however , of supposing that there must be any"
trocr_data/train_images/train_04584.png,in physics might lead us to suppose that the ultimate
trocr_data/train_images/train_04585.png,close analogy between the units of quite different
trocr_data/train_images/train_04586.png,It is not an easy concept and if I try to make it
trocr_data/train_images/train_04587.png,psychology in its search for ultimate units and here
trocr_data/train_images/train_04588.png,There have been many conflicting tendencies in
trocr_data/train_images/train_04589.png,but even so it may be better than a meaningless abstraction .
trocr_data/train_images/train_04590.png,we can only indicate what seems to be the most promising
trocr_data/train_images/train_04591.png,concept which is current today . It is known as the schema .
trocr_data/train_images/train_04592.png,concrete it will be at the cost of over-simplification
trocr_data/train_images/train_04593.png,and this feeling of queerness
trocr_data/train_images/train_04594.png,They think there is something
trocr_data/train_images/train_04595.png,psychologist I am constantly
trocr_data/train_images/train_04596.png,mistaken belief that the
trocr_data/train_images/train_04597.png,the wrong way round . As a
trocr_data/train_images/train_04598.png,psychologist first looks into ...
trocr_data/train_images/train_04599.png,"inevitably "" queer "" about psychology"
trocr_data/train_images/train_04600.png,usually boils down to a quite
trocr_data/train_images/train_04601.png,encountering this tendency
trocr_data/train_images/train_04602.png,in friends and acquaintances .
trocr_data/train_images/train_04603.png,It is the tendency to get things
trocr_data/train_images/train_04604.png,nowadays most psychologists would agree that it is
trocr_data/train_images/train_04605.png,"For although looking inwards ( or "" introspecting """
trocr_data/train_images/train_04606.png,"round "" . He is far more likely to find out about how"
trocr_data/train_images/train_04607.png,one of the most unreliable methods of getting
trocr_data/train_images/train_04608.png,his own mind works by looking at other people's .
trocr_data/train_images/train_04609.png,"as it is called ) , is not entirely ruled out ,"
trocr_data/train_images/train_04610.png,"This is what I mean by "" getting things the wrong way"
trocr_data/train_images/train_04611.png,any precise information .
trocr_data/train_images/train_04612.png,person they observe his visible behaviour and then try
trocr_data/train_images/train_04613.png,And so they prefer objective methods . Since they cannot
trocr_data/train_images/train_04614.png,this behaviour . This is no more queer than the method
trocr_data/train_images/train_04615.png,"of the doctor who observes signs , and records symptoms ,"
trocr_data/train_images/train_04616.png,directly look into the mental processes of another
trocr_data/train_images/train_04617.png,to give theoretical interpretations of what lies behind
trocr_data/train_images/train_04618.png,and diagnoses the inner states responsible for them .
trocr_data/train_images/train_04619.png,to be prepared to observe and make inferences about
trocr_data/train_images/train_04620.png,"all kinds of processes in other people , whether or not they"
trocr_data/train_images/train_04621.png,psychology is concerned - these patterns are the concern of
trocr_data/train_images/train_04622.png,very little about the patterns of brain-activity which
trocr_data/train_images/train_04623.png,He may never have had the disease himself but he
trocr_data/train_images/train_04624.png,correspond with anything in his own experience . We know
trocr_data/train_images/train_04625.png,the neuro-physiologists .
trocr_data/train_images/train_04626.png,can nevertheless identify it . Similarly the psychologist has
trocr_data/train_images/train_04627.png,"provide our schemas , nor do we need to know as far as"
trocr_data/train_images/train_04628.png,therefore selected . A detailed age-structure was
trocr_data/train_images/train_04629.png,"compiled from personnel department records ,"
trocr_data/train_images/train_04630.png,five just fifty years of age .
trocr_data/train_images/train_04631.png,weekly wage-earners up to chargehand level
trocr_data/train_images/train_04632.png,"The numerically largest group , consisting of male"
trocr_data/train_images/train_04633.png,"thirty-three aged sixty-four years , and sixty-"
trocr_data/train_images/train_04634.png,"teen men seventy years of age or older ,"
trocr_data/train_images/train_04635.png,revealing that there were ( at that time ) seven-
trocr_data/train_images/train_04636.png,"and in the works only , excluding the offices , was"
trocr_data/train_images/train_04637.png,"A small panel was formed , not on a formally representative"
trocr_data/train_images/train_04638.png,those seventy years of age or older .
trocr_data/train_images/train_04639.png,"problems faced by older workers , and approached"
trocr_data/train_images/train_04640.png,from various levels in the firm . In due course
trocr_data/train_images/train_04641.png,"basis but rather of energetic and concerned individuals ,"
trocr_data/train_images/train_04642.png,the panel decided to seek further insight into the
trocr_data/train_images/train_04643.png,"fourth year , and opportunity has been taken"
trocr_data/train_images/train_04644.png,"The Rubery , Owen scheme is now in its"
trocr_data/train_images/train_04645.png,to revise the course in the light of
trocr_data/train_images/train_04646.png,5 . Financial planning 6 . Final discussion
trocr_data/train_images/train_04647.png,now as follows : 1 . Personal adjustment 2 . Health
trocr_data/train_images/train_04648.png,experience . Topics for the six weekly meetings
trocr_data/train_images/train_04649.png,of one-and-a-half hours ( each held half in
trocr_data/train_images/train_04650.png,"company time , half in the man's time ) are"
trocr_data/train_images/train_04651.png,3 . Work and leisure 4 . Living arrangements
trocr_data/train_images/train_04652.png,which takes place at company expense in a country or
trocr_data/train_images/train_04653.png,taken part .
trocr_data/train_images/train_04654.png,"The weekend conference for the men and their wives ,"
trocr_data/train_images/train_04655.png,plenary sessions . Of the men reaching fifty years of age
trocr_data/train_images/train_04656.png,discussions are arranged for the wives in addition to the
trocr_data/train_images/train_04657.png,"since the scheme started , 125 ( 37.2 per cent ) have"
trocr_data/train_images/train_04658.png,"resort hotel , includes an address on ' The Woman's Point"
trocr_data/train_images/train_04659.png,of View ' and one on ' Making the Most of Health ' . Separate
trocr_data/train_images/train_04660.png,personnel department or by an approach to
trocr_data/train_images/train_04661.png,members of the panel responsible for the scheme .
trocr_data/train_images/train_04662.png,fresher courses at the ages of fifty-five and sixty :
trocr_data/train_images/train_04663.png,"working out his ideas , either through the company's"
trocr_data/train_images/train_04664.png,"the first of these is due in 1963 . Meanwhile , each"
trocr_data/train_images/train_04665.png,' graduate ' is encouraged to seek help and advice in
trocr_data/train_images/train_04666.png,The original scheme was planned to provide short re-
trocr_data/train_images/train_04667.png,"Towards the end of 1956 , Mr. Daniel Grant ,"
trocr_data/train_images/train_04668.png,"Workers' Educational Association , submitted"
trocr_data/train_images/train_04669.png,"Hood , a copy of his report on an enquiry"
trocr_data/train_images/train_04670.png,"advisers , but are prepared to seek out the"
trocr_data/train_images/train_04671.png,he had made into the problems that beset
trocr_data/train_images/train_04672.png,an Employee Relations Officer of
trocr_data/train_images/train_04673.png,Rolls-Royce Ltd. and a member of the
trocr_data/train_images/train_04674.png,"to the Lord Provost of Glasgow , Dr. Andrew"
trocr_data/train_images/train_04675.png,The latter do not regard themselves as expert
trocr_data/train_images/train_04676.png,older workers and the effects of retirement
trocr_data/train_images/train_04677.png,appropriate sources of information or advice .
trocr_data/train_images/train_04678.png,Hugentobler Roger
trocr_data/train_images/train_04679.png,"Health of Retired Workers ' , and being satisfied that the matters"
trocr_data/train_images/train_04680.png,arranging a Conference on Preparation for and
trocr_data/train_images/train_04681.png,committee representative of bodies particularly concerned with
trocr_data/train_images/train_04682.png,"The Lord Provost , having studied the report on ' The Morale and"
trocr_data/train_images/train_04683.png,the welfare of older people to examine the report and
trocr_data/train_images/train_04684.png,its implications and to consider the advisability of
trocr_data/train_images/train_04685.png,"Glasgow and warranted further study , set an informal"
trocr_data/train_images/train_04686.png,raised were of considerable importance to the citizens of
trocr_data/train_images/train_04687.png,Occupational Activities on Retirement .
trocr_data/train_images/train_04688.png,reflected not only an increasing awareness
trocr_data/train_images/train_04689.png,concerted action towards preparing men
trocr_data/train_images/train_04690.png,"crafts , hobbies and leisure-time interests"
trocr_data/train_images/train_04691.png,for those who are retired .
trocr_data/train_images/train_04692.png,and women for life in retirement and more
trocr_data/train_images/train_04693.png,The large attendance and atmosphere of
trocr_data/train_images/train_04694.png,"this Conference , held in October , 1957 ,"
trocr_data/train_images/train_04695.png,desire on the part of all concerned for
trocr_data/train_images/train_04696.png,adequate provision of facilities for
trocr_data/train_images/train_04697.png,of the problems of men and women nearing
trocr_data/train_images/train_04698.png,or already in retirement but also a strong
trocr_data/train_images/train_04699.png,"of psychology , education and social science ; ... ."
trocr_data/train_images/train_04700.png,chairman and Mr. Andrew Atkinson as secretary . The
trocr_data/train_images/train_04701.png,"As a result , the Glasgow Retirement Council came"
trocr_data/train_images/train_04702.png,the Workers' Educational Association ; the University
trocr_data/train_images/train_04703.png,Centres . The former consists of representatives from
trocr_data/train_images/train_04704.png,the Glasgow Corporation Further Education Department ;
trocr_data/train_images/train_04705.png,"Preparation for Retirement , and on Occupational"
trocr_data/train_images/train_04706.png,Extra-Mural Education Committee and departments
trocr_data/train_images/train_04707.png,Council has active committees on Education and
trocr_data/train_images/train_04708.png,"into being in April , 1958 , with Dr. Andrew Hood as"
trocr_data/train_images/train_04709.png,"tober , 1959 , the first experimental day-release course for"
trocr_data/train_images/train_04710.png,to let older employees attend day-release courses on preparation
trocr_data/train_images/train_04711.png,men was organised . Eleven students from seven firms atten-
trocr_data/train_images/train_04712.png,"of Education for Glasgow , that industrial firms might be ready"
trocr_data/train_images/train_04713.png,to the men and their employers that the venture was an
trocr_data/train_images/train_04714.png,experiment from which the organisers hoped to learn as much
trocr_data/train_images/train_04715.png,ded a course on six full Fridays and it was made clear both
trocr_data/train_images/train_04716.png,"for retirement , their wages paid for the time thus spent . An"
trocr_data/train_images/train_04717.png,"In 1959 it was suggested by Mr. T. M. Banks , Assistant Director"
trocr_data/train_images/train_04718.png,as the participants .
trocr_data/train_images/train_04719.png,approach was made to about twenty large firms and in Oc-
trocr_data/train_images/train_04720.png,and retirement according to the occupational
trocr_data/train_images/train_04721.png,in what aspects ? 3 . Does the evidence
trocr_data/train_images/train_04722.png,"level of employees ? 2 . If so , which occupational"
trocr_data/train_images/train_04723.png,a pre-retirement planning and preparation
trocr_data/train_images/train_04724.png,levels are the better or the poorer prepared
trocr_data/train_images/train_04725.png,obtained support a rationale for adapting
trocr_data/train_images/train_04726.png,programme to the needs of older employees
trocr_data/train_images/train_04727.png,1 . Are there differences in adjustment to ageing
trocr_data/train_images/train_04728.png,for successful adjustment to retirement and
trocr_data/train_images/train_04729.png,of different occupational levels ?
trocr_data/train_images/train_04730.png,itself . Remember your four names - have the list
trocr_data/train_images/train_04731.png,with you if you like - and you simply can't
trocr_data/train_images/train_04732.png,"be flummoxed ! Of course , in any speech a good"
trocr_data/train_images/train_04733.png,start and a good finish are half the battle .
trocr_data/train_images/train_04734.png,things in a different way . All the better ! - it will
trocr_data/train_images/train_04735.png,sound much more spontaneous on the occasion
trocr_data/train_images/train_04736.png,Each time you rehearse you will probably put
trocr_data/train_images/train_04737.png,But there is no need to be frightened . The audience
trocr_data/train_images/train_04738.png,"So - see the next page ! Yes , they are waiting for you ."
trocr_data/train_images/train_04739.png,I have not had much experience of public speaking .
trocr_data/train_images/train_04740.png,you offer them . A good start will put them in a
trocr_data/train_images/train_04741.png,will eat out of your hand - if they like what
trocr_data/train_images/train_04742.png,good humour . Ladies and gentlemen ! I 'm afraid
trocr_data/train_images/train_04743.png,"rate , have proved that wrong . And they say , too ,"
trocr_data/train_images/train_04744.png,intelligence .
trocr_data/train_images/train_04745.png,are a novice ? It 's their interest you want - not their
trocr_data/train_images/train_04746.png,GO ! Try something like this : It is said that tele-
trocr_data/train_images/train_04747.png,sympathy . And you want to get it from the word
trocr_data/train_images/train_04748.png,But that 's a terrible way to begin ! Why tell them you
trocr_data/train_images/train_04749.png,"vision keeps people at home . But you , at any"
trocr_data/train_images/train_04750.png,that television makes its appeal to those of lesser
trocr_data/train_images/train_04751.png,May I suggest that you have proved that
trocr_data/train_images/train_04752.png,"your speech . Take some thought , too , for your ending ."
trocr_data/train_images/train_04753.png,didn't get in ! Instead he might have ended
trocr_data/train_images/train_04754.png,"this way : Well , those are my views ."
trocr_data/train_images/train_04755.png,candidate often used that finish . No wonder he
trocr_data/train_images/train_04756.png,Thank you for listening to me so patiently . A political
trocr_data/train_images/train_04757.png,right ! Congratulations ! And away you go into
trocr_data/train_images/train_04758.png,"Camp , aged thirty-three , the girl who was to have"
trocr_data/train_images/train_04759.png,been his bride . There was little doubt of how
trocr_data/train_images/train_04760.png,grief-stricken duty formally to identify Elizabeth
trocr_data/train_images/train_04761.png,taken to St Thomas's Hospital it was his
trocr_data/train_images/train_04762.png,had been murder .
trocr_data/train_images/train_04763.png,"became greatly alarmed , and after the body had been"
trocr_data/train_images/train_04764.png,"she had met her death , and even less that it"
trocr_data/train_images/train_04765.png,When he learned what was causing the commotion he
trocr_data/train_images/train_04766.png,She had been struck several times with a blunt
trocr_data/train_images/train_04767.png,"There were signs of a violent struggle , blood"
trocr_data/train_images/train_04768.png,to provide the only possible clue to the killer .
trocr_data/train_images/train_04769.png,"on the cushions and floor , and the remains"
trocr_data/train_images/train_04770.png,of her broken umbrella . But a pair of bone
trocr_data/train_images/train_04771.png,"instrument , and her head was smashed in ."
trocr_data/train_images/train_04772.png,cuff-links found in the compartment seemed
trocr_data/train_images/train_04773.png,"in the evening she had called on her two sisters ,"
trocr_data/train_images/train_04774.png,"robbery , and this was further confirmed when a"
trocr_data/train_images/train_04775.png,"other at Hounslow , where she kept a shop ."
trocr_data/train_images/train_04776.png,check was made with the woman's relations in
trocr_data/train_images/train_04777.png,"Good Intent , a public-house in Walworth . Her day"
trocr_data/train_images/train_04778.png,Hounslow . Miss Camp had been the housekeeper at the
trocr_data/train_images/train_04779.png,established that no sexual assault had taken place .
trocr_data/train_images/train_04780.png,one of whom lived at Hammersmith and the
trocr_data/train_images/train_04781.png,"The body was examined , and it was definitely"
trocr_data/train_images/train_04782.png,It seemed probable that the motive had been
trocr_data/train_images/train_04783.png,"off was Thursday , and before coming up to London"
trocr_data/train_images/train_04784.png,"and arrived at Hounslow around 5 P.M. , where"
trocr_data/train_images/train_04785.png,"to the station , helping her with some of"
trocr_data/train_images/train_04786.png,"she had tea with her other sister , and then"
trocr_data/train_images/train_04787.png,her packages . This sister was able to establish
trocr_data/train_images/train_04788.png,that she had carried a green purse and
trocr_data/train_images/train_04789.png,had bought a railway ticket .
trocr_data/train_images/train_04790.png,went to catch the 7.42 . Her sister saw her
trocr_data/train_images/train_04791.png,"Elizabeth had left Hammersmith in the late afternoon ,"
trocr_data/train_images/train_04792.png,was found at Waterloo . Neither the sisters nor Mr Berry thought it
trocr_data/train_images/train_04793.png,"compartment when the train left , but this did not help much , since it"
trocr_data/train_images/train_04794.png,supported the sister's statement that Elizabeth Camp had been alone in her
trocr_data/train_images/train_04795.png,likely that she had been carrying much money . A porter at Hounslow
trocr_data/train_images/train_04796.png,had made stops at nine stations before Waterloo .
trocr_data/train_images/train_04797.png,"But both purse and ticket , and the packages , were gone when the body"
trocr_data/train_images/train_04798.png,killer to book in modern times .
trocr_data/train_images/train_04799.png,"no easy task , but one in which patience and method"
trocr_data/train_images/train_04800.png,and perhaps evidence enough to have brought a
trocr_data/train_images/train_04801.png,"sticking to it . The murder weapon , more than likely ,"
trocr_data/train_images/train_04802.png,Putney and Wandsworth they found a bloodstained
trocr_data/train_images/train_04803.png,"pestle such as chemists use , with some hairs"
trocr_data/train_images/train_04804.png,The police began a systematic search of the line -
trocr_data/train_images/train_04805.png,paid off . At a spot on the embankment between
trocr_data/train_images/train_04806.png,might have yielded . It was a tough case to
trocr_data/train_images/train_04807.png,no experts to check and photograph any ' dabs ' it
trocr_data/train_images/train_04808.png,"disguised another motive , and a thorough check"
trocr_data/train_images/train_04809.png,overlook the possibility that this might have
trocr_data/train_images/train_04810.png,"Police , and Chief Inspector Marshall , of Scotland"
trocr_data/train_images/train_04811.png,"attacked for the sake of robbery , they did not"
trocr_data/train_images/train_04812.png,"Yard , combined forces in the investigation . While"
trocr_data/train_images/train_04813.png,"tackle , and Superintendent Robinson , of the L.S.W.R."
trocr_data/train_images/train_04814.png,accepting the likelihood that Miss Camp had been
trocr_data/train_images/train_04815.png,"But in 1897 , alas ! there was no fingerprint bureau ,"
trocr_data/train_images/train_04816.png,of her former men friends and acquaintances began .
trocr_data/train_images/train_04817.png,one of that new class of merchant financiers
trocr_data/train_images/train_04818.png,"harrying English shipping as far away as Cherbourg ,"
trocr_data/train_images/train_04819.png,"resources , and captured the young Mercer in a"
trocr_data/train_images/train_04820.png,A Scottish knight - Sir John Mercer - was
trocr_data/train_images/train_04821.png,"which the city of London was now producing , fitted ,"
trocr_data/train_images/train_04822.png,equipped and manned a fleet from his own
trocr_data/train_images/train_04823.png,"imprisoned in England . His son , in revenge , was"
trocr_data/train_images/train_04824.png,brilliant Channel fight .
trocr_data/train_images/train_04825.png,"and doing it to some purpose . John Philpot ,"
trocr_data/train_images/train_04826.png,a walk over the fields while we attended
trocr_data/train_images/train_04827.png,"rather indignant , but we took the"
trocr_data/train_images/train_04828.png,a farmer in a field . He seemed
trocr_data/train_images/train_04829.png,said he had been stopped by
trocr_data/train_images/train_04830.png,"after the Dedication , the Archbishop"
trocr_data/train_images/train_04831.png,when we met at tea at the rectory
trocr_data/train_images/train_04832.png,"to our business . To my amusement ,"
trocr_data/train_images/train_04833.png,episode without a smile till afterwards .
trocr_data/train_images/train_04834.png,Dr. Davidson said he would go for
trocr_data/train_images/train_04835.png,"The Hall proved most useful , especially in winter"
trocr_data/train_images/train_04836.png,"was translated to Winchester , and Dr. Hubert"
trocr_data/train_images/train_04837.png,coming to Sunday Evensong . We managed to furnish
trocr_data/train_images/train_04838.png,Burge became Bishop of Southwark .
trocr_data/train_images/train_04839.png,appreciated the Church Hall for worship as well
trocr_data/train_images/train_04840.png,when the distance to the church deterred many from
trocr_data/train_images/train_04841.png,"a table with cross and candles , and the people"
trocr_data/train_images/train_04842.png,as for more secular purposes . In 1910 Dr. Talbot
trocr_data/train_images/train_04843.png,the incumbent of the highest church in the
trocr_data/train_images/train_04844.png,"religious instruction through the Diocese , and I"
trocr_data/train_images/train_04845.png,Meanwhile I had been asked to do a bit of Diocesan
trocr_data/train_images/train_04846.png,also found myself a member of the Diocesan
trocr_data/train_images/train_04847.png,Diocese .
trocr_data/train_images/train_04848.png,"work in connection with Higher Religious Education , and"
trocr_data/train_images/train_04849.png,to become the Southwark Secretary of the Church Reading
trocr_data/train_images/train_04850.png,Union . This meant organizing lectures and courses of
trocr_data/train_images/train_04851.png,"Conference , where I remember introducing myself as"
trocr_data/train_images/train_04852.png,There was a somewhat shocked atmosphere in
trocr_data/train_images/train_04853.png,"work was growing pretty heavy , and we managed"
trocr_data/train_images/train_04854.png,was 800 feet high above the sea level ! The
trocr_data/train_images/train_04855.png,"some quarters , until I explained that my church"
trocr_data/train_images/train_04856.png,to get a stipendiary layman who could help
trocr_data/train_images/train_04857.png,among the children and young people .
trocr_data/train_images/train_04858.png,in Bavaria to witness the Passion Play . The place and its people were
trocr_data/train_images/train_04859.png,"performed at the small theatre in the village , when new talent would"
trocr_data/train_images/train_04860.png,"war broke out in 1914 , I spent my summer holidays there and became"
trocr_data/train_images/train_04861.png,be discovered and trained .
trocr_data/train_images/train_04862.png,to play an important part in my life . For five years in succession till
trocr_data/train_images/train_04863.png,very intimate with the people and the environs . Every year between the
trocr_data/train_images/train_04864.png,"Passion Plays , an interval of ten years , another play would be"
trocr_data/train_images/train_04865.png,It was while I was at Tatsfield that I first visited Oberammergau
trocr_data/train_images/train_04866.png,the end of a few months an enthusiastic choir of men and women
trocr_data/train_images/train_04867.png,and lead the others . As for basses and altos the conductor had to
trocr_data/train_images/train_04868.png,First of all simple part-songs : I found only one member who had
trocr_data/train_images/train_04869.png,old school friend at Clifton . He could sustain the tenor part quite well
trocr_data/train_images/train_04870.png,could render simple part-singing tolerably well .
trocr_data/train_images/train_04871.png,any idea of reading music . This was the village doctor who was an
trocr_data/train_images/train_04872.png,"teach by singing the parts with them . It was very amusing , and by"
trocr_data/train_images/train_04873.png,and we were all happy .
trocr_data/train_images/train_04874.png,"gave a concert at which the accompanist was the village schoolmaster ,"
trocr_data/train_images/train_04875.png,Then we went to work on Coleridge Taylor's ' Hiawatha's
trocr_data/train_images/train_04876.png,"Wedding Feast . ' Enthusiasm grew , and in a few more months we"
trocr_data/train_images/train_04877.png,"Friends from Limpsfield , in addition to the villagers , came up ,"
trocr_data/train_images/train_04878.png,and the tenor solo ' Onaway awake ' was sung by the Rector .
trocr_data/train_images/train_04879.png,years a most able and devoted housekeeper whom I had known
trocr_data/train_images/train_04880.png,church .
trocr_data/train_images/train_04881.png,well in Limpsfield where she had a house next to the
trocr_data/train_images/train_04882.png,Very soon we managed to get a hut in Purley where soldiers
trocr_data/train_images/train_04883.png,in those years more than busy . We now had a vicarage next
trocr_data/train_images/train_04884.png,"to the church , and I was most fortunate in having for eight"
trocr_data/train_images/train_04885.png,were very welcome and the ladies organized a canteen . Life was
trocr_data/train_images/train_04886.png,On hearing that I was to leave Tatsfield and come to
trocr_data/train_images/train_04887.png,who was the only other occupant of the house when
trocr_data/train_images/train_04888.png,Purley she offered to come and look after me . She was
trocr_data/train_images/train_04889.png,Mr. Evitt had gone .
trocr_data/train_images/train_04890.png,"a real treasure , of yeoman stock and clever in all domestic"
trocr_data/train_images/train_04891.png,"things , a widow who knew how to look after the ' boy , '"
trocr_data/train_images/train_04892.png,picture given them and the lesson was
trocr_data/train_images/train_04893.png,ster at her own home . Each child had a
trocr_data/train_images/train_04894.png,the superintendent who filled in the regi-
trocr_data/train_images/train_04895.png,had to miss the Sunday Church from any cause
trocr_data/train_images/train_04896.png,"church , they could just whisper to"
trocr_data/train_images/train_04897.png,We gathered together a splendid Sunday
trocr_data/train_images/train_04898.png,clamour for back stamps if a child
trocr_data/train_images/train_04899.png,"their book , and there was quite a"
trocr_data/train_images/train_04900.png,largely based on this . It was on a
trocr_data/train_images/train_04901.png,"afternoon service at the church , each child"
trocr_data/train_images/train_04902.png,stamp which could be stuck in
trocr_data/train_images/train_04903.png,"being given a number which , as they came into"
trocr_data/train_images/train_04904.png,naughty child with the penalty of not being
trocr_data/train_images/train_04905.png,"the children enjoyed the service , and I heard"
trocr_data/train_images/train_04906.png,are parents or even grandparents
trocr_data/train_images/train_04907.png,"they were a most delightful lot , and"
trocr_data/train_images/train_04908.png,it is a great joy to meet them now
trocr_data/train_images/train_04909.png,on Sunday afternoon . I hope the threat
trocr_data/train_images/train_04910.png,"kept them good in the week , but anyway"
trocr_data/train_images/train_04911.png,allowed to come to the Children's Church
trocr_data/train_images/train_04912.png,It was quite amusing to see how much
trocr_data/train_images/train_04913.png,of parents or faithful nurses threaten any
trocr_data/train_images/train_04914.png,fifty years afterwards when so many
trocr_data/train_images/train_04915.png,me at once to chronicle a most intimate and
trocr_data/train_images/train_04916.png,sons was just coming into the world in this year
trocr_data/train_images/train_04917.png,lasting friendship begun in 1913 in Purley and
trocr_data/train_images/train_04918.png,"and his family , the youngest of whose three"
trocr_data/train_images/train_04919.png,"to St. Mark's , the first contact I made was"
trocr_data/train_images/train_04920.png,Speaking of churchwardens and children leads
trocr_data/train_images/train_04921.png,"with the Vicar's Warden , Mr. F. W. Charlton"
trocr_data/train_images/train_04922.png,of 1913 .
trocr_data/train_images/train_04923.png,continuing till old age to-day . When I went
trocr_data/train_images/train_04924.png,From then till now the acquaintance ripened into a very
trocr_data/train_images/train_04925.png,all the many vicissitudes of a long ministry . Mr. and
trocr_data/train_images/train_04926.png,Mrs. Charlton have been from the first difficult
trocr_data/train_images/train_04927.png,"some tempers were easily frayed , the most"
trocr_data/train_images/train_04928.png,deep friendship which I have taken with me through
trocr_data/train_images/train_04929.png,loyal and devoted friends .
trocr_data/train_images/train_04930.png,"years of war , when most lives were upset and"
trocr_data/train_images/train_04931.png,lived on in Purley - have always been
trocr_data/train_images/train_04932.png,were in our Children's Church from the
trocr_data/train_images/train_04933.png,another we do not forget .
trocr_data/train_images/train_04934.png,"outset , and when we don't see one"
trocr_data/train_images/train_04935.png,"failed . Their three boys , now successful men ,"
trocr_data/train_images/train_04936.png,Their homes - for since those years they have
trocr_data/train_images/train_04937.png,"havens of rest , and the welcome has never"
trocr_data/train_images/train_04938.png,"frequently , establishing at once a friendly contact with"
trocr_data/train_images/train_04939.png,"at the Royal Herbert Hospital , full of war prisoners ."
trocr_data/train_images/train_04940.png,"In those early years 1914-18 , life was very full"
trocr_data/train_images/train_04941.png,both in the parish and in the wider war activities .
trocr_data/train_images/train_04942.png,"The Bishop , knowing that I spent my holidays in"
trocr_data/train_images/train_04943.png,"Bavaria , asked me if I would do something for two wards"
trocr_data/train_images/train_04944.png,the Bavarian wounded who were delighted to find
trocr_data/train_images/train_04945.png,"I was very glad to help in this way , and visited them"
trocr_data/train_images/train_04946.png,someone who knew their native villages .
trocr_data/train_images/train_04947.png,scorned these more simple country folk .
trocr_data/train_images/train_04948.png,I could at once notice the great antagonism
trocr_data/train_images/train_04949.png,between the Bavarians and the Prussians who openly
trocr_data/train_images/train_04950.png,"general system of "" francs-tireurs "" , to be named"
trocr_data/train_images/train_04951.png,lead to disaster . Then there had been much talk of
trocr_data/train_images/train_04952.png,Less than no response from the Russian side led
trocr_data/train_images/train_04953.png,""" Werewolves "" ."
trocr_data/train_images/train_04954.png,outcome that the Nazis evidently hoped might
trocr_data/train_images/train_04955.png,one to fear that the event might well have the
trocr_data/train_images/train_04956.png,the setting up among the German population of a
trocr_data/train_images/train_04957.png,"thousand of Nazi rule , so far from creating"
trocr_data/train_images/train_04958.png,universally a dull bewildered apathy .
trocr_data/train_images/train_04959.png,meeting of East and West was marked by
trocr_data/train_images/train_04960.png,more than a fantasy . Thanks to the good
trocr_data/train_images/train_04961.png,"sense of the front line soldiers , the"
trocr_data/train_images/train_04962.png,vodka . And the effect on the German people
trocr_data/train_images/train_04963.png,of the first ten years of the promised
trocr_data/train_images/train_04964.png,the use of no weapon more lethal than
trocr_data/train_images/train_04965.png,"a spirit of warlike frenzy , had produced"
trocr_data/train_images/train_04966.png,The Nazi fortress concept turned out to be nothing
trocr_data/train_images/train_04967.png,""" Werewolves "" that we had contemplated the necessity of very"
trocr_data/train_images/train_04968.png,special precautions to guard the lives of our airmen . Particular
trocr_data/train_images/train_04969.png,"and death over Germany , causing such wholesale slaughter among"
trocr_data/train_images/train_04970.png,So far had our thinking led us in this matter of the
trocr_data/train_images/train_04971.png,"men , women and children , old and young alike ."
trocr_data/train_images/train_04972.png,"those who had , over the years , spread such ghastly havoc , destruction"
trocr_data/train_images/train_04973.png,"hatred , we felt , was bound to be aimed at the representatives of"
trocr_data/train_images/train_04974.png,By the end of the month he still delighted in
trocr_data/train_images/train_04975.png,is a great resource . Vesuvius seems to be tired ;
trocr_data/train_images/train_04976.png,other man was a priest : here the priest is
trocr_data/train_images/train_04977.png,much as his health permitted him to enjoy any-
trocr_data/train_images/train_04978.png,Naples . He told Cloncurry that he enjoyed it as
trocr_data/train_images/train_04979.png,1superceded by the soldier - a favourable change
trocr_data/train_images/train_04980.png,fine . '
trocr_data/train_images/train_04981.png,"thing . ' The Pearl ' , he wrote , ' is arrived , which"
trocr_data/train_images/train_04982.png,"people , and what a busy town . At Rome , every"
trocr_data/train_images/train_04983.png,"he is going out fast ... . What a gay , lively"
trocr_data/train_images/train_04984.png,"in my eye , particularly as the troops are very"
trocr_data/train_images/train_04985.png,"permitted him to enjoy anything . ' The Pearl ' ,"
trocr_data/train_images/train_04986.png,every other man was a priest : here the
trocr_data/train_images/train_04987.png,"he wrote , ' is arrived , which is a great"
trocr_data/train_images/train_04988.png,resource . Vesuvius seems to be tired ; he
trocr_data/train_images/train_04989.png,priest is 1superceded by the soldier -
trocr_data/train_images/train_04990.png,By the end of the month he still delighted
trocr_data/train_images/train_04991.png,in Naples . He told Cloncurry that he
trocr_data/train_images/train_04992.png,enjoyed it as much as his health
trocr_data/train_images/train_04993.png,"is going out fast ... . What a gay , lively"
trocr_data/train_images/train_04994.png,"people , and what a busy town . At Rome ,"
trocr_data/train_images/train_04995.png,"a favourable change in my eye ,"
trocr_data/train_images/train_04996.png,much as his health permitted him to enjoy anything .
trocr_data/train_images/train_04997.png,By the end of the month he still delighted in
trocr_data/train_images/train_04998.png,resource . Vesuvius seems to be tired ; he is going
trocr_data/train_images/train_04999.png,"a busy town . At Rome , every other man was a"
trocr_data/train_images/train_05000.png,Naples . He told Cloncurry that he enjoyed it as
trocr_data/train_images/train_05001.png,as the troops are very fine . '
trocr_data/train_images/train_05002.png,"' The Pearl ' , he wrote , ' is arrived , which is a great"
trocr_data/train_images/train_05003.png,"soldier - a favourable change in my eye , particularly"
trocr_data/train_images/train_05004.png,"out fast ... . What a gay , lively people , and what"
trocr_data/train_images/train_05005.png,priest : here the priest is 1superceded by the
trocr_data/train_images/train_05006.png,He told Cloncurry that he enjoyed it as much as his
trocr_data/train_images/train_05007.png,other man was a priest : here the priest is 1superceded by
trocr_data/train_images/train_05008.png,"health permitted him to enjoy anything . ' The Pearl ' , he"
trocr_data/train_images/train_05009.png,"the soldier - a favourable change in my eye , particularly"
trocr_data/train_images/train_05010.png,as the troops are very fine . '
trocr_data/train_images/train_05011.png,"wrote , ' is arrived , which is a great resource . Vesuvius"
trocr_data/train_images/train_05012.png,"seems to be tired ; he is going out fast ... . What a gay ,"
trocr_data/train_images/train_05013.png,"lively people , and what a busy town . At Rome , every"
trocr_data/train_images/train_05014.png,By the end of the month he still delighted in Naples .
trocr_data/train_images/train_05015.png,the troops are very fine . '
trocr_data/train_images/train_05016.png,told Cloncurry that he enjoyed it as much as his health permitted
trocr_data/train_images/train_05017.png,"Rome , every other man was a priest : here the priest is 1superceded"
trocr_data/train_images/train_05018.png,By the end of the month he still delighted in Naples . He
trocr_data/train_images/train_05019.png,a great resource . Vesuvius seems to be tired ; he is going out
trocr_data/train_images/train_05020.png,"by the soldier - a favourable change in my eye , particularly as"
trocr_data/train_images/train_05021.png,"him to enjoy anything . ' The Pearl ' , he wrote , ' is arrived , which is"
trocr_data/train_images/train_05022.png,"fast ... . What a gay , lively people , and what a busy town . At"
trocr_data/train_images/train_05023.png,Cloncurry that he enjoyed it as much as his health
trocr_data/train_images/train_05024.png,"and what a busy town . At Rome , every other man was"
trocr_data/train_images/train_05025.png,By the end of the month he still delighted in Naples . He told
trocr_data/train_images/train_05026.png,"favourable change in my eye , particularly as the troops"
trocr_data/train_images/train_05027.png,"arrived , which is a great resource . Vesuvius seems to be"
trocr_data/train_images/train_05028.png,"permitted him to enjoy anything . ' The Pearl ' , he wrote , ' is"
trocr_data/train_images/train_05029.png,are very fine . '
trocr_data/train_images/train_05030.png,a priest : here the priest is 1superceded by the soldier - a
trocr_data/train_images/train_05031.png,"tired ; he is going out fast ... . What a gay , lively people ,"
trocr_data/train_images/train_05032.png,his health permitted him to enjoy anything . ' The
trocr_data/train_images/train_05033.png,particularly as the troops are very fine . '
trocr_data/train_images/train_05034.png,was a priest : here the priest is 1superceded by
trocr_data/train_images/train_05035.png,resource . Vesuvius seems to be tired ; he is
trocr_data/train_images/train_05036.png,"the soldier - a favourable change in my eye ,"
trocr_data/train_images/train_05037.png,"what a busy town . At Rome , every other man"
trocr_data/train_images/train_05038.png,He told Cloncurry that he enjoyed it as much as
trocr_data/train_images/train_05039.png,By the end of the month he still delighted in Naples .
trocr_data/train_images/train_05040.png,"going out fast ... . What a gay , lively people , and"
trocr_data/train_images/train_05041.png,"Pearl ' , he wrote , ' is arrived , which is a great"
trocr_data/train_images/train_05042.png,"health permitted him to enjoy anything . ' The Pearl ' , he"
trocr_data/train_images/train_05043.png,as the troops are very fine . '
trocr_data/train_images/train_05044.png,He told Cloncurry that he enjoyed it as much as his
trocr_data/train_images/train_05045.png,man was a priest : here the priest is 1superceded by
trocr_data/train_images/train_05046.png,"the soldier - a favourable change in my eye , particularly"
trocr_data/train_images/train_05047.png,"seems to be tired ; he is going out fast ... . What a gay ,"
trocr_data/train_images/train_05048.png,"wrote , ' is arrived , which is a great resource . Vesuvius"
trocr_data/train_images/train_05049.png,"lively people , and what a busy town . At Rome , every other"
trocr_data/train_images/train_05050.png,By the end of the month he still delighted in Naples .
trocr_data/train_images/train_05051.png,"At Rome , every other man was a priest :"
trocr_data/train_images/train_05052.png,By the end of the month he still delighted in
trocr_data/train_images/train_05053.png,it as much as his health permitted him to
trocr_data/train_images/train_05054.png,"enjoy anything . ' The Pearl ' , he wrote , ' is arrived ,"
trocr_data/train_images/train_05055.png,which is a great resource . Vesuvius seems
trocr_data/train_images/train_05056.png,"a gay , lively people , and what a busy town ."
trocr_data/train_images/train_05057.png,here the priest is 1superceded by the
trocr_data/train_images/train_05058.png,Naples . He told Cloncurry that he enjoyed
trocr_data/train_images/train_05059.png,particularly as the troops are very fine . '
trocr_data/train_images/train_05060.png,to be tired ; he is going out fast ... . What
trocr_data/train_images/train_05061.png,"soldier - a favourable change in my eye ,"
trocr_data/train_images/train_05062.png,"in my eye , particularly as the troops are"
trocr_data/train_images/train_05063.png,"people , and what a busy town . At Rome , every"
trocr_data/train_images/train_05064.png,"anything . ' The Pearl ' , he wrote , ' is arrived , which"
trocr_data/train_images/train_05065.png,By the end of the month he still delighted in
trocr_data/train_images/train_05066.png,1superceded by the soldier - a favourable change
trocr_data/train_images/train_05067.png,much as his health permitted him to enjoy
trocr_data/train_images/train_05068.png,very fine . '
trocr_data/train_images/train_05069.png,is a great resource . Vesuvius seems to be tired ;
trocr_data/train_images/train_05070.png,"he is going out fast ... . What a gay , lively"
trocr_data/train_images/train_05071.png,Naples . He told Cloncurry that he enjoyed it as
trocr_data/train_images/train_05072.png,other man was a priest : here the priest is
trocr_data/train_images/train_05073.png,"' is arrived , which is a great resource . Vesuvius seems"
trocr_data/train_images/train_05074.png,told Cloncurry that he enjoyed it as much as his health
trocr_data/train_images/train_05075.png,man was a priest : here the priest is 1superceded by the
trocr_data/train_images/train_05076.png,the troops are very fine . '
trocr_data/train_images/train_05077.png,"permitted him to enjoy anything . ' The Pearl ' , he wrote ,"
trocr_data/train_images/train_05078.png,"soldier - a favourable change in my eye , particularly as"
trocr_data/train_images/train_05079.png,"to be tired ; he is going out fast ... . What a gay , lively"
trocr_data/train_images/train_05080.png,"people , and what a busy town . At Rome , every other"
trocr_data/train_images/train_05081.png,By the end of the month he still delighted in Naples . He
trocr_data/train_images/train_05082.png,priest : here the priest is 1superceded by the
trocr_data/train_images/train_05083.png,"busy town . At Rome , every other man was a"
trocr_data/train_images/train_05084.png,Naples . He told Cloncurry that he enjoyed it as
trocr_data/train_images/train_05085.png,"out fast ... . What a gay , lively people , and what a"
trocr_data/train_images/train_05086.png,much as his health permitted him to enjoy anything .
trocr_data/train_images/train_05087.png,By the end of the month he still delighted in
trocr_data/train_images/train_05088.png,resource . Vesuvius seems to be tired ; he is going
trocr_data/train_images/train_05089.png,particularly as the troops are very fine . '
trocr_data/train_images/train_05090.png,"' The Pearl ' , he wrote , ' is arrived , which is a great"
trocr_data/train_images/train_05091.png,"soldier - a favourable change in my eye ,"
trocr_data/train_images/train_05092.png,"When the sailing season was past , he sent Pearl"
trocr_data/train_images/train_05093.png,"back to England , and returned to Rome for the"
trocr_data/train_images/train_05094.png,"The journey has been against me , as there has"
trocr_data/train_images/train_05095.png,"usual ' , but hoped , he told Arthur , ' to find"
trocr_data/train_images/train_05096.png,is high I have not yet thought of a fire ... .
trocr_data/train_images/train_05097.png,"been much rain and damp , but the temperature"
trocr_data/train_images/train_05098.png,this place agree with me better than Naples .
trocr_data/train_images/train_05099.png,"winter . In late November , he was ' suffering as"
trocr_data/train_images/train_05100.png,Naples . The journey has been against
trocr_data/train_images/train_05101.png,"damp , but the temperature is high"
trocr_data/train_images/train_05102.png,"me , as there has been much rain and"
trocr_data/train_images/train_05103.png,"November , he was ' suffering as usual ' ,"
trocr_data/train_images/train_05104.png,I have not yet thought of a fire ... .
trocr_data/train_images/train_05105.png,this place agree with me better than
trocr_data/train_images/train_05106.png,to Rome for the winter . In late
trocr_data/train_images/train_05107.png,"Pearl back to England , and returned"
trocr_data/train_images/train_05108.png,"When the sailing season was past , he sent"
trocr_data/train_images/train_05109.png,"but hoped , he told Arthur , ' to find"
trocr_data/train_images/train_05110.png,"to England , and returned to Rome for the winter . In"
trocr_data/train_images/train_05111.png,me better than Naples . The journey has been
trocr_data/train_images/train_05112.png,but the temperature is high I have not
trocr_data/train_images/train_05113.png,"late November , he was ' suffering as usual ' , but hoped ,"
trocr_data/train_images/train_05114.png,"against me , as there has been much rain and damp ,"
trocr_data/train_images/train_05115.png,"When the sailing season was past , he sent Pearl back"
trocr_data/train_images/train_05116.png,yet thought of a fire ... .
trocr_data/train_images/train_05117.png,"he told Arthur , ' to find this place agree with"
trocr_data/train_images/train_05118.png,"When the sailing season was past , he sent Pearl"
trocr_data/train_images/train_05119.png,"the winter . In late November , he was ' suffering as"
trocr_data/train_images/train_05120.png,"has been against me , as there has been much rain and"
trocr_data/train_images/train_05121.png,place agree with me better than Naples . The journey
trocr_data/train_images/train_05122.png,thought of a fire ... .
trocr_data/train_images/train_05123.png,"damp , but the temperature is high I have not yet"
trocr_data/train_images/train_05124.png,"back to England , and returned to Rome for"
trocr_data/train_images/train_05125.png,"usual ' , but hoped , he told Arthur , ' to find this"
trocr_data/train_images/train_05126.png,"When the sailing season was past , he sent Pearl back to"
trocr_data/train_images/train_05127.png,"England , and returned to Rome for the winter . In late"
trocr_data/train_images/train_05128.png,"November , he was ' suffering as usual ' , but hoped , he"
trocr_data/train_images/train_05129.png,"told Arthur , ' to find this place agree with me better than"
trocr_data/train_images/train_05130.png,"Naples . The journey has been against me , as there has"
trocr_data/train_images/train_05131.png,high I have not yet thought of a fire ... .
trocr_data/train_images/train_05132.png,"been much rain and damp , but the temperature is"
trocr_data/train_images/train_05133.png,"me , as there has been much rain and damp , but the temperature"
trocr_data/train_images/train_05134.png,is high I have not yet thought of a fire ... .
trocr_data/train_images/train_05135.png,"When the sailing season was past , he sent Pearl back to"
trocr_data/train_images/train_05136.png,place agree with me better than Naples . The journey has been against
trocr_data/train_images/train_05137.png,"was ' suffering as usual ' , but hoped , he told Arthur , ' to find this"
trocr_data/train_images/train_05138.png,"England , and returned to Rome for the winter . In late November , he"
trocr_data/train_images/train_05139.png,"England , and returned to Rome for the winter . In late"
trocr_data/train_images/train_05140.png,"Arthur , ' to find this place agree with me better than Naples ."
trocr_data/train_images/train_05141.png,"When the sailing season was past , he sent Pearl back to"
trocr_data/train_images/train_05142.png,yet thought of a fire ... .
trocr_data/train_images/train_05143.png,"November , he was ' suffering as usual ' , but hoped , he told"
trocr_data/train_images/train_05144.png,"The journey has been against me , as there has been much"
trocr_data/train_images/train_05145.png,"rain and damp , but the temperature is high I have not"
trocr_data/train_images/train_05146.png,temperature is high I have not yet thought of
trocr_data/train_images/train_05147.png,"When the sailing season was past , he sent Pearl back to"
trocr_data/train_images/train_05148.png,"there has been much rain and damp , but the"
trocr_data/train_images/train_05149.png,"November , he was ' suffering as usual ' , but hoped , he"
trocr_data/train_images/train_05150.png,"than Naples . The journey has been against me , as"
trocr_data/train_images/train_05151.png,"told Arthur , ' to find this place agree with me better"
trocr_data/train_images/train_05152.png,"England , and returned to Rome for the winter . In late"
trocr_data/train_images/train_05153.png,a fire ... .
trocr_data/train_images/train_05154.png,"When the sailing season was past , he sent Pearl back to"
trocr_data/train_images/train_05155.png,"been much rain and damp , but the temperature is high"
trocr_data/train_images/train_05156.png,"England , and returned to Rome for the winter . In late"
trocr_data/train_images/train_05157.png,I have not yet thought of a fire ... .
trocr_data/train_images/train_05158.png,"Naples . The journey has been against me , as there has"
trocr_data/train_images/train_05159.png,"told Arthur , ' to find this place agree with me better than"
trocr_data/train_images/train_05160.png,"November , he was ' suffering as usual ' , but hoped , he"
trocr_data/train_images/train_05161.png,"the winter . In late November , he was ' suffering"
trocr_data/train_images/train_05162.png,temperature is high I have not yet
trocr_data/train_images/train_05163.png,thought of a fire ... .
trocr_data/train_images/train_05164.png,this place agree with me better than Naples .
trocr_data/train_images/train_05165.png,"back to England , and returned to Rome for"
trocr_data/train_images/train_05166.png,"When the sailing season was past , he sent Pearl"
trocr_data/train_images/train_05167.png,"has been much rain and damp , but the"
trocr_data/train_images/train_05168.png,"The journey has been against me , as there"
trocr_data/train_images/train_05169.png,"as usual ' , but hoped , he told Arthur , ' to find"
trocr_data/train_images/train_05170.png,place agree with me better than Naples . The
trocr_data/train_images/train_05171.png,"back to England , and returned to Rome for the"
trocr_data/train_images/train_05172.png,"much rain and damp , but the temperature is high"
trocr_data/train_images/train_05173.png,I have not yet thought of a fire ... .
trocr_data/train_images/train_05174.png,"winter . In late November , he was ' suffering as"
trocr_data/train_images/train_05175.png,"journey has been against me , as there has been"
trocr_data/train_images/train_05176.png,"usual ' , but hoped , he told Arthur , ' to find this"
trocr_data/train_images/train_05177.png,"When the sailing season was past , he sent Pearl"
trocr_data/train_images/train_05178.png,thought of a fire ... .
trocr_data/train_images/train_05179.png,"England , and returned to Rome for the winter . In late"
trocr_data/train_images/train_05180.png,"When the sailing season was past , he sent Pearl back to"
trocr_data/train_images/train_05181.png,"Arthur , ' to find this place agree with me better than Naples ."
trocr_data/train_images/train_05182.png,"November , he was ' suffering as usual ' , but hoped , he told"
trocr_data/train_images/train_05183.png,"The journey has been against me , as there has been much rain"
trocr_data/train_images/train_05184.png,"and damp , but the temperature is high I have not yet"
trocr_data/train_images/train_05185.png,place agree with me better than Naples . The journey
trocr_data/train_images/train_05186.png,"winter . In late November , he was ' suffering as"
trocr_data/train_images/train_05187.png,"usual ' , but hoped , he told Arthur , ' to find this"
trocr_data/train_images/train_05188.png,"When the sailing season was past , he sent Pearl"
trocr_data/train_images/train_05189.png,I have not yet thought of a fire ... .
trocr_data/train_images/train_05190.png,"has been against me , as there has been much"
trocr_data/train_images/train_05191.png,"rain and damp , but the temperature is high"
trocr_data/train_images/train_05192.png,"back to England , and returned to Rome for the"
trocr_data/train_images/train_05193.png,temporary assumption of the government by
trocr_data/train_images/train_05194.png,one word of English . ' While he was writing
trocr_data/train_images/train_05195.png,de Chambre that ever was . But he has not
trocr_data/train_images/train_05196.png,A pleasant life truly ! ... It so happens that I
trocr_data/train_images/train_05197.png,the Duke of Wellington .
trocr_data/train_images/train_05198.png,"this letter he heard of the fall of the Whigs , and the"
trocr_data/train_images/train_05199.png,have an Italian who is perhaps the best Valet
trocr_data/train_images/train_05200.png,ever was . But he has not one word
trocr_data/train_images/train_05201.png,assumption of the government by
trocr_data/train_images/train_05202.png,the Duke of Wellington .
trocr_data/train_images/train_05203.png,this letter he heard of the fall of
trocr_data/train_images/train_05204.png,of English . ' While he was writing
trocr_data/train_images/train_05205.png,A pleasant life truly ! ... It so happens
trocr_data/train_images/train_05206.png,that I have an Italian who is perhaps
trocr_data/train_images/train_05207.png,"the Whigs , and the temporary"
trocr_data/train_images/train_05208.png,the best Valet de Chambre that
trocr_data/train_images/train_05209.png,the government by the Duke of Wellington .
trocr_data/train_images/train_05210.png,A pleasant life truly ! ... It so happens that I have an
trocr_data/train_images/train_05211.png,While he was writing this letter he heard of the fall
trocr_data/train_images/train_05212.png,"of the Whigs , and the temporary assumption of"
trocr_data/train_images/train_05213.png,ever was . But he has not one word of English . '
trocr_data/train_images/train_05214.png,Italian who is perhaps the best Valet de Chambre that
trocr_data/train_images/train_05215.png,"the Whigs , and the temporary assumption of the govern-"
trocr_data/train_images/train_05216.png,ever was . But he has not one word of English . '
trocr_data/train_images/train_05217.png,A pleasant life truly ! ... It so happens that I have
trocr_data/train_images/train_05218.png,an Italian who is perhaps the best Valet de Chambre that
trocr_data/train_images/train_05219.png,ment by the Duke of Wellington .
trocr_data/train_images/train_05220.png,While he was writing this letter he heard of the fall of
trocr_data/train_images/train_05221.png,Duke of Wellington .
trocr_data/train_images/train_05222.png,"writing this letter he heard of the fall of the Whigs , and"
trocr_data/train_images/train_05223.png,A pleasant life truly ! ... It so happens that I have an Italian
trocr_data/train_images/train_05224.png,who is perhaps the best Valet de Chambre that ever was .
trocr_data/train_images/train_05225.png,But he has not one word of English . ' While he was
trocr_data/train_images/train_05226.png,the temporary assumption of the government by the
trocr_data/train_images/train_05227.png,who is perhaps the best Valet de Chambre that ever was . But he
trocr_data/train_images/train_05228.png,has not one word of English . ' While he was writing this letter he
trocr_data/train_images/train_05229.png,"heard of the fall of the Whigs , and the temporary assumption"
trocr_data/train_images/train_05230.png,of the government by the Duke of Wellington .
trocr_data/train_images/train_05231.png,A pleasant life truly ! ... It so happens that I have an Italian
trocr_data/train_images/train_05232.png,he has not one word of English . ' While he was writing this
trocr_data/train_images/train_05233.png,who is perhaps the best Valet de Chambre that ever was . But
trocr_data/train_images/train_05234.png,assumption of the government by the Duke of Wellington .
trocr_data/train_images/train_05235.png,A pleasant life truly ! ... It so happens that I have an Italian
trocr_data/train_images/train_05236.png,"letter he heard of the fall of the Whigs , and the temporary"
trocr_data/train_images/train_05237.png,"of the Whigs , and the temporary assumption of"
trocr_data/train_images/train_05238.png,the government by the Duke of Wellington .
trocr_data/train_images/train_05239.png,A pleasant life truly ! ... It so happens that I have
trocr_data/train_images/train_05240.png,that ever was . But he has not one word of English . '
trocr_data/train_images/train_05241.png,an Italian who is perhaps the best Valet de Chambre
trocr_data/train_images/train_05242.png,While he was writing this letter he heard of the fall
trocr_data/train_images/train_05243.png,government by the Duke of Wellington .
trocr_data/train_images/train_05244.png,that ever was . But he has not one word of English . '
trocr_data/train_images/train_05245.png,A pleasant life truly ! ... It so happens that I have
trocr_data/train_images/train_05246.png,"of the Whigs , and the temporary assumption of the"
trocr_data/train_images/train_05247.png,an Italian who is perhaps the best Valet de Chambre
trocr_data/train_images/train_05248.png,While he was writing this letter he heard of the fall
trocr_data/train_images/train_05249.png,has not one word of English . ' While he was
trocr_data/train_images/train_05250.png,"the Whigs , and the temporary assumption of"
trocr_data/train_images/train_05251.png,A pleasant life truly ! ... It so happens that
trocr_data/train_images/train_05252.png,the government by the Duke of Wellington .
trocr_data/train_images/train_05253.png,Valet de Chambre that ever was . But he
trocr_data/train_images/train_05254.png,I have an Italian who is perhaps the best
trocr_data/train_images/train_05255.png,writing this letter he heard of the fall of
trocr_data/train_images/train_05256.png,A pleasant life truly ! ... It so happens that I have
trocr_data/train_images/train_05257.png,an Italian who is perhaps the best Valet de
trocr_data/train_images/train_05258.png,"heard of the fall of the Whigs , and the temporary"
trocr_data/train_images/train_05259.png,of English . ' While he was writing this letter he
trocr_data/train_images/train_05260.png,Chambre that ever was . But he has not one word
trocr_data/train_images/train_05261.png,assumption of the government by the Duke of
trocr_data/train_images/train_05262.png,Wellington .
trocr_data/train_images/train_05263.png,by the Duke of Wellington .
trocr_data/train_images/train_05264.png,While he was writing this letter he heard of the fall of the
trocr_data/train_images/train_05265.png,ever was . But he has not one word of English . '
trocr_data/train_images/train_05266.png,"Whigs , and the temporary assumption of the government"
trocr_data/train_images/train_05267.png,Italian who is perhaps the best Valet de Chambre that
trocr_data/train_images/train_05268.png,A pleasant life truly ! ... It so happens that I have an
trocr_data/train_images/train_05269.png,by the Duke of Wellington .
trocr_data/train_images/train_05270.png,not one word of English . ' While he was writing
trocr_data/train_images/train_05271.png,I have an Italian who is perhaps the best
trocr_data/train_images/train_05272.png,A pleasant life truly ! ... It so happens that
trocr_data/train_images/train_05273.png,"this letter he heard of the fall of the Whigs , and"
trocr_data/train_images/train_05274.png,Valet de Chambre that ever was . But he has
trocr_data/train_images/train_05275.png,the temporary assumption of the government
trocr_data/train_images/train_05276.png,"upon a dissolution , which must be had , will be"
trocr_data/train_images/train_05277.png,what may happen ... .
trocr_data/train_images/train_05278.png,' What a frightful event ! ' he wrote . ' I tremble !
trocr_data/train_images/train_05279.png,"a mass of Radicalism , then God knows"
trocr_data/train_images/train_05280.png,I really tremble for my country ! I may be
trocr_data/train_images/train_05281.png,exasperation of the People will be so great at the
trocr_data/train_images/train_05282.png,"What infatuation ! Personally I am indifferent , but"
trocr_data/train_images/train_05283.png,"mistaken , 1tho' I cannot but fear that the"
trocr_data/train_images/train_05284.png,"return of Ultratoryism , that the Commons House"
trocr_data/train_images/train_05285.png,"return of Ultratoryism , that the"
trocr_data/train_images/train_05286.png,"Commons House upon a dissolution ,"
trocr_data/train_images/train_05287.png,"of Radicalism , then God knows what"
trocr_data/train_images/train_05288.png,' What a frightful event ! ' he wrote . ' I tremble !
trocr_data/train_images/train_05289.png,"indifferent , but I really tremble for my"
trocr_data/train_images/train_05290.png,but fear that the exasperation of
trocr_data/train_images/train_05291.png,the People will be so great at the
trocr_data/train_images/train_05292.png,What infatuation ! Personally I am
trocr_data/train_images/train_05293.png,"country ! I may be mistaken , 1tho' I cannot"
trocr_data/train_images/train_05294.png,may happen ... .
trocr_data/train_images/train_05295.png,"which must be had , will be a mass"
trocr_data/train_images/train_05296.png,cannot but fear that the exasperation of the People
trocr_data/train_images/train_05297.png,"will be so great at the return of Ultratoryism ,"
trocr_data/train_images/train_05298.png,God knows what may happen ... .
trocr_data/train_images/train_05299.png,"tremble for my country ! I may be mistaken , 1tho' I"
trocr_data/train_images/train_05300.png,' What a frightful event ! ' he wrote . ' I tremble !
trocr_data/train_images/train_05301.png,"What infatuation ! Personally I am indifferent , but I really"
trocr_data/train_images/train_05302.png,"that the Commons House upon a dissolution , which"
trocr_data/train_images/train_05303.png,"must be had , will be a mass of Radicalism , then"
trocr_data/train_images/train_05304.png,' What a frightful event ! ' he wrote . ' I tremble ! What
trocr_data/train_images/train_05305.png,"will be so great at the return of Ultratoryism ,"
trocr_data/train_images/train_05306.png,"be had , will be a mass of Radicalism , then God"
trocr_data/train_images/train_05307.png,"tremble for my country ! I may be mistaken , 1tho'"
trocr_data/train_images/train_05308.png,I cannot but fear that the exasperation of the People
trocr_data/train_images/train_05309.png,"infatuation ! Personally I am indifferent , but I really"
trocr_data/train_images/train_05310.png,"that the Commons House upon a dissolution , which must"
trocr_data/train_images/train_05311.png,knows what may happen ... .
trocr_data/train_images/train_05312.png,"great at the return of Ultratoryism , that the Commons"
trocr_data/train_images/train_05313.png,"for my country ! I may be mistaken , 1tho' I cannot"
trocr_data/train_images/train_05314.png,"House upon a dissolution , which must be had , will be a"
trocr_data/train_images/train_05315.png,but fear that the exasperation of the People will be so
trocr_data/train_images/train_05316.png,"mass of Radicalism , then God knows what may happen ... ."
trocr_data/train_images/train_05317.png,"tuation ! Personally I am indifferent , but I really tremble"
trocr_data/train_images/train_05318.png,' What a frightful event ! ' he wrote . ' I tremble ! What infa-
trocr_data/train_images/train_05319.png,"Commons House upon a dissolution , which must be had , will be"
trocr_data/train_images/train_05320.png,"People will be so great at the return of Ultratoryism , that the"
trocr_data/train_images/train_05321.png,"be mistaken , 1tho' I cannot but fear that the exasperation of the"
trocr_data/train_images/train_05322.png,' What a frightful event ! ' he wrote . ' I tremble ! What infatuation !
trocr_data/train_images/train_05323.png,"Personally I am indifferent , but I really tremble for my country ! I may"
trocr_data/train_images/train_05324.png,"a mass of Radicalism , then God knows what may happen ... ."
trocr_data/train_images/train_05325.png,' What a frightful event ! ' he wrote . ' I tremble ! What
trocr_data/train_images/train_05326.png,"upon a dissolution , which must be had , will be a mass"
trocr_data/train_images/train_05327.png,but fear that the exasperation of the People will be so great
trocr_data/train_images/train_05328.png,"infatuation ! Personally I am indifferent , but I really"
trocr_data/train_images/train_05329.png,"at the return of Ultratoryism , that the Commons House"
trocr_data/train_images/train_05330.png,"of Radicalism , then God knows what may happen ... ."
trocr_data/train_images/train_05331.png,"tremble for my country ! I may be mistaken , 1tho' I cannot"
trocr_data/train_images/train_05332.png,' What a frightful event ! ' he wrote . ' I tremble ! What
trocr_data/train_images/train_05333.png,of the People will be so great at the return of
trocr_data/train_images/train_05334.png,"dissolution , which must be had , will be a mass"
trocr_data/train_images/train_05335.png,"infatuation ! Personally I am indifferent , but I really"
trocr_data/train_images/train_05336.png,"tremble for my country ! I may be mistaken ,"
trocr_data/train_images/train_05337.png,1tho' I cannot but fear that the exasperation
trocr_data/train_images/train_05338.png,happen ... .
trocr_data/train_images/train_05339.png,"Ultratoryism , that the Commons House upon a"
trocr_data/train_images/train_05340.png,"of Radicalism , then God knows what may"
trocr_data/train_images/train_05341.png,' What a frightful event ! ' he wrote . ' I tremble ! What
trocr_data/train_images/train_05342.png,"infatuation ! Personally I am indifferent , but I really tremble"
trocr_data/train_images/train_05343.png,"House upon a dissolution , which must be had , will be a"
trocr_data/train_images/train_05344.png,"for my country ! I may be mistaken , 1tho' I cannot but"
trocr_data/train_images/train_05345.png,"great at the return of Ultratoryism , that the Commons"
trocr_data/train_images/train_05346.png,fear that the exasperation of the People will be so
trocr_data/train_images/train_05347.png,"mass of Radicalism , then God knows what may happen ... ."
trocr_data/train_images/train_05348.png,may happen ... .
trocr_data/train_images/train_05349.png,' What a frightful event ! ' he wrote . ' I tremble ! What
trocr_data/train_images/train_05350.png,"so great at the return of Ultratoryism ,"
trocr_data/train_images/train_05351.png,"Radicalism , then God knows what"
trocr_data/train_images/train_05352.png,the exasperation of the People will be
trocr_data/train_images/train_05353.png,"be mistaken , 1tho' I cannot but fear that"
trocr_data/train_images/train_05354.png,"infatuation ! Personally I am indifferent ,"
trocr_data/train_images/train_05355.png,"that the Commons House upon a dissolution ,"
trocr_data/train_images/train_05356.png,"which must be had , will be a mass of"
trocr_data/train_images/train_05357.png,but I really tremble for my country ! I may
trocr_data/train_images/train_05358.png,"a dissolution , which must be had , will be a"
trocr_data/train_images/train_05359.png,"Ultratoryism , that the Commons House upon"
trocr_data/train_images/train_05360.png,I cannot but fear that the exasperation of the
trocr_data/train_images/train_05361.png,"mass of Radicalism , then God knows what"
trocr_data/train_images/train_05362.png,may happen ... .
trocr_data/train_images/train_05363.png,"tremble for my country ! I may be mistaken , 1tho'"
trocr_data/train_images/train_05364.png,' What a frightful event ! ' he wrote . ' I tremble ! What
trocr_data/train_images/train_05365.png,"infatuation ! Personally I am indifferent , but I really"
trocr_data/train_images/train_05366.png,People will be so great at the return of
trocr_data/train_images/train_05367.png,"infatuation ! Personally I am indifferent , but I really tremble"
trocr_data/train_images/train_05368.png,"great at the return of Ultratoryism , that the Commons"
trocr_data/train_images/train_05369.png,fear that the exasperation of the People will be so
trocr_data/train_images/train_05370.png,"for my country ! I may be mistaken , 1tho' I cannot but"
trocr_data/train_images/train_05371.png,' What a frightful event ! ' he wrote . ' I tremble ! What
trocr_data/train_images/train_05372.png,"House upon a dissolution , which must be had , will be a"
trocr_data/train_images/train_05373.png,"mass of Radicalism , then God knows what may happen ... ."
trocr_data/train_images/train_05374.png,"mass of Radicalism , then God knows"
trocr_data/train_images/train_05375.png,"infatuation ! Personally I am indifferent , but I"
trocr_data/train_images/train_05376.png,1tho' I cannot but fear that the exasperation of
trocr_data/train_images/train_05377.png,the People will be so great at the return of
trocr_data/train_images/train_05378.png,"dissolution , which must be had , will be a"
trocr_data/train_images/train_05379.png,what may happen ... .
trocr_data/train_images/train_05380.png,"Ultratoryism , that the Commons House upon a"
trocr_data/train_images/train_05381.png,"really tremble for my country ! I may be mistaken ,"
trocr_data/train_images/train_05382.png,' What a frightful event ! ' he wrote . ' I tremble ! What
trocr_data/train_images/train_05383.png,"God grant , however , that I may be a"
trocr_data/train_images/train_05384.png,an express took him off yesterday . '
trocr_data/train_images/train_05385.png,of the numerous conventional remedies
trocr_data/train_images/train_05386.png,"Sir R. Peel was here , I understand , but"
trocr_data/train_images/train_05387.png,a new chapter in the history of
trocr_data/train_images/train_05388.png,to which he had been subjected ever
trocr_data/train_images/train_05389.png,Anglesey's unceasing search for an effective
trocr_data/train_images/train_05390.png,false prophet that all may go well .
trocr_data/train_images/train_05391.png,While he was in Naples there had opened
trocr_data/train_images/train_05392.png,alleviation of his painful malady . None
trocr_data/train_images/train_05393.png,off yesterday . '
trocr_data/train_images/train_05394.png,"I understand , but an express took him"
trocr_data/train_images/train_05395.png,had the slightest effect .
trocr_data/train_images/train_05396.png,first shown themselves seventeen years before had
trocr_data/train_images/train_05397.png,"God grant , however , that I may be a false prophet"
trocr_data/train_images/train_05398.png,"that all may go well . Sir R. Peel was here ,"
trocr_data/train_images/train_05399.png,chapter in the history of Anglesey's unceasing search
trocr_data/train_images/train_05400.png,None of the numerous conventional remedies to which
trocr_data/train_images/train_05401.png,for an effective alleviation of his painful malady .
trocr_data/train_images/train_05402.png,While he was in Naples there had opened a new
trocr_data/train_images/train_05403.png,he had been subjected ever since the symptoms had
trocr_data/train_images/train_05404.png,malady . None of the numerous conventional remedies
trocr_data/train_images/train_05405.png,to which he had been subjected ever since the symp-
trocr_data/train_images/train_05406.png,While he was in Naples there had opened a
trocr_data/train_images/train_05407.png,search for an effective alleviation of his painful
trocr_data/train_images/train_05408.png,"God grant , however , that I may be a false prophet"
trocr_data/train_images/train_05409.png,new chapter in the history of Anglesey's unceasing
trocr_data/train_images/train_05410.png,toms had first shown themselves seventeen years before
trocr_data/train_images/train_05411.png,"that all may go well . Sir R. Peel was here , I under-"
trocr_data/train_images/train_05412.png,had had the slightest effect .
trocr_data/train_images/train_05413.png,"stand , but an express took him off yesterday . '"
trocr_data/train_images/train_05414.png,"God grant , however , that I may be a false prophet that"
trocr_data/train_images/train_05415.png,subjected ever since the symptoms had first shown them-
trocr_data/train_images/train_05416.png,an express took him off yesterday . '
trocr_data/train_images/train_05417.png,the history of Anglesey's unceasing search for an
trocr_data/train_images/train_05418.png,"all may go well . Sir R. Peel was here , I understand , but"
trocr_data/train_images/train_05419.png,selves seventeen years before had had the slightest effect .
trocr_data/train_images/train_05420.png,While he was in Naples there had opened a new chapter in
trocr_data/train_images/train_05421.png,effective alleviation of his painful malady . None of the
trocr_data/train_images/train_05422.png,numerous conventional remedies to which he had been
trocr_data/train_images/train_05423.png,shown themselves seventeen years before had had the slightest effect .
trocr_data/train_images/train_05424.png,"may go well . Sir R. Peel was here , I understand , but an express"
trocr_data/train_images/train_05425.png,which he had been subjected ever since the symptoms had first
trocr_data/train_images/train_05426.png,his painful malady . None of the numerous conventional remedies to
trocr_data/train_images/train_05427.png,history of Anglesey's unceasing search for an effective alleviation of
trocr_data/train_images/train_05428.png,"God grant , however , that I may be a false prophet that all"
trocr_data/train_images/train_05429.png,While he was in Naples there had opened a new chapter in the
trocr_data/train_images/train_05430.png,took him off yesterday . '
trocr_data/train_images/train_05431.png,seventeen years before had had the slightest effect .
trocr_data/train_images/train_05432.png,ever since the symptoms had first shown themselves
trocr_data/train_images/train_05433.png,While he was in Naples there had opened a new chapter in
trocr_data/train_images/train_05434.png,the history of Anglesey's unceasing search for an effective
trocr_data/train_images/train_05435.png,conventional remedies to which he had been subjected
trocr_data/train_images/train_05436.png,"God grant , however , that I may be a false prophet"
trocr_data/train_images/train_05437.png,"that all may go well . Sir R. Peel was here , I understand ,"
trocr_data/train_images/train_05438.png,alleviation of his painful malady . None of the numerous
trocr_data/train_images/train_05439.png,but an express took him off yesterday . '
trocr_data/train_images/train_05440.png,While he was in Naples there had opened a new
trocr_data/train_images/train_05441.png,yesterday . '
trocr_data/train_images/train_05442.png,"here , I understand , but an express took him off"
trocr_data/train_images/train_05443.png,malady . None of the numerous conventional
trocr_data/train_images/train_05444.png,since the symptoms had first shown them-
trocr_data/train_images/train_05445.png,remedies to which he had been subjected ever
trocr_data/train_images/train_05446.png,selves seventeen years before had had the slightest effect .
trocr_data/train_images/train_05447.png,chapter in the history of Anglesey's unceasing
trocr_data/train_images/train_05448.png,that all may go well . Sir R. Peel was
trocr_data/train_images/train_05449.png,"God grant , however , that I may be a false prophet"
trocr_data/train_images/train_05450.png,search for an effective alleviation of his painful
trocr_data/train_images/train_05451.png,"God grant , however , that I may be a false prophet"
trocr_data/train_images/train_05452.png,slightest effect .
trocr_data/train_images/train_05453.png,in the history of Anglesey's unceasing search for an
trocr_data/train_images/train_05454.png,effective alleviation of his painful malady . None of the
trocr_data/train_images/train_05455.png,While he was in Naples there had opened a new chapter
trocr_data/train_images/train_05456.png,"that all may go well . Sir R. Peel was here , I understand ,"
trocr_data/train_images/train_05457.png,but an express took him off yesterday . '
trocr_data/train_images/train_05458.png,themselves seventeen years before had had the
trocr_data/train_images/train_05459.png,subjected ever since the symptoms had first shown
trocr_data/train_images/train_05460.png,numerous conventional remedies to which he had been
trocr_data/train_images/train_05461.png,ous conventional remedies to which he had
trocr_data/train_images/train_05462.png,had first shown themselves seventeen years . .
trocr_data/train_images/train_05463.png,been subjected ever since the symptoms
trocr_data/train_images/train_05464.png,of his painful malady . None of the numer-
trocr_data/train_images/train_05465.png,unceasing search for an effective alleviation
trocr_data/train_images/train_05466.png,prophet that all may go well . Sir R. Peel
trocr_data/train_images/train_05467.png,While he was in Naples there had opened a
trocr_data/train_images/train_05468.png,"God grant , however , that I may be a false"
trocr_data/train_images/train_05469.png,new chapter in the history of Anglesey's
trocr_data/train_images/train_05470.png,"was here , I understand , but an express took"
trocr_data/train_images/train_05471.png,him off yesterday . '
trocr_data/train_images/train_05472.png,While he was in Naples there had opened a new chapter
trocr_data/train_images/train_05473.png,"that all may go well . Sir R. Peel was here , I"
trocr_data/train_images/train_05474.png,had been subjected ever since the symptoms had
trocr_data/train_images/train_05475.png,"God grant , however , that I may be a false prophet"
trocr_data/train_images/train_05476.png,an effective alleviation of his painful malady . None
trocr_data/train_images/train_05477.png,"understand , but an express took him off yesterday . '"
trocr_data/train_images/train_05478.png,had had the slightest effect .
trocr_data/train_images/train_05479.png,in the history of Anglesey's unceasing search for
trocr_data/train_images/train_05480.png,first shown themselves seventeen years before
trocr_data/train_images/train_05481.png,of the numerous conventional remedies to which he
trocr_data/train_images/train_05482.png,While he was in Naples there had opened a new chapter
trocr_data/train_images/train_05483.png,in the history of Anglesey's unceasing search for
trocr_data/train_images/train_05484.png,been subjected ever since the symptoms had first
trocr_data/train_images/train_05485.png,"God grant , however , that I may be a false prophet that"
trocr_data/train_images/train_05486.png,shown themselves seventeen years before had had the
trocr_data/train_images/train_05487.png,but an express took him off yesterday . '
trocr_data/train_images/train_05488.png,an effective alleviation of his painful malady . None
trocr_data/train_images/train_05489.png,"all may go well . Sir R. Peel was here , I understand ,"
trocr_data/train_images/train_05490.png,slightest effect .
trocr_data/train_images/train_05491.png,of the numerous conventional remedies to which he had
trocr_data/train_images/train_05492.png,which he had been subjected ever since the
trocr_data/train_images/train_05493.png,history of Anglesey's unceasing search for an
trocr_data/train_images/train_05494.png,effective alleviation of his painful malady .
trocr_data/train_images/train_05495.png,"was here , I understand , but an express took"
trocr_data/train_images/train_05496.png,years before had had the slightest effect .
trocr_data/train_images/train_05497.png,there had opened a new chapter in the
trocr_data/train_images/train_05498.png,prophet that all may go well . Sir R. Peel
trocr_data/train_images/train_05499.png,symptoms had first shown themselves seventeen
trocr_data/train_images/train_05500.png,"God grant , however , that I may be a false"
trocr_data/train_images/train_05501.png,him off yesterday . ' While he was in Naples
trocr_data/train_images/train_05502.png,None of the numerous conventional remedies to
trocr_data/train_images/train_05503.png,known as homoeopathy had been brought to
trocr_data/train_images/train_05504.png,"of death , the new German curative method"
trocr_data/train_images/train_05505.png,"in the 1960s , no cure has been found for"
trocr_data/train_images/train_05506.png,his notice .
trocr_data/train_images/train_05507.png,"Nor is this to be wondered at , for even today ,"
trocr_data/train_images/train_05508.png,Anglesey believed himself to be on the point
trocr_data/train_images/train_05509.png,"the 6tic douloureux . As early as 1830 , when"
trocr_data/train_images/train_05510.png,"Nor is this to be wondered at , for even"
trocr_data/train_images/train_05511.png,"today , in the 1960s , no cure has been"
trocr_data/train_images/train_05512.png,found for the 6tic douloureux . As early
trocr_data/train_images/train_05513.png,German curative method known as
trocr_data/train_images/train_05514.png,"to be on the point of death , the new"
trocr_data/train_images/train_05515.png,his notice .
trocr_data/train_images/train_05516.png,"as 1830 , when Anglesey believed himself"
trocr_data/train_images/train_05517.png,homoeopathy had been brought to
trocr_data/train_images/train_05518.png,Anglesey believed himself to be on the point of
trocr_data/train_images/train_05519.png,"6tic douloureux . As early as 1830 , when"
trocr_data/train_images/train_05520.png,homoeopathy had been brought to his notice .
trocr_data/train_images/train_05521.png,"Nor is this to be wondered at , for even today , in"
trocr_data/train_images/train_05522.png,"the 1960s , no cure has been found for the"
trocr_data/train_images/train_05523.png,"death , the new German curative method known as"
trocr_data/train_images/train_05524.png,"1960s , no cure has been found for the 6tic douloureux ."
trocr_data/train_images/train_05525.png,"on the point of death , the new German curative method"
trocr_data/train_images/train_05526.png,known as homoeopathy had been brought to his notice .
trocr_data/train_images/train_05527.png,"As early as 1830 , when Anglesey believed himself to be"
trocr_data/train_images/train_05528.png,"Nor is this to be wondered at , for even today , in the"
trocr_data/train_images/train_05529.png,"1960s , no cure has been found for the 6tic"
trocr_data/train_images/train_05530.png,curative method known as homoeopathy had been
trocr_data/train_images/train_05531.png,brought to his notice .
trocr_data/train_images/train_05532.png,"douloureux . As early as 1830 , when Anglesey believed"
trocr_data/train_images/train_05533.png,"himself to be on the point of death , the new German"
trocr_data/train_images/train_05534.png,"Nor is this to be wondered at , for even today , in the"
trocr_data/train_images/train_05535.png,brought to his notice .
trocr_data/train_images/train_05536.png,"1830 , when Anglesey believed himself to be on the point of death ,"
trocr_data/train_images/train_05537.png,"Nor is this to be wondered at , for even today , in the 1960s ,"
trocr_data/train_images/train_05538.png,the new German curative method known as homoeopathy had been
trocr_data/train_images/train_05539.png,no cure has been found for the 6tic douloureux . As early as
trocr_data/train_images/train_05540.png,"Nor is this to be wondered at , for even today , in the 1960s ,"
trocr_data/train_images/train_05541.png,"early as 1830 , when Anglesey believed himself to be on the"
trocr_data/train_images/train_05542.png,homoeopathy had been brought to his notice .
trocr_data/train_images/train_05543.png,no cure has been found for the 6tic douloureux . As
trocr_data/train_images/train_05544.png,"point of death , the new German curative method known as"
trocr_data/train_images/train_05545.png,"Nor is this to be wondered at , for even today , in"
trocr_data/train_images/train_05546.png,method known as homoeopathy had been
trocr_data/train_images/train_05547.png,"6tic douloureux . As early as 1830 , when"
trocr_data/train_images/train_05548.png,brought to his notice .
trocr_data/train_images/train_05549.png,"point of death , the new German curative"
trocr_data/train_images/train_05550.png,Anglesey believed himself to be on the
trocr_data/train_images/train_05551.png,"the 1960s , no cure has been found for the"
trocr_data/train_images/train_05552.png,as homoeopathy had been brought to his notice .
trocr_data/train_images/train_05553.png,"Nor is this to be wondered at , for even today , in the"
trocr_data/train_images/train_05554.png,"1960s , no cure has been found for the 6tic douloureux . As"
trocr_data/train_images/train_05555.png,"early as 1830 , when Anglesey believed himself to be on"
trocr_data/train_images/train_05556.png,"the point of death , the new German curative method known"
trocr_data/train_images/train_05557.png,"Nor is this to be wondered at , for even today ,"
trocr_data/train_images/train_05558.png,"the 6tic douloureux . As early as 1830 , when"
trocr_data/train_images/train_05559.png,"point of death , the new German curative"
trocr_data/train_images/train_05560.png,Anglesey believed himself to be on the
trocr_data/train_images/train_05561.png,method known as homoeopathy had been
trocr_data/train_images/train_05562.png,"in the 1960s , no cure has been found for"
trocr_data/train_images/train_05563.png,brought to his notice .
trocr_data/train_images/train_05564.png,"the 1960s , no cure has been found for the"
trocr_data/train_images/train_05565.png,"6tic douloureux . As early as 1830 , when Anglesey"
trocr_data/train_images/train_05566.png,homoeopathy had been brought to his notice .
trocr_data/train_images/train_05567.png,"believed himself to be on the point of death ,"
trocr_data/train_images/train_05568.png,"Nor is this to be wondered at , for even today , in"
trocr_data/train_images/train_05569.png,the new German curative method known as
trocr_data/train_images/train_05570.png,"As early as 1830 , when Anglesey believed himself to be"
trocr_data/train_images/train_05571.png,known as homoeopathy had been brought to his notice .
trocr_data/train_images/train_05572.png,"on the point of death , the new German curative method"
trocr_data/train_images/train_05573.png,"1960s , no cure has been found for the 6tic douloureux ."
trocr_data/train_images/train_05574.png,"Nor is this to be wondered at , for even today , in the"
trocr_data/train_images/train_05575.png,"point of death , the new German curative"
trocr_data/train_images/train_05576.png,"in the 1960s , no cure has been found for the"
trocr_data/train_images/train_05577.png,method known as homoeopathy had
trocr_data/train_images/train_05578.png,"Nor is this to be wondered at , for even today ,"
trocr_data/train_images/train_05579.png,been brought to his notice .
trocr_data/train_images/train_05580.png,Anglesey believed himself to be on the
trocr_data/train_images/train_05581.png,"6tic douloureux . As early as 1830 , when"
trocr_data/train_images/train_05582.png,"had studied under its founder , the aged"
trocr_data/train_images/train_05583.png,that it was being cultivated with extraordinary
trocr_data/train_images/train_05584.png,himself was being treated under a doctor who
trocr_data/train_images/train_05585.png,"advise Anglesey to give the system a trial , adding"
trocr_data/train_images/train_05586.png,"the diplomatist Lord Ponsonby , had written to"
trocr_data/train_images/train_05587.png,"In April of that year his first wife's brother-in-law ,"
trocr_data/train_images/train_05588.png,Dr. Samuel Hahnemann .
trocr_data/train_images/train_05589.png,"success in France and Italy , and that he"
trocr_data/train_images/train_05590.png,"give the system a trial , adding that it"
trocr_data/train_images/train_05591.png,"success in France and Italy , and that"
trocr_data/train_images/train_05592.png,In April of that year his first wife's
trocr_data/train_images/train_05593.png,"founder , the aged Dr. Samuel"
trocr_data/train_images/train_05594.png,he himself was being treated under a
trocr_data/train_images/train_05595.png,was being cultivated with extraordinary
trocr_data/train_images/train_05596.png,"brother-in-law , the diplomatist Lord"
trocr_data/train_images/train_05597.png,"Ponsonby , had written to advise Anglesey to"
trocr_data/train_images/train_05598.png,Hahnemann .
trocr_data/train_images/train_05599.png,doctor who had studied under its
trocr_data/train_images/train_05600.png,"France and Italy , and that he himself was being"
trocr_data/train_images/train_05601.png,"the diplomatist Lord Ponsonby , had written to advise"
trocr_data/train_images/train_05602.png,it was being cultivated with extraordinary success in
trocr_data/train_images/train_05603.png,"its founder , the aged Dr. Samuel Hahnemann ."
trocr_data/train_images/train_05604.png,"In April of that year his first wife's brother-in-law ,"
trocr_data/train_images/train_05605.png,treated under a doctor who had studied under
trocr_data/train_images/train_05606.png,"Anglesey to give the system a trial , adding that"
trocr_data/train_images/train_05607.png,and that he himself was being treated under a doctor
trocr_data/train_images/train_05608.png,"who had studied under its founder , the aged Dr. Samuel"
trocr_data/train_images/train_05609.png,"cultivated with extraordinary success in France and Italy ,"
trocr_data/train_images/train_05610.png,"diplomatist Lord Ponsonby , had written to advise Anglesey"
trocr_data/train_images/train_05611.png,"to give the system a trial , adding that it was being"
trocr_data/train_images/train_05612.png,Hahnemann .
trocr_data/train_images/train_05613.png,"In April of that year his first wife's brother-in-law , the"
trocr_data/train_images/train_05614.png,"cultivated with extraordinary success in France and Italy ,"
trocr_data/train_images/train_05615.png,and that he himself was being treated under a doctor
trocr_data/train_images/train_05616.png,"who had studied under its founder , the aged Dr. Samuel"
trocr_data/train_images/train_05617.png,"In April of that year his first wife's brother-in-law , the"
trocr_data/train_images/train_05618.png,Hahnemann .
trocr_data/train_images/train_05619.png,"diplomatist Lord Ponsonby , had written to advise Anglesey"
trocr_data/train_images/train_05620.png,"to give the system a trial , adding that it was being"
trocr_data/train_images/train_05621.png,"system a trial , adding that it was being cultivated with extraordinary"
trocr_data/train_images/train_05622.png,Samuel Hahnemann .
trocr_data/train_images/train_05623.png,"success in France and Italy , and that he himself was being treated"
trocr_data/train_images/train_05624.png,"under a doctor who had studied under its founder , the aged Dr."
trocr_data/train_images/train_05625.png,"In April of that year his first wife's brother-in-law , the"
trocr_data/train_images/train_05626.png,"diplomatist Lord Ponsonby , had written to advise Anglesey to give the"
trocr_data/train_images/train_05627.png,"In April of that year his first wife's brother-in-law , the"
trocr_data/train_images/train_05628.png,"diplomatist Lord Ponsonby , had written to advise Anglesey"
trocr_data/train_images/train_05629.png,"to give the system a trial , adding that it was being cultivated"
trocr_data/train_images/train_05630.png,"with extraordinary success in France and Italy , and that he"
trocr_data/train_images/train_05631.png,"under its founder , the aged Dr. Samuel Hahnemann ."
trocr_data/train_images/train_05632.png,himself was being treated under a doctor who had studied
trocr_data/train_images/train_05633.png,"success in France and Italy , and that he"
trocr_data/train_images/train_05634.png,himself was being treated under a doctor who
trocr_data/train_images/train_05635.png,that it was being cultivated with extraordinary
trocr_data/train_images/train_05636.png,Dr. Samuel Hahnemann .
trocr_data/train_images/train_05637.png,"advise Anglesey to give the system a trial , adding"
trocr_data/train_images/train_05638.png,"had studied under its founder , the aged"
trocr_data/train_images/train_05639.png,"In April of that year his first wife's brother-in-law ,"
trocr_data/train_images/train_05640.png,"the diplomatist Lord Ponsonby , had written to"
trocr_data/train_images/train_05641.png,"Italy , and that he himself was being treated under a"
trocr_data/train_images/train_05642.png,"the diplomatist Lord Ponsonby , had written to advise"
trocr_data/train_images/train_05643.png,being cultivated with extraordinary success in France and
trocr_data/train_images/train_05644.png,"doctor who had studied under its founder , the aged"
trocr_data/train_images/train_05645.png,Dr. Samuel Hahnemann .
trocr_data/train_images/train_05646.png,"Anglesey to give the system a trial , adding that it was"
trocr_data/train_images/train_05647.png,"In April of that year his first wife's brother-in-law ,"
trocr_data/train_images/train_05648.png,with extraordinary success in France and
trocr_data/train_images/train_05649.png,treated under a doctor who had studied
trocr_data/train_images/train_05650.png,In April of that year his first wife's brother-
trocr_data/train_images/train_05651.png,"Italy , and that he himself was being"
trocr_data/train_images/train_05652.png,"a trial , adding that it was being cultivated"
trocr_data/train_images/train_05653.png,written to advise Anglesey to give the system
trocr_data/train_images/train_05654.png,"in-law , the diplomatist Lord Ponsonby , had"
trocr_data/train_images/train_05655.png,Hahnemann .
trocr_data/train_images/train_05656.png,"under its founder , the aged Dr. Samuel"
trocr_data/train_images/train_05657.png,"In April of that year his first wife's brother-in-law ,"
trocr_data/train_images/train_05658.png,was being cultivated with extraordinary success in
trocr_data/train_images/train_05659.png,"France and Italy , and that he himself was being"
trocr_data/train_images/train_05660.png,"Anglesey to give the system a trial , adding that it"
trocr_data/train_images/train_05661.png,"its founder , the aged Dr. Samuel Hahnemann ."
trocr_data/train_images/train_05662.png,treated under a doctor who had studied under
trocr_data/train_images/train_05663.png,"the diplomatist Lord Ponsonby , had written to advise"
trocr_data/train_images/train_05664.png,"Italy , and that he himself was being treated under a"
trocr_data/train_images/train_05665.png,Dr. Samuel Hahnemann .
trocr_data/train_images/train_05666.png,"In April of that year his first wife's brother-in-law , the"
trocr_data/train_images/train_05667.png,"diplomatist Lord Ponsonby , had written to advise Anglesey"
trocr_data/train_images/train_05668.png,cultivated with extraordinary success in France and
trocr_data/train_images/train_05669.png,"doctor who had studied under its founder , the aged"
trocr_data/train_images/train_05670.png,"to give the system a trial , adding that it was being"
trocr_data/train_images/train_05671.png,cultivated with extraordinary success in
trocr_data/train_images/train_05672.png,being treated under a doctor who had
trocr_data/train_images/train_05673.png,Dr. Samuel Hahnemann .
trocr_data/train_images/train_05674.png,In April of that year his first wife's
trocr_data/train_images/train_05675.png,"France and Italy , and that he himself was"
trocr_data/train_images/train_05676.png,"brother-in-law , the diplomatist Lord Ponsonby ,"
trocr_data/train_images/train_05677.png,had written to advise Anglesey to give the
trocr_data/train_images/train_05678.png,"system a trial , adding that it was being"
trocr_data/train_images/train_05679.png,"studied under its founder , the aged"
trocr_data/train_images/train_05680.png,among unorthodox medical men in the cities
trocr_data/train_images/train_05681.png,"Dr Giuseppe Mauro , whom Anglesey consulted"
trocr_data/train_images/train_05682.png,as ' more like a God upon earth than a human
trocr_data/train_images/train_05683.png,"This remarkable man of medicine , whom Sir Francis"
trocr_data/train_images/train_05684.png,"being ' , had an increasing number of disciples"
trocr_data/train_images/train_05685.png,Burdett described to Anglesey a year or two later
trocr_data/train_images/train_05686.png,in May 1834 .
trocr_data/train_images/train_05687.png,"of Europe . One of these was the Neapolitan ,"
trocr_data/train_images/train_05688.png,later as ' more like a God upon earth than
trocr_data/train_images/train_05689.png,of disciples among unorthodox medical men
trocr_data/train_images/train_05690.png,"was the Neapolitan , Dr Giuseppe Mauro ,"
trocr_data/train_images/train_05691.png,Burdett described to Anglesey a year or two
trocr_data/train_images/train_05692.png,in the cities of Europe . One of these
trocr_data/train_images/train_05693.png,"This remarkable man of medicine , whom Sir Francis"
trocr_data/train_images/train_05694.png,"a human being ' , had an increasing number"
trocr_data/train_images/train_05695.png,whom Anglesey consulted in May 1834 .
trocr_data/train_images/train_05696.png,disciples among unorthodox medical men in the
trocr_data/train_images/train_05697.png,cities of Europe . One of these was the
trocr_data/train_images/train_05698.png,"a human being ' , had an increasing number of"
trocr_data/train_images/train_05699.png,consulted in May 1834 .
trocr_data/train_images/train_05700.png,later as ' more like a God upon earth than
trocr_data/train_images/train_05701.png,"This remarkable man of medicine , whom Sir Francis"
trocr_data/train_images/train_05702.png,"Neapolitan , Dr Giuseppe Mauro , whom Anglesey"
trocr_data/train_images/train_05703.png,Burdett described to Anglesey a year or two
trocr_data/train_images/train_05704.png,"' more like a God upon earth than a human being ' ,"
trocr_data/train_images/train_05705.png,had an increasing number of disciples among unorthodox
trocr_data/train_images/train_05706.png,consulted in May 1834 .
trocr_data/train_images/train_05707.png,Burdett described to Anglesey a year or two later as
trocr_data/train_images/train_05708.png,"This remarkable man of medicine , whom Sir Francis"
trocr_data/train_images/train_05709.png,"was the Neapolitan , Dr Giuseppe Mauro , whom Anglesey"
trocr_data/train_images/train_05710.png,medical men in the cities of Europe . One of these
trocr_data/train_images/train_05711.png,of disciples among unorthodox medical men in the cities of
trocr_data/train_images/train_05712.png,described to Anglesey a year or two later as ' more like a God
trocr_data/train_images/train_05713.png,whom Anglesey consulted in May 1834 .
trocr_data/train_images/train_05714.png,"This remarkable man of medicine , whom Sir Francis Burdett"
trocr_data/train_images/train_05715.png,"Europe . One of these was the Neapolitan , Dr Giuseppe Mauro ,"
trocr_data/train_images/train_05716.png,"upon earth than a human being ' , had an increasing number"
trocr_data/train_images/train_05717.png,to Anglesey a year or two later as ' more like a God upon earth
trocr_data/train_images/train_05718.png,unorthodox medical men in the cities of Europe . One of these was
trocr_data/train_images/train_05719.png,"than a human being ' , had an increasing number of disciples among"
trocr_data/train_images/train_05720.png,"This remarkable man of medicine , whom Sir Francis Burdett described"
trocr_data/train_images/train_05721.png,"the Neapolitan , Dr Giuseppe Mauro , whom Anglesey consulted in"
trocr_data/train_images/train_05722.png,May 1834 .
trocr_data/train_images/train_05723.png,increasing number of disciples among unorthodox medical
trocr_data/train_images/train_05724.png,"This remarkable man of medicine , whom Sir Francis"
trocr_data/train_images/train_05725.png,"men in the cities of Europe . One of these was the Neapolitan ,"
trocr_data/train_images/train_05726.png,"Dr Giuseppe Mauro , whom Anglesey consulted in May 1834 ."
trocr_data/train_images/train_05727.png,Burdett described to Anglesey a year or two later as
trocr_data/train_images/train_05728.png,"' more like a God upon earth than a human being ' , had an"
trocr_data/train_images/train_05729.png,had an increasing number of disciples among
trocr_data/train_images/train_05730.png,"One of these was the Neapolitan , Dr Giuseppe Mauro ,"
trocr_data/train_images/train_05731.png,Burdett described to Anglesey a year or two later as
trocr_data/train_images/train_05732.png,"' more like a God upon earth than a human being ' ,"
trocr_data/train_images/train_05733.png,"This remarkable man of medicine , whom Sir Francis"
trocr_data/train_images/train_05734.png,unorthodox medical men in the cities of Europe .
trocr_data/train_images/train_05735.png,whom Anglesey consulted in May 1834 .
trocr_data/train_images/train_05736.png,medical men in the cities of Europe . One of these
trocr_data/train_images/train_05737.png,"' more like a God upon earth than a human being ' , had"
trocr_data/train_images/train_05738.png,Burdett described to Anglesey a year or two later as
trocr_data/train_images/train_05739.png,Anglesey consulted in May 1834 .
trocr_data/train_images/train_05740.png,an increasing number of disciples among unorthodox
trocr_data/train_images/train_05741.png,"was the Neapolitan , Dr Giuseppe Mauro , whom"
trocr_data/train_images/train_05742.png,"This remarkable man of medicine , whom Sir Francis"
trocr_data/train_images/train_05743.png,year or two later as ' more like a God
trocr_data/train_images/train_05744.png,"of Europe . One of these was the Neapolitan ,"
trocr_data/train_images/train_05745.png,"This remarkable man of medicine , whom Sir"
trocr_data/train_images/train_05746.png,consulted in May 1834 .
trocr_data/train_images/train_05747.png,"upon earth than a human being ' , had"
trocr_data/train_images/train_05748.png,Francis Burdett described to Anglesey a
trocr_data/train_images/train_05749.png,"Dr Giuseppe Mauro , whom Anglesey"
trocr_data/train_images/train_05750.png,an increasing number of disciples among
trocr_data/train_images/train_05751.png,unorthodox medical men in the cities
trocr_data/train_images/train_05752.png,"This remarkable man of medicine , whom Sir"
trocr_data/train_images/train_05753.png,"a human being ' , had an increasing number of"
trocr_data/train_images/train_05754.png,May 1834 .
trocr_data/train_images/train_05755.png,"Dr Giuseppe Mauro , whom Anglesey consulted in"
trocr_data/train_images/train_05756.png,disciples among unorthodox medical men in the
trocr_data/train_images/train_05757.png,Francis Burdett described to Anglesey a year or two
trocr_data/train_images/train_05758.png,"cities of Europe . One of these was the Neapolitan ,"
trocr_data/train_images/train_05759.png,later as ' more like a God upon earth than
trocr_data/train_images/train_05760.png,"This remarkable man of medicine , whom Sir Francis"
trocr_data/train_images/train_05761.png,Burdett described to Anglesey a year or two later as
trocr_data/train_images/train_05762.png,unorthodox medical men in the cities of Europe .
trocr_data/train_images/train_05763.png,whom Anglesey consulted in May 1834 .
trocr_data/train_images/train_05764.png,had an increasing number of disciples among
trocr_data/train_images/train_05765.png,"One of these was the Neapolitan , Dr Giuseppe Mauro ,"
trocr_data/train_images/train_05766.png,"' more like a God upon earth than a human being ' ,"
trocr_data/train_images/train_05767.png,"This remarkable man of medicine , whom Sir"
trocr_data/train_images/train_05768.png,consulted in May 1834 .
trocr_data/train_images/train_05769.png,year or two later as ' more like a God
trocr_data/train_images/train_05770.png,increasing number of disciples among
trocr_data/train_images/train_05771.png,unorthodox medical men in the cities of
trocr_data/train_images/train_05772.png,Francis Burdett described to Anglesey a
trocr_data/train_images/train_05773.png,"upon earth than a human being ' , had an"
trocr_data/train_images/train_05774.png,"Europe . One of these was the Neapolitan ,"
trocr_data/train_images/train_05775.png,"Dr Giuseppe Mauro , whom Anglesey"
trocr_data/train_images/train_05776.png,In doing so he described his distinguished patient
trocr_data/train_images/train_05777.png,and his symptoms . He told Hahnemann that he
trocr_data/train_images/train_05778.png,"persevering , ' but he appears to despair of ever"
trocr_data/train_images/train_05779.png,"found Anglesey a strong , energetic man with a"
trocr_data/train_images/train_05780.png,"and sedate , not easily irritated , patient and"
trocr_data/train_images/train_05781.png,"master at Ko""then , near Leipzig , asking for advice ."
trocr_data/train_images/train_05782.png,Mauro's first action was to write to his revered
trocr_data/train_images/train_05783.png,being cured . '
trocr_data/train_images/train_05784.png,"gentle and charming character , even-tempered"
trocr_data/train_images/train_05785.png,despair of ever being cured . '
trocr_data/train_images/train_05786.png,"with a gentle and charming character ,"
trocr_data/train_images/train_05787.png,"patient and persevering , ' but he appears to"
trocr_data/train_images/train_05788.png,Mauro's first action was to write to his revered
trocr_data/train_images/train_05789.png,advice . In doing so he described his distinguished
trocr_data/train_images/train_05790.png,"that he found Anglesey a strong , energetic man"
trocr_data/train_images/train_05791.png,"master at Ko""then , near Leipzig , asking for"
trocr_data/train_images/train_05792.png,patient and his symptoms . He told Hahnemann
trocr_data/train_images/train_05793.png,"even-tempered and sedate , not easily irritated ,"
trocr_data/train_images/train_05794.png,Mauro's first action was to write to his revered
trocr_data/train_images/train_05795.png,patient and his symptoms . He told Hahnemann
trocr_data/train_images/train_05796.png,"that he found Anglesey a strong , energetic man"
trocr_data/train_images/train_05797.png,"persevering , ' but he appears to despair of"
trocr_data/train_images/train_05798.png,advice . In doing so he described his distinguished
trocr_data/train_images/train_05799.png,"and sedate , not easily irritated , patient and"
trocr_data/train_images/train_05800.png,ever being cured . '
trocr_data/train_images/train_05801.png,"master at Ko""then , near Leipzig , asking for"
trocr_data/train_images/train_05802.png,"with a gentle and charming character , even-tempered"
trocr_data/train_images/train_05803.png,In doing so he described his distinguished patient
trocr_data/train_images/train_05804.png,Mauro's first action was to write to his revered
trocr_data/train_images/train_05805.png,"easily irritated , patient and persevering ,"
trocr_data/train_images/train_05806.png,' but he appears to despair of ever being cured . '
trocr_data/train_images/train_05807.png,"Anglesey a strong , energetic man with a gentle and"
trocr_data/train_images/train_05808.png,and his symptoms . He told Hahnemann that he found
trocr_data/train_images/train_05809.png,"master at Ko""then , near Leipzig , asking for advice ."
trocr_data/train_images/train_05810.png,"charming character , even-tempered and sedate , not"
trocr_data/train_images/train_05811.png,described his distinguished patient and his symptoms . He
trocr_data/train_images/train_05812.png,"man with a gentle and charming character , even-tempered"
trocr_data/train_images/train_05813.png,' but he appears to despair of ever being cured . '
trocr_data/train_images/train_05814.png,"and sedate , not easily irritated , patient and persevering ,"
trocr_data/train_images/train_05815.png,"Ko""then , near Leipzig , asking for advice . In doing so he"
trocr_data/train_images/train_05816.png,"told Hahnemann that he found Anglesey a strong , energetic"
trocr_data/train_images/train_05817.png,Mauro's first action was to write to his revered master at
trocr_data/train_images/train_05818.png,"character , even-tempered and sedate , not easily irritated , patient and"
trocr_data/train_images/train_05819.png,"near Leipzig , asking for advice . In doing so he described his"
trocr_data/train_images/train_05820.png,"found Anglesey a strong , energetic man with a gentle and charming"
trocr_data/train_images/train_05821.png,"Mauro's first action was to write to his revered master at Ko""then ,"
trocr_data/train_images/train_05822.png,distinguished patient and his symptoms . He told Hahnemann that he
trocr_data/train_images/train_05823.png,"persevering , ' but he appears to despair of ever being cured . '"
trocr_data/train_images/train_05824.png,described his distinguished patient and his symptoms . He told
trocr_data/train_images/train_05825.png,Mauro's first action was to write to his revered master
trocr_data/train_images/train_05826.png,"at Ko""then , near Leipzig , asking for advice . In doing so he"
trocr_data/train_images/train_05827.png,"sedate , not easily irritated , patient and persevering , ' but he"
trocr_data/train_images/train_05828.png,"with a gentle and charming character , even-tempered and"
trocr_data/train_images/train_05829.png,appears to despair of ever being cured . '
trocr_data/train_images/train_05830.png,"Hahnemann that he found Anglesey a strong , energetic man"
trocr_data/train_images/train_05831.png,"at Ko""then , near Leipzig , asking for advice . In doing"
trocr_data/train_images/train_05832.png,Mauro's first action was to write to his revered master
trocr_data/train_images/train_05833.png,so he described his distinguished patient and his
trocr_data/train_images/train_05834.png,"irritated , patient and persevering , ' but he appears"
trocr_data/train_images/train_05835.png,to despair of ever being cured . '
trocr_data/train_images/train_05836.png,"character , even-tempered and sedate , not easily"
trocr_data/train_images/train_05837.png,symptoms . He told Hahnemann that he found Anglesey
trocr_data/train_images/train_05838.png,"a strong , energetic man with a gentle and charming"
trocr_data/train_images/train_05839.png,he described his distinguished patient and his symptoms .
trocr_data/train_images/train_05840.png,Mauro's first action was to write to his revered master
trocr_data/train_images/train_05841.png,cured . '
trocr_data/train_images/train_05842.png,"energetic man with a gentle and charming character ,"
trocr_data/train_images/train_05843.png,"at Ko""then , near Leipzig , asking for advice . In doing so"
trocr_data/train_images/train_05844.png,"and persevering , ' but he appears to despair of ever being"
trocr_data/train_images/train_05845.png,"even-tempered and sedate , not easily irritated , patient"
trocr_data/train_images/train_05846.png,"He told Hahnemann that he found Anglesey a strong ,"
trocr_data/train_images/train_05847.png,cured . '
trocr_data/train_images/train_05848.png,"irritated , patient and persevering , ' but"
trocr_data/train_images/train_05849.png,he appears to despair of ever being
trocr_data/train_images/train_05850.png,advice . In doing so he described his distinguished
trocr_data/train_images/train_05851.png,patient and his symptoms . He told Hahnemann
trocr_data/train_images/train_05852.png,"even-tempered and sedate , not easily"
trocr_data/train_images/train_05853.png,"master at Ko""then , near Leipzig , asking for"
trocr_data/train_images/train_05854.png,Mauro's first action was to write to his revered
trocr_data/train_images/train_05855.png,"man with a gentle and charming character ,"
trocr_data/train_images/train_05856.png,"that he found Anglesey a strong , energetic"
trocr_data/train_images/train_05857.png,"charming character , even-tempered and sedate ,"
trocr_data/train_images/train_05858.png,for advice . In doing so he described his
trocr_data/train_images/train_05859.png,told Hahnemann that he found Anglesey a
trocr_data/train_images/train_05860.png,Mauro's first action was to write to his revered
trocr_data/train_images/train_05861.png,distinguished patient and his symptoms . He
trocr_data/train_images/train_05862.png,"strong , energetic man with a gentle and"
trocr_data/train_images/train_05863.png,"not easily irritated , patient and persevering ,"
trocr_data/train_images/train_05864.png,"master at Ko""then , near Leipzig , asking"
trocr_data/train_images/train_05865.png,' but he appears to despair of ever being cured . '
trocr_data/train_images/train_05866.png,' but he appears to despair of ever being cured . '
trocr_data/train_images/train_05867.png,"Anglesey a strong , energetic man with a gentle and"
trocr_data/train_images/train_05868.png,Mauro's first action was to write to his revered
trocr_data/train_images/train_05869.png,"not easily irritated , patient and persevering ,"
trocr_data/train_images/train_05870.png,"charming character , even-tempered and sedate ,"
trocr_data/train_images/train_05871.png,In doing so he described his distinguished patient and
trocr_data/train_images/train_05872.png,"master at Ko""then , near Leipzig , asking for advice ."
trocr_data/train_images/train_05873.png,his symptoms . He told Hahnemann that he found
trocr_data/train_images/train_05874.png,"persevering , ' but he appears to despair"
trocr_data/train_images/train_05875.png,"revered master at Ko""then , near Leipzig , asking"
trocr_data/train_images/train_05876.png,distinguished patient and his symptoms . He
trocr_data/train_images/train_05877.png,"sedate , not easily irritated , patient and"
trocr_data/train_images/train_05878.png,"strong , energetic man with a gentle and"
trocr_data/train_images/train_05879.png,for advice . In doing so he described his
trocr_data/train_images/train_05880.png,of ever being cured . '
trocr_data/train_images/train_05881.png,told Hahnemann that he found Anglesey a
trocr_data/train_images/train_05882.png,Mauro's first action was to write to his
trocr_data/train_images/train_05883.png,"charming character , even-tempered and"
trocr_data/train_images/train_05884.png,and of course with lower tax reliefs and
trocr_data/train_images/train_05885.png,couples ( probably because of the
trocr_data/train_images/train_05886.png,many of which were incomplete families
trocr_data/train_images/train_05887.png,"of younger parents with lower earnings ,"
trocr_data/train_images/train_05888.png,was appreciably higher in families with
trocr_data/train_images/train_05889.png,"several children than in those with only ,"
trocr_data/train_images/train_05890.png,incomes between 1954 and 1959 was great-
trocr_data/train_images/train_05891.png,no family allowances . The rise in net family
trocr_data/train_images/train_05892.png,"est for childless couples , especially older"
trocr_data/train_images/train_05893.png,"Nevertheless , average net family income"
trocr_data/train_images/train_05894.png,couples and couples with one child .
trocr_data/train_images/train_05895.png,"children and those with one child , and much smaller"
trocr_data/train_images/train_05896.png,showed increases of 4 to 6 per cent for couples without
trocr_data/train_images/train_05897.png,"index , which has risen only slowly since 1956 , was"
trocr_data/train_images/train_05898.png,households and by 1-2 per cent for younger childless
trocr_data/train_images/train_05899.png,changes for couples with several children . The quantity
trocr_data/train_images/train_05900.png,almost unchanged in 1959 for couples with two or more
trocr_data/train_images/train_05901.png,"children , but rose by 3 per cent in the older two-adult"
trocr_data/train_images/train_05902.png,"Compared with 1958 , the expenditure index for 1959"
trocr_data/train_images/train_05903.png,"As in 1958 , younger couples paid some 12 12 per cent"
trocr_data/train_images/train_05904.png,compares the prices paid by different types of household
trocr_data/train_images/train_05905.png,for whom the index declined from 91 to 88 . Table 27
trocr_data/train_images/train_05906.png,diet in 1959 .
trocr_data/train_images/train_05907.png,for the commodities constituting the average household
trocr_data/train_images/train_05908.png,"more per calorie than the national average , and families"
trocr_data/train_images/train_05909.png,with four or more children 19 per cent less . The only
trocr_data/train_images/train_05910.png,"substantial change was in families with three children ,"
trocr_data/train_images/train_05911.png,also shows the corresponding values of an index which
trocr_data/train_images/train_05912.png,in younger two-adult households to 4.8 per cent below in families with
trocr_data/train_images/train_05913.png,all households in the sample .
trocr_data/train_images/train_05914.png,"four or more children , compared with 3.6 to -5.4 per cent in 1958"
trocr_data/train_images/train_05915.png,For all foods the range was from 3.6 per cent above the national average
trocr_data/train_images/train_05916.png,in which the index fell by 1.8 to 97.5 per cent of the average for
trocr_data/train_images/train_05917.png,"and 2.8 to -2.6 per cent in 1957 . As with the price of energy index ,"
trocr_data/train_images/train_05918.png,"the only noteworthy change was for households with three children ,"
trocr_data/train_images/train_05919.png,which have been carried out .
trocr_data/train_images/train_05920.png,"are highway payments , clearance payments ( for clearing remains of"
trocr_data/train_images/train_05921.png,5 . Other forms of war damage payment made by the Commission
trocr_data/train_images/train_05922.png,differing in certain important ways from the ordinary cost of
trocr_data/train_images/train_05923.png,"structures from "" total loss "" sites ) and church payments . Although"
trocr_data/train_images/train_05924.png,"works payments , the sums paid under these heads have the"
trocr_data/train_images/train_05925.png,common feature that they are all payments in respect of works
trocr_data/train_images/train_05926.png,"the answer . Disturbed by vague uneasiness , she"
trocr_data/train_images/train_05927.png,"on that point , for she was certain no one"
trocr_data/train_images/train_05928.png,could not have overheard anything they
trocr_data/train_images/train_05929.png,"her fan , in passing ; but she did not wait for"
trocr_data/train_images/train_05930.png,"asked idly , tapping the girl's cheek lightly with"
trocr_data/train_images/train_05931.png,had been standing near them .
trocr_data/train_images/train_05932.png,"' Are you enjoying yourself , Olimpia ? ' she"
trocr_data/train_images/train_05933.png,was wondering whether Olimpia had been
trocr_data/train_images/train_05934.png,watching her talk with Orsini . Surely she
trocr_data/train_images/train_05935.png,said ? A moment's reflection reassured her
trocr_data/train_images/train_05936.png,put Vittoria on guard . ' Santa Maria ! These spying
trocr_data/train_images/train_05937.png,"stopping on the way , to point out , with childish pride ,"
trocr_data/train_images/train_05938.png,"information , which held no interest for her :"
trocr_data/train_images/train_05939.png,"fringe of the party , caught snatches of this"
trocr_data/train_images/train_05940.png,"objects of beauty or interest . Vittoria , on the"
trocr_data/train_images/train_05941.png,' ... now this sapphire ...
trocr_data/train_images/train_05942.png,"However , something inimical in the girl's look"
trocr_data/train_images/train_05943.png,"eyes ! ' she thought , bitterly . Doria was continually"
trocr_data/train_images/train_05944.png,leisurely fashion his few possessions into a ramshackle and
trocr_data/train_images/train_05945.png,"along . "" To her great relief they arrived at the cluster of little houses"
trocr_data/train_images/train_05946.png,where Hubert had been living to find the old man stowing in
trocr_data/train_images/train_05947.png,"said shortly . "" Personally I 've no more to say , so I suggest we get"
trocr_data/train_images/train_05948.png,"in her quivering flesh . "" You 've an answer - of sorts - for everything , "" she"
trocr_data/train_images/train_05949.png,"incredibly ancient car , surrounded by innumerable friends and relatives ."
trocr_data/train_images/train_05950.png,"She was tempted to laugh , but it was as though that barb still stuck"
trocr_data/train_images/train_05951.png,everything had gone over her head . It didn't really
trocr_data/train_images/train_05952.png,matter what was being said because she was
trocr_data/train_images/train_05953.png,"face pale . Philip , she knew , got on his nerves , but"
trocr_data/train_images/train_05954.png,"retorted and in that second , he became the man of"
trocr_data/train_images/train_05955.png,success exerting authority . Sandra watched her father's
trocr_data/train_images/train_05956.png,Philip bristled . ' It was never our intention
trocr_data/train_images/train_05957.png,no longer a part of it .
trocr_data/train_images/train_05958.png,"to have one of those carnival affairs , ' he"
trocr_data/train_images/train_05959.png,"The thought of Nicholas haunted her , the sense of"
trocr_data/train_images/train_05960.png,of our friends at the ceremony . '
trocr_data/train_images/train_05961.png,"he said , ' I was not talking of a carnival . But I"
trocr_data/train_images/train_05962.png,presume we shall be allowed to have one or two
trocr_data/train_images/train_05963.png,loss crucifying . Her father's comment roused her as
trocr_data/train_images/train_05964.png,"their share , and there were precious few"
trocr_data/train_images/train_05965.png,self-employed . By the time his monthly salary
trocr_data/train_images/train_05966.png,"reductions in tax save for wives , children ,"
trocr_data/train_images/train_05967.png,drawn between ordinary wage-earners and those
trocr_data/train_images/train_05968.png,He had long sensed injustice in the distinctions
trocr_data/train_images/train_05969.png,encumbrances which Cecil had so far avoided .
trocr_data/train_images/train_05970.png,life-insurances or any of the other normal
trocr_data/train_images/train_05971.png,"arrived , the Inland Revenue had already taken"
trocr_data/train_images/train_05972.png,postponed demanding the tax until her financial year
trocr_data/train_images/train_05973.png,"process could , and often did take several years ."
trocr_data/train_images/train_05974.png,"was ended , audited and agreed by the Inspector . The"
trocr_data/train_images/train_05975.png,"to claim relief on the most unlikely purchases , but also"
trocr_data/train_images/train_05976.png,provisions of Schedule D taxation which not only allowed her
trocr_data/train_images/train_05977.png,He read the film star's sorry story and frowned at the
trocr_data/train_images/train_05978.png,At one point the astute Miss Cheesecake
trocr_data/train_images/train_05979.png,"chase of several mink coats which ,"
trocr_data/train_images/train_05980.png,to a depreciation tax allowance
trocr_data/train_images/train_05981.png,as plant and machinery . The
trocr_data/train_images/train_05982.png,that the warm coats were heating
trocr_data/train_images/train_05983.png,had claimed tax relief on the pur-
trocr_data/train_images/train_05984.png,"it seemed , were necessary to fur-"
trocr_data/train_images/train_05985.png,appliances and therefore susceptible
trocr_data/train_images/train_05986.png,"was reported , she tearfully claimed"
trocr_data/train_images/train_05987.png,"ther her career . Alternatively , it"
trocr_data/train_images/train_05988.png,"three of which were in her husband's name ,"
trocr_data/train_images/train_05989.png,"Royce and a Sussex manor house , all"
trocr_data/train_images/train_05990.png,agreement had been delayed long enough for
trocr_data/train_images/train_05991.png,"Discounting one chinchilla jacket , a Rolls-"
trocr_data/train_images/train_05992.png,by rights should have been reserved for her tax .
trocr_data/train_images/train_05993.png,Miss Cheesecake to spend all the money which
trocr_data/train_images/train_05994.png,she now declared herself bankrupt .
trocr_data/train_images/train_05995.png,"Between all the interested parties , the final"
trocr_data/train_images/train_05996.png,"and Cecil , with a further six stops"
trocr_data/train_images/train_05997.png,tax relief for a jacket used
trocr_data/train_images/train_05998.png,had had with the Inland Reve-
trocr_data/train_images/train_05999.png,The train drew into another station
trocr_data/train_images/train_06000.png,"is a condition of your employment , '"
trocr_data/train_images/train_06001.png,nue in an effort to obtain
trocr_data/train_images/train_06002.png,solely in the office . ' If the jacket
trocr_data/train_images/train_06003.png,"to go , was left almost alone in the"
trocr_data/train_images/train_06004.png,qualify for relief . '
trocr_data/train_images/train_06005.png,"the Inspector had written , ' it may"
trocr_data/train_images/train_06006.png,coach . He fumed as he recol-
trocr_data/train_images/train_06007.png,lected the long correspondence he
trocr_data/train_images/train_06008.png,"It was a new briefcase , and as the train jogged along"
trocr_data/train_images/train_06009.png,' It 's not mine . I wasn't sitting there . ' She blinked
trocr_data/train_images/train_06010.png,the shiny clasp twinkled invitingly at Cecil .
trocr_data/train_images/train_06011.png,He wondered what it contained . Probably the remains
trocr_data/train_images/train_06012.png,of someone's lunch or a few secret files .
trocr_data/train_images/train_06013.png,He smiled at his own joke .
trocr_data/train_images/train_06014.png,disdainfully at him and stepped out .
trocr_data/train_images/train_06015.png,when he shook the case there was a rustling thud
trocr_data/train_images/train_06016.png,five thousand at least . ' He felt in his jacket pocket
trocr_data/train_images/train_06017.png,"his own briefcase key , a suitcase key and a"
trocr_data/train_images/train_06018.png,It was locked . Eager fingers felt bulky contents and
trocr_data/train_images/train_06019.png,and pulled out a key ring . In succession he tried
trocr_data/train_images/train_06020.png,"of wads of paper . ' Cor ! ' he muttered aloud , ' there 's"
trocr_data/train_images/train_06021.png,device designed to lock typewriters .
trocr_data/train_images/train_06022.png,bent wire loop into the lock and
trocr_data/train_images/train_06023.png,There was a click and the
trocr_data/train_images/train_06024.png,briefcase opened . Cecil thrust an
trocr_data/train_images/train_06025.png,Cecil searched in his pockets once
trocr_data/train_images/train_06026.png,pound notes .
trocr_data/train_images/train_06027.png,paper-clips . After a few seconds
trocr_data/train_images/train_06028.png,"of twisting , he roughly thrust a"
trocr_data/train_images/train_06029.png,more and came up with two
trocr_data/train_images/train_06030.png,waggled it around vigorously .
trocr_data/train_images/train_06031.png,groping after wads of five
trocr_data/train_images/train_06032.png,"eager hand inside , his fingers"
trocr_data/train_images/train_06033.png,"They closed on a single bundle and , fumbling with"
trocr_data/train_images/train_06034.png,"side . ' Old fashioned fivers ! ' he muttered again , and"
trocr_data/train_images/train_06035.png,rested on a wad of stiff white paper printed on one
trocr_data/train_images/train_06036.png,alone on polite request .
trocr_data/train_images/train_06037.png,"break their promise to pay on rude demand , let"
trocr_data/train_images/train_06038.png,"nervous excitement , he pulled it out . His eye"
trocr_data/train_images/train_06039.png,Govr. and Compa. of the Bank of England would never
trocr_data/train_images/train_06040.png,tried to recall if they were still legal tender . Surely the
trocr_data/train_images/train_06041.png,"bore , in large Baskerville type , the words METROPOLITAN"
trocr_data/train_images/train_06042.png,glowered at his own breach of social morality .
trocr_data/train_images/train_06043.png,COURSE NO. 3 . He ruffled the sheets irritably and
trocr_data/train_images/train_06044.png,Cecil frowned in disappointment as he focussed upon the
trocr_data/train_images/train_06045.png,MONOTECHNIC INSTITUTE ADVANCED ACCOUNTANCY
trocr_data/train_images/train_06046.png,"at all . He was holding a paper booklet , the top sheet of which"
trocr_data/train_images/train_06047.png,"printing to find no Govr. , no Compa. , in fact no five pound notes"
trocr_data/train_images/train_06048.png,briefcase at the ticket-collector with the firm
trocr_data/train_images/train_06049.png,guilt-symbol upon the ticket-collector and then
trocr_data/train_images/train_06050.png,"He climbed the stairs , eager to unload the"
trocr_data/train_images/train_06051.png,intention of playing the dutiful citizen
trocr_data/train_images/train_06052.png,fumbled for his contract before thrusting the
trocr_data/train_images/train_06053.png,"to emerge carrying his shame unseen , but burning ,"
trocr_data/train_images/train_06054.png,into the night . He reached the barrier and
trocr_data/train_images/train_06055.png,retrieving lost property .
trocr_data/train_images/train_06056.png,into the darkness .
trocr_data/train_images/train_06057.png,"stretched out a hand . ' Watch your step there , sir ! Your briefcase"
trocr_data/train_images/train_06058.png,is hanging open . You 'll have someone shoving their hot
trocr_data/train_images/train_06059.png,"little hands inside . Here , I 'll do it . ' The collector pressed the twinkling"
trocr_data/train_images/train_06060.png,"Before he could open his mouth , the collector"
trocr_data/train_images/train_06061.png,"catch home with a click . Cecil , irretrievably laden with"
trocr_data/train_images/train_06062.png,Sentence Database
trocr_data/train_images/train_06063.png,"both briefcase and conscience , stumbled away"
trocr_data/train_images/train_06064.png,Trunk and Greppes Tannin-free Tea .
trocr_data/train_images/train_06065.png,they had once obtained as a free gift in exchange
trocr_data/train_images/train_06066.png,and the polished brass fourteen-pounder shell-case
trocr_data/train_images/train_06067.png,case into hiding between the do-it-yourself cupboard
trocr_data/train_images/train_06068.png,the hall as he opened the front door . He nodded irritably
trocr_data/train_images/train_06069.png,"brella stand . ' You 're later than usual , aren't you ? '"
trocr_data/train_images/train_06070.png,His mother tidied her grey hair in the hall-mirror
trocr_data/train_images/train_06071.png,"and , turning his back to her , contrived to slide the brief-"
trocr_data/train_images/train_06072.png,for the labels from half a hundredweight of
trocr_data/train_images/train_06073.png,"' HELLO , CECIL . HAD a busy day ? ' His mother came into"
trocr_data/train_images/train_06074.png,which served respectively as coat cupboard and um-
trocr_data/train_images/train_06075.png,"easy on the immersion heater . ' What is it ,"
trocr_data/train_images/train_06076.png,"fuss , mother ! I 'm quite well and no more"
trocr_data/train_images/train_06077.png,"tired than usual , and we finished the gin"
trocr_data/train_images/train_06078.png,asked solicitously . ' You do look tired .
trocr_data/train_images/train_06079.png,Cecil ? Don't you feel well ? ' his mother
trocr_data/train_images/train_06080.png,in tax-free champagne whilst he had to go
trocr_data/train_images/train_06081.png,inequity of Miss Cheesecake well-nigh bathing
trocr_data/train_images/train_06082.png,"last week , you know that . '"
trocr_data/train_images/train_06083.png,Go and get yourself a drink . ' ' Don't
trocr_data/train_images/train_06084.png,Cecil gritted his teeth and glowered at the
trocr_data/train_images/train_06085.png,Nobody 's tired . Now just you run along
trocr_data/train_images/train_06086.png,Cecil stepped towards the dining room . ' I 'm
trocr_data/train_images/train_06087.png,dinner ready . '
trocr_data/train_images/train_06088.png,and I 'm NOT irritable . ' ' Very well then . ' His
trocr_data/train_images/train_06089.png,upstairs and wash your hands whilst I get
trocr_data/train_images/train_06090.png,"sure you must be tired , ' his mother insisted ."
trocr_data/train_images/train_06091.png,mother nodded with understanding . ' You 're not tired .
trocr_data/train_images/train_06092.png,"' You 're very irritable , anyway . ' ' I 'm NOT tired"
trocr_data/train_images/train_06093.png,of a mother who had failed to realise that a son
trocr_data/train_images/train_06094.png,the treads . ' And don't wipe the dirt off on the
trocr_data/train_images/train_06095.png,"climb the stairs , stamping with unnecessary vigour upon"
trocr_data/train_images/train_06096.png,Cecil wriggled irritably under the misplaced management
trocr_data/train_images/train_06097.png,towel like you did yesterday .
trocr_data/train_images/train_06098.png,who is nearly bald is no longer a baby . He started to
trocr_data/train_images/train_06099.png,against the brass umbrella stand . ' Well now ! ' She hurried
trocr_data/train_images/train_06100.png,towards it and picked it up .
trocr_data/train_images/train_06101.png,a tinkle and a thud from beside the coat cupboard . Cecil's
trocr_data/train_images/train_06102.png,mother turned around in time to see the briefcase collapse
trocr_data/train_images/train_06103.png,you know how she has a good look round everywhere . ' There was
trocr_data/train_images/train_06104.png,Your Auntie Edie 's coming in for a cup of tea later and
trocr_data/train_images/train_06105.png,what it 's all about . ' Cecil halted in
trocr_data/train_images/train_06106.png,you 'd been extravagant . '
trocr_data/train_images/train_06107.png,What 's all about ? ' he hissed without
trocr_data/train_images/train_06108.png,irritable . You thought that I 'd think
trocr_data/train_images/train_06109.png,briefcase . ' So that 's why you are so
trocr_data/train_images/train_06110.png,' What have we here ? A new briefcase ! So THAT 'S
trocr_data/train_images/train_06111.png,turning round . She pointed to the
trocr_data/train_images/train_06112.png,clenched his fists . ' So that 's what
trocr_data/train_images/train_06113.png,mid-step near the top of the stairs and
trocr_data/train_images/train_06114.png,after him . ' Mother knows her boy .
trocr_data/train_images/train_06115.png,"the stairs and , snatching the case , ran back"
trocr_data/train_images/train_06116.png,Arnold Olner
trocr_data/train_images/train_06117.png,' But I 'm NOT irritable ! ' He rushed down
trocr_data/train_images/train_06118.png,upstairs with it . ' And I 've NOT been
trocr_data/train_images/train_06119.png,"extravagant . ' "" Naughty ! ' she called"
trocr_data/train_images/train_06120.png,after layer of illusion to be peeled off and
trocr_data/train_images/train_06121.png,"a buyer of property . No , not even an"
trocr_data/train_images/train_06122.png,In spite of all the transferred maternity
trocr_data/train_images/train_06123.png,that innocence was colossal . It had layer
trocr_data/train_images/train_06124.png,"infant-in-arms but a new-born babe , a"
trocr_data/train_images/train_06125.png,premature piece of frailty in an oxygen-
trocr_data/train_images/train_06126.png,tent of utter innocence . The complexity of
trocr_data/train_images/train_06127.png,"she was endowed with by her patients ,"
trocr_data/train_images/train_06128.png,poor Serena was an infant-in-arms as
trocr_data/train_images/train_06129.png,replaced with sad knowledgeability .
trocr_data/train_images/train_06130.png,holiday while the whole transaction was
trocr_data/train_images/train_06131.png,"It was a nakedness of nai""vety to be"
trocr_data/train_images/train_06132.png,"day , choose one , make an offer , put it in"
trocr_data/train_images/train_06133.png,put through .
trocr_data/train_images/train_06134.png,of experience . Her first illusion consisted in
trocr_data/train_images/train_06135.png,clothed leaf by leaf with the disappointment
trocr_data/train_images/train_06136.png,the belief that all she need do was to go to
trocr_data/train_images/train_06137.png,"an agent , visit half a dozen houses in one"
trocr_data/train_images/train_06138.png,the hands of a lawyer and go away on her
trocr_data/train_images/train_06139.png,"on a small pink terraced cottage , two beds ,"
trocr_data/train_images/train_06140.png,first thing she did was to make an offer
trocr_data/train_images/train_06141.png,"two inter-comm. rec. , mod. k. and b. , sep. W.C."
trocr_data/train_images/train_06142.png,"Fortunately , however , the fashion for Victorian"
trocr_data/train_images/train_06143.png,at last and therefore saved the situation for
trocr_data/train_images/train_06144.png,"the affluent middle-class , who now had plenty"
trocr_data/train_images/train_06145.png,architecture which Mr. John Betjeman had
trocr_data/train_images/train_06146.png,"Serena discovered , and more , but in stages . For the"
trocr_data/train_images/train_06147.png,of lovely-ugly to be coldly elegant in . All this
trocr_data/train_images/train_06148.png,started several decades before had caught on
trocr_data/train_images/train_06149.png,"small back yard , newly dec. , near shops and tube"
trocr_data/train_images/train_06150.png,red pounds . The lawyer said :
trocr_data/train_images/train_06151.png,seemed to her the princely sum of six hund-
trocr_data/train_images/train_06152.png,she could not afford to buy a house at all .
trocr_data/train_images/train_06153.png,to save the ten percent needed . Or so she
trocr_data/train_images/train_06154.png,And this in spite of having at last managed
trocr_data/train_images/train_06155.png,The next thing that Serena discovered was that
trocr_data/train_images/train_06156.png,"thought , being then in possession of what"
trocr_data/train_images/train_06157.png,""" Of course you must count about two hundred"
trocr_data/train_images/train_06158.png,tered . I take it you have a mortgage lined
trocr_data/train_images/train_06159.png,"then ? """
trocr_data/train_images/train_06160.png,"maybe less , depending on the price of the"
trocr_data/train_images/train_06161.png,"up , then , Mrs. - er - Buttery ? "" "" Not yet ,"
trocr_data/train_images/train_06162.png,"sure . "" "" Er , yes . You have some securities ,"
trocr_data/train_images/train_06163.png,"for legal charges and stamp duties ,"
trocr_data/train_images/train_06164.png,"house , and whether it has been regis-"
trocr_data/train_images/train_06165.png,"but the bank would give me a loan , I 'm"
trocr_data/train_images/train_06166.png,and yellow sleepy dust in the corners of his pale
trocr_data/train_images/train_06167.png,with the finger-nail of the opposite hand .
trocr_data/train_images/train_06168.png,tried to make up for it by constantly paring them
trocr_data/train_images/train_06169.png,"suit , cigarette ash down the front , an ashen face"
trocr_data/train_images/train_06170.png,"His aspect was as dusty as his office , with scurf"
trocr_data/train_images/train_06171.png,"grey eyes . His finger-nails were dirty , though he"
trocr_data/train_images/train_06172.png,from dusty hair on the dusty shoulders of his black
trocr_data/train_images/train_06173.png,"they 're not - money-lenders ? "" "" Mrs. - er - Buttery ,"
trocr_data/train_images/train_06174.png,"dazzled and gave a long raucous cough . "" Only"
trocr_data/train_images/train_06175.png,"cigarettes worth smoking , these . Most unhealthy , English"
trocr_data/train_images/train_06176.png,"this property ... . "" "" But , they 're safe , are they ? I mean ,"
trocr_data/train_images/train_06177.png,""" Yes , well ... . "" He judged that she had been sufficiently"
trocr_data/train_images/train_06178.png,all mortgage companies are money-lenders .
trocr_data/train_images/train_06179.png,"some people who might , I say might , let you have a mortgage on"
trocr_data/train_images/train_06180.png,"ones . Well , now , let me see . I think I can put you onto"
trocr_data/train_images/train_06181.png,them . The little man from the Inter-Insular
trocr_data/train_images/train_06182.png,"Buttery . I think , however , that you might have"
trocr_data/train_images/train_06183.png,"property you intend to purchase . "" She revised"
trocr_data/train_images/train_06184.png,saw to that .
trocr_data/train_images/train_06185.png,( British Archipelago ) Insurance Company soon
trocr_data/train_images/train_06186.png,""" I know what you mean . You may trust me , Mrs."
trocr_data/train_images/train_06187.png,"That 's rather the point , isn't it ? "" "" No , but I mean - """
trocr_data/train_images/train_06188.png,to revise your ideas about - er - the type of
trocr_data/train_images/train_06189.png,""" you must be living in the nineteenth century . """
trocr_data/train_images/train_06190.png,"reasons , or you might leave him . "" "" But how"
trocr_data/train_images/train_06191.png,"or building societies , for that matter , will"
trocr_data/train_images/train_06192.png,""" Oh , but it 's a very general rule , Mrs. Buttery ,"
trocr_data/train_images/train_06193.png,"might stop work to have - well , for all sorts of"
trocr_data/train_images/train_06194.png,"at all . It 's a rule of I.I.I. You see , you"
trocr_data/train_images/train_06195.png,"you 'll find that no insurance companies ,"
trocr_data/train_images/train_06196.png,"utterly extraordinary , "" said Serena angrily ,"
trocr_data/train_images/train_06197.png,allow for the wife's earnings .
trocr_data/train_images/train_06198.png,I 'm afraid we can't take yours into account
trocr_data/train_images/train_06199.png,"difficult with self-employed persons , carry two ."
trocr_data/train_images/train_06200.png,"that would come to ... three , carry seven , six"
trocr_data/train_images/train_06201.png,""" Clacton's . "" "" Well , I 'm damned . "" "" Now , let me see ,"
trocr_data/train_images/train_06202.png,"you say your husband earns about ... yes ,"
trocr_data/train_images/train_06203.png,nines are fifty four - of course we 'd have to
trocr_data/train_images/train_06204.png,"Our lawyers - "" "" Who are your lawyers ? """
trocr_data/train_images/train_06205.png,"have some sort of proof , you know , it 's very"
trocr_data/train_images/train_06206.png,Yes . I 'm afraid we couldn't raise this loan to more
trocr_data/train_images/train_06207.png,"before the green belt , lovely and modern , you know ."
trocr_data/train_images/train_06208.png,"Grimstead for three thousand , that 's where I live , just"
trocr_data/train_images/train_06209.png,"house built earlier than 1918 . """
trocr_data/train_images/train_06210.png,could get quite a nice little semi-detached house in
trocr_data/train_images/train_06211.png,"I forgot to tell you , we don't usually lend any"
trocr_data/train_images/train_06212.png,than three thousand three fifty at the most . Now you
trocr_data/train_images/train_06213.png,"and some in West Hampstead for four two fifty ,"
trocr_data/train_images/train_06214.png,"had gone , "" we can get three thousand three fifty ,"
trocr_data/train_images/train_06215.png,a bit . I 'm sure you could raise the rest from
trocr_data/train_images/train_06216.png,and write them later . I 've got a bit owing too .
trocr_data/train_images/train_06217.png,perhaps a little more if we can cheat your earnings
trocr_data/train_images/train_06218.png,"Now , I saw some flats in Hendon for four thou ,"
trocr_data/train_images/train_06219.png,""" You see , "" she propounded to Rupert after her last patient"
trocr_data/train_images/train_06220.png,our own bathroom .
trocr_data/train_images/train_06221.png,"one of your publishers , get two books commissioned"
trocr_data/train_images/train_06222.png,"two beds , two reception , k. and b. , just think ,"
trocr_data/train_images/train_06223.png,"Much more spacious than that poky little cottage ,"
trocr_data/train_images/train_06224.png,reception room was too small when divided
trocr_data/train_images/train_06225.png,and too big when not .
trocr_data/train_images/train_06226.png,"which wasn't a bit practical really , the"
trocr_data/train_images/train_06227.png,"Vence is a sober spot , half way between small"
trocr_data/train_images/train_06228.png,tree-heavy square you can sit in the autumn
trocr_data/train_images/train_06229.png,sip pastis and read the local newspapers .
trocr_data/train_images/train_06230.png,"sunshine , still burning like a half-cooled iron ,"
trocr_data/train_images/train_06231.png,"town and village , pigeon grey , sly with arches , and"
trocr_data/train_images/train_06232.png,linked by a whispering plot of fountains . In the main
trocr_data/train_images/train_06233.png,had firmly closed the door in our noses .
trocr_data/train_images/train_06234.png,"hunting for furnished rooms , and had given up , when an"
trocr_data/train_images/train_06235.png,is a smart but modest bar called Pierre's Bar . For one
trocr_data/train_images/train_06236.png,"elderly lady , the owner of a residence called the Poet's Nest ,"
trocr_data/train_images/train_06237.png,of our arrival it was throwing huge over-ripe verbal
trocr_data/train_images/train_06238.png,tomatoes at General de Gaulle . One side of this square
trocr_data/train_images/train_06239.png,"day , with the help of the Syndicat d'Initiative , we had been"
trocr_data/train_images/train_06240.png,"One called La Patriote is Communist , and at the time"
trocr_data/train_images/train_06241.png,she decided Pierre would solve our problems . This
trocr_data/train_images/train_06242.png,"yellow as lemon peel , wrestling with some gnawing rat"
trocr_data/train_images/train_06243.png,"a good address . ' Now , after a woman's radar look ,"
trocr_data/train_images/train_06244.png,accumulation of money .
trocr_data/train_images/train_06245.png,"was true , Pierre was a true Provenc?6al , thin and"
trocr_data/train_images/train_06246.png,"of an illness , man of all trades , married to a commanding"
trocr_data/train_images/train_06247.png,lady who loved small talk and the discreet
trocr_data/train_images/train_06248.png,"' It is a pity , ' said Mart , ' because it would have been"
trocr_data/train_images/train_06249.png,"month . ' Yes , ' we said immediately , even before viewing ."
trocr_data/train_images/train_06250.png,"elderly , well-off , artistic , who , you felt , had made a hard"
trocr_data/train_images/train_06251.png,"We went in . There were a few people in the bar ,"
trocr_data/train_images/train_06252.png,"Pierre , ' and all mod cons . ' The price was 16,000 francs a"
trocr_data/train_images/train_06253.png,"bargain for giving up . ' I have furnished rooms , ' said"
trocr_data/train_images/train_06254.png,We were shown around by Pierre .
trocr_data/train_images/train_06255.png,We were woken up twice about dawn by a soft
trocr_data/train_images/train_06256.png,first night's sleeping was like a long convalescence .
trocr_data/train_images/train_06257.png,The flat was on the third floor ; two rooms ; soft Provenc?
trocr_data/train_images/train_06258.png,6al view ; good intimate furnishing and colour ; running
trocr_data/train_images/train_06259.png,"hot water from Butagas installation for washing-up ,"
trocr_data/train_images/train_06260.png,eruption of turtle-doves .
trocr_data/train_images/train_06261.png,"basin and bidet ; own private , modern lavatory . The"
trocr_data/train_images/train_06262.png,shame .
trocr_data/train_images/train_06263.png,curling white breath of the mountains . The land looked
trocr_data/train_images/train_06264.png,' turtledove ' . Pierre Turtledove . When we woke up properly it
trocr_data/train_images/train_06265.png,looked out of the windows at the weeping trees and the
trocr_data/train_images/train_06266.png,"This was strange , even magic , because the owner's"
trocr_data/train_images/train_06267.png,"name was Pierre Tortorolo which , in Nicoison Italian means"
trocr_data/train_images/train_06268.png,like a beaten woman and the turtle-doves cried her
trocr_data/train_images/train_06269.png,"was raining , an even more hopeless rain than London , and we"
trocr_data/train_images/train_06270.png,We had a morning at Pierre's . He talked about people .
trocr_data/train_images/train_06271.png,"immolated on a nearby roof top , the other pair copulating ."
trocr_data/train_images/train_06272.png,The Lover of Lady Chatterly .
trocr_data/train_images/train_06273.png,"Four of them were flattened on the window sills , two"
trocr_data/train_images/train_06274.png,"four years . During this period he wrote a book ,"
trocr_data/train_images/train_06275.png,"There they were , in fact , below us , eight of them ."
trocr_data/train_images/train_06276.png,Marc Chagall used to live here and an Englishman named
trocr_data/train_images/train_06277.png,"Lawrence . He was here , near the railway station , three or"
trocr_data/train_images/train_06278.png,sat in the square reading the Patriote .
trocr_data/train_images/train_06279.png,sun came out ; Mart went shopping ; I
trocr_data/train_images/train_06280.png,"him , he was one of the crowd . The"
trocr_data/train_images/train_06281.png,reading . Lawrence died in this very place .
trocr_data/train_images/train_06282.png,"No , he hadn't read it ; Madame did all the"
trocr_data/train_images/train_06283.png,"again . No , he couldn't really remember"
trocr_data/train_images/train_06284.png,He used to come to Pierre's Bar again and
trocr_data/train_images/train_06285.png,There was a front-page rear-attack on de
trocr_data/train_images/train_06286.png,"ingenious , but mad film director of the"
trocr_data/train_images/train_06287.png,Raphael . All the murders were well documented
trocr_data/train_images/train_06288.png,Thirties .
trocr_data/train_images/train_06289.png,the Mediterranean between Corsica and St
trocr_data/train_images/train_06290.png,"Gaulle , and the rest of the paper was given up"
trocr_data/train_images/train_06291.png,"to murders , apart for an outcry against a"
trocr_data/train_images/train_06292.png,and had the air of being written by an
trocr_data/train_images/train_06293.png,proposal to drop radio-active material into
trocr_data/train_images/train_06294.png,"Monsieur H , for instance , had been clubbed and"
trocr_data/train_images/train_06295.png,"Then again , Monsieur V , owing to family"
trocr_data/train_images/train_06296.png,before the father-in-law telephoned the police .
trocr_data/train_images/train_06297.png,"father-in-law , after muddling up some sheep"
trocr_data/train_images/train_06298.png,They mostly occurred in lonely farm-houses .
trocr_data/train_images/train_06299.png,while the worse for drink . The family
trocr_data/train_images/train_06300.png,"troubles , had written to the local"
trocr_data/train_images/train_06301.png,group then sat down for a late lunch
trocr_data/train_images/train_06302.png,"throttled to death by his wife , children and"
trocr_data/train_images/train_06303.png,informing them that he was on the point
trocr_data/train_images/train_06304.png,"paper and the superintendent of police ,"
trocr_data/train_images/train_06305.png,which again left his household goods
trocr_data/train_images/train_06306.png,that the walls were porous and the
trocr_data/train_images/train_06307.png,"a few minutes later from a nearby village ,"
trocr_data/train_images/train_06308.png,actually reported in the next issue ) returned
trocr_data/train_images/train_06309.png,"apologising for the trouble , but explaining"
trocr_data/train_images/train_06310.png,"surrounded by firemen and other officials ,"
trocr_data/train_images/train_06311.png,gas had escaped . General relief was
trocr_data/train_images/train_06312.png,but there was no Monsieur V. He telephoned
trocr_data/train_images/train_06313.png,Monsieur V's house was immediately
trocr_data/train_images/train_06314.png,"expressed , but Monsieur V ( this was"
trocr_data/train_images/train_06315.png,"home and shot himself , leaving a note"
trocr_data/train_images/train_06316.png,an elderly farm labourer out for a shoot
trocr_data/train_images/train_06317.png,same afternoon .
trocr_data/train_images/train_06318.png,"ended well , reported the paper , since the"
trocr_data/train_images/train_06319.png,labourer was able to return to work the
trocr_data/train_images/train_06320.png,Some grim comic relief was provided by
trocr_data/train_images/train_06321.png,"labourer in the face . All , however ,"
trocr_data/train_images/train_06322.png,was after this very bird and shot the farm-
trocr_data/train_images/train_06323.png,pellets were easily removed and the
trocr_data/train_images/train_06324.png,a blackbird . Unfortunately a sporting taxi-driver
trocr_data/train_images/train_06325.png,who hid himself in a bush and imitated
trocr_data/train_images/train_06326.png,the hoe . Rising from the flecked sea are
trocr_data/train_images/train_06327.png,valley with a sea of vines and olives
trocr_data/train_images/train_06328.png,and beaches of earth pricked to blood by
trocr_data/train_images/train_06329.png,"towns , grey , rose-headed mariners clinging"
trocr_data/train_images/train_06330.png,islands tapering to shipwrecked castles and
trocr_data/train_images/train_06331.png,You can free-wheel down a quarter of the
trocr_data/train_images/train_06332.png,like limpets to the rock .
trocr_data/train_images/train_06333.png,We travelled down to Nice on the Lambretta .
trocr_data/train_images/train_06334.png,way . In the middle of the journey is a
trocr_data/train_images/train_06335.png,a muffled bell taps the sky . Here we
trocr_data/train_images/train_06336.png,heat and cold like the hands of
trocr_data/train_images/train_06337.png,"early smells , the dark bosoms of"
trocr_data/train_images/train_06338.png,"friends or strangers , and a flurry of"
trocr_data/train_images/train_06339.png,beech and the thin pine fingers
trocr_data/train_images/train_06340.png,kissed by the sun .
trocr_data/train_images/train_06341.png,"Cagnes , but between are pockets of"
trocr_data/train_images/train_06342.png,stopped . Down below is the village of
trocr_data/train_images/train_06343.png,"stopped , as in fine weather we always"
trocr_data/train_images/train_06344.png,There is a curd of morning smoke and
trocr_data/train_images/train_06345.png,"to the old sleeping port . This , and"
trocr_data/train_images/train_06346.png,"prostitutes , edging past grubby grandeur"
trocr_data/train_images/train_06347.png,"sea , blue as a new school exercise"
trocr_data/train_images/train_06348.png,"vulgar , out of time , bitter-sweet with"
trocr_data/train_images/train_06349.png,"book . The same old Nice , creamy ,"
trocr_data/train_images/train_06350.png,my tongue like spray .
trocr_data/train_images/train_06351.png,the ghosts of dead monarchs and brilliant
trocr_data/train_images/train_06352.png,"Then here was Nice , and the old holiday"
trocr_data/train_images/train_06353.png,could catch the taste of dead dreams on
trocr_data/train_images/train_06354.png,"Paris , were my ruined pavilions , and I"
trocr_data/train_images/train_06355.png,disaster .
trocr_data/train_images/train_06356.png,"in our eyes . The sea boiled with waves ,"
trocr_data/train_images/train_06357.png,over the Promenade des Anglais . A huge
trocr_data/train_images/train_06358.png,have a swim . Amazing bedlam rocked
trocr_data/train_images/train_06359.png,crowd had collected . There were firemen
trocr_data/train_images/train_06360.png,"Negresco , and went to the beach to"
trocr_data/train_images/train_06361.png,they galloped to the walls and spumed
trocr_data/train_images/train_06362.png,We parked the Lambretta opposite the
trocr_data/train_images/train_06363.png,eyes of the spectators were hard with
trocr_data/train_images/train_06364.png,"and policemen and ambulances , and the"
trocr_data/train_images/train_06365.png,Mediterranean people to whom nothing
trocr_data/train_images/train_06366.png,"love house , the mad grandmother or the"
trocr_data/train_images/train_06367.png,They all had that neat look of
trocr_data/train_images/train_06368.png,"could ever happen , the chosen sane , the"
trocr_data/train_images/train_06369.png,the bell would ring for them - the gilded
trocr_data/train_images/train_06370.png,bloody child at the crossroads .
trocr_data/train_images/train_06371.png,"the municipality . Yet , at any time now ,"
trocr_data/train_images/train_06372.png,"uncuckolded , unrobbed , sheltered from"
trocr_data/train_images/train_06373.png,"disease and accident by doctors , God and"
trocr_data/train_images/train_06374.png,The cool evening perfumes stood
trocr_data/train_images/train_06375.png,crowd and drove back to Vence .
trocr_data/train_images/train_06376.png,It was growing cold . We left the
trocr_data/train_images/train_06377.png,"I had to explain the low , sharp and"
trocr_data/train_images/train_06378.png,sweet signals in the air . When we
trocr_data/train_images/train_06379.png,"organs were impaired years ago ) , and"
trocr_data/train_images/train_06380.png,Mart is unable to smell ( her sense
trocr_data/train_images/train_06381.png,"London sickness ( a sense of guilt ,"
trocr_data/train_images/train_06382.png,got back home we felt exhausted .
trocr_data/train_images/train_06383.png,mingled with the memory of sandwiches
trocr_data/train_images/train_06384.png,beckoning at the corners of the roads .
trocr_data/train_images/train_06385.png,"opposite Pierre's , I read about the Nice"
trocr_data/train_images/train_06386.png,a woman's . It belonged to a Madame
trocr_data/train_images/train_06387.png,"sun . The next morning , in the square"
trocr_data/train_images/train_06388.png,"neighbourhood , and it transpired that"
trocr_data/train_images/train_06389.png,"Mart had been right , the body had been"
trocr_data/train_images/train_06390.png,arrangement with the dead lady's sister
trocr_data/train_images/train_06391.png,N. Enquiries had been made in the
trocr_data/train_images/train_06392.png,We went straight to bed and slept until
trocr_data/train_images/train_06393.png,the turtle-doves drummed up the
trocr_data/train_images/train_06394.png,Madame N's husband had made an
trocr_data/train_images/train_06395.png,beach catastrophe in the Patriote .
trocr_data/train_images/train_06396.png,"reported her to the police , and then jumped"
trocr_data/train_images/train_06397.png,"The sister , able to swim , had returned"
trocr_data/train_images/train_06398.png,off a cliff near Monte Carlo .
trocr_data/train_images/train_06399.png,to her brother-in-law ( with whom
trocr_data/train_images/train_06400.png,"to the shore , but instead of returning"
trocr_data/train_images/train_06401.png,confessed everything . Her fiance?2
trocr_data/train_images/train_06402.png,went to her fiance?2's house and
trocr_data/train_images/train_06403.png,"she had an illicit relationship ) , she"
trocr_data/train_images/train_06404.png,hair had just been done . She looked
trocr_data/train_images/train_06405.png,and so were her fashionable shoes . Her
trocr_data/train_images/train_06406.png,more than ever like a pink and gold
trocr_data/train_images/train_06407.png,down to visit my young friend Philip
trocr_data/train_images/train_06408.png,"to leave at eleven , but she arrived"
trocr_data/train_images/train_06409.png,"at his school in the country , we were"
trocr_data/train_images/train_06410.png,life .
trocr_data/train_images/train_06411.png,Renoir girl who expects everything from
trocr_data/train_images/train_06412.png,The day I promised to take Catherine
trocr_data/train_images/train_06413.png,"at nine . Her blue dress was new ,"
trocr_data/train_images/train_06414.png,thing from food to music .
trocr_data/train_images/train_06415.png,"tea , and talked mainly about Philip , who ,"
trocr_data/train_images/train_06416.png,she felt small flats were altogether more
trocr_data/train_images/train_06417.png,flat with a devotion which said that
trocr_data/train_images/train_06418.png,Catherine lives in a white house
trocr_data/train_images/train_06419.png,"being 15 , has pure stern tastes in every-"
trocr_data/train_images/train_06420.png,of the river . She helped me clean up my
trocr_data/train_images/train_06421.png,overlooking the sweeping brown tides
trocr_data/train_images/train_06422.png,romantic than large houses . We drank
trocr_data/train_images/train_06423.png,to read on the train . Catherine is 13 .
trocr_data/train_images/train_06424.png,to let nothing get between her and
trocr_data/train_images/train_06425.png,"ficult , but she said , ' Philip reads them ,"
trocr_data/train_images/train_06426.png,frowning face as she turned the
trocr_data/train_images/train_06427.png,Catherine looked at the books lying
trocr_data/train_images/train_06428.png,newspapers and watched her pretty
trocr_data/train_images/train_06429.png,I suggested she might find them dif-
trocr_data/train_images/train_06430.png,"pages of Babel , for she was determined"
trocr_data/train_images/train_06431.png,"around his room , and asked if she"
trocr_data/train_images/train_06432.png,might borrow the stories of Isaac Babel
trocr_data/train_images/train_06433.png,doesn't he ? ' During the journey I read
trocr_data/train_images/train_06434.png,"vilised and expensive , the two children"
trocr_data/train_images/train_06435.png,went to the pictures . Philip allowed
trocr_data/train_images/train_06436.png,towards each other as they talked . In
trocr_data/train_images/train_06437.png,the pictures just for the fun of it was
trocr_data/train_images/train_06438.png,Catherine's left hand she carried the
trocr_data/train_images/train_06439.png,"I followed , seeing how the sun gilded"
trocr_data/train_images/train_06440.png,it to be seen that he thought going to
trocr_data/train_images/train_06441.png,stories of Isaac Babel . After lunch we
trocr_data/train_images/train_06442.png,"walked together across green fields , and"
trocr_data/train_images/train_06443.png,their bright friendly heads turned
trocr_data/train_images/train_06444.png,"At the school , which is charming , ci-"
trocr_data/train_images/train_06445.png,chamber ; and Philip and I waited with
trocr_data/train_images/train_06446.png,Catherine in the dark until she had stopped
trocr_data/train_images/train_06447.png,"minals in New York . His goodness , how-"
trocr_data/train_images/train_06448.png,evening .
trocr_data/train_images/train_06449.png,"ever , was not enough to prevent one"
trocr_data/train_images/train_06450.png,serious of the two films that were
trocr_data/train_images/train_06451.png,For his sake we chose the more
trocr_data/train_images/train_06452.png,of them from being sent to the gas
trocr_data/train_images/train_06453.png,about a good priest who helped cri-
trocr_data/train_images/train_06454.png,showing in the little town . It was
trocr_data/train_images/train_06455.png,crying and could face the light of a golden
trocr_data/train_images/train_06456.png,"by her suffering arm , he said bitterly :"
trocr_data/train_images/train_06457.png,"rine stared at him , incredulous . Philip"
trocr_data/train_images/train_06458.png,even when its demonstrated to them . '
trocr_data/train_images/train_06459.png,"' Yes , why are you crying , he had to be"
trocr_data/train_images/train_06460.png,who had red eyes . Grasping Catherine
trocr_data/train_images/train_06461.png,"punished for his crime , didn't he ? ' Cathe-"
trocr_data/train_images/train_06462.png,At the entrance of the cinema the
trocr_data/train_images/train_06463.png,doorman was lying in wait for anyone
trocr_data/train_images/train_06464.png,rescued her by saying with disdain :
trocr_data/train_images/train_06465.png,' Some people don't know right from wrong
trocr_data/train_images/train_06466.png,to the next red-eyed emerger from the
trocr_data/train_images/train_06467.png,of the cruelty of the world . Finally Catherine
trocr_data/train_images/train_06468.png,about it . ' And Philip said : ' But we 've got
trocr_data/train_images/train_06469.png,you see ? '
trocr_data/train_images/train_06470.png,dark ; and we went on together to
trocr_data/train_images/train_06471.png,"the station , the children silent because"
trocr_data/train_images/train_06472.png,"said , her eyes wet again : ' I think its all"
trocr_data/train_images/train_06473.png,"if we don't it 'll just go on and on , don't"
trocr_data/train_images/train_06474.png,"absolutely beastly , and I can't bear to think"
trocr_data/train_images/train_06475.png,"to think about it , don't you see , because"
trocr_data/train_images/train_06476.png,The doorman turned his attention
trocr_data/train_images/train_06477.png,beside Catherine . She had the stories open
trocr_data/train_images/train_06478.png,In the train going back to London I sat
trocr_data/train_images/train_06479.png,I wish I went to that school . Did you notice
trocr_data/train_images/train_06480.png,that girl who said hullo to him in the garden ?
trocr_data/train_images/train_06481.png,"in front of her , but she said : ' Philip 's awfully lucky ."
